store_nbr,family,week,sales,robust_z
1,AUTOMOTIVE,2017-04-09,48.0,5.171095822653896
1,BEAUTY,2013-04-28,5.0,-5.395926075812762
1,BEAUTY,2013-06-02,4.0,-6.070416835289357
1,BEAUTY,2013-07-21,20.0,5.395926075812762
1,BEAUTY,2014-01-26,20.0,5.395926075812762
1,BEAUTY,2014-03-09,21.0,5.395926075812762
1,BEAUTY,2014-07-20,27.0,5.058680696074464
1,BEAUTY,2014-09-07,35.0,6.4076622150276545
1,BEAUTY,2015-12-06,26.0,6.7449075947659525
1,BEVERAGES,2013-12-15,7126.0,7.842488012459684
1,BEVERAGES,2013-12-22,7612.0,10.822510822510823
1,BEVERAGES,2014-01-05,9828.0,24.410433758875687
1,BEVERAGES,2014-01-12,13856.0,49.10905902407319
1,BEVERAGES,2014-01-19,13743.0,47.74168230258882
1,BEVERAGES,2014-01-26,12969.0,22.795832624629277
1,BEVERAGES,2014-02-02,11224.0,8.496544806404163
1,BEVERAGES,2014-07-06,12806.0,8.439228382571159
1,BEVERAGES,2014-07-13,13403.0,9.244570349386214
1,BEVERAGES,2014-07-20,13534.0,9.421286928369081
1,BEVERAGES,2014-07-27,12835.0,8.097936058276002
1,BEVERAGES,2014-09-07,13907.0,8.206892801170719
1,BEVERAGES,2014-09-14,13545.0,7.488247757026491
1,BEVERAGES,2015-05-31,13840.0,6.087139746681338
1,BEVERAGES,2015-06-07,15115.0,7.191780949185018
1,BEVERAGES,2015-06-14,13826.0,5.33491266138675
1,BEVERAGES,2015-06-21,14426.0,5.66102040075128
1,BEVERAGES,2016-04-24,22819.0,30.543817590308148
1,BREAD/BAKERY,2013-12-29,1498.313996,-6.110067117296997
1,BREAD/BAKERY,2014-01-05,1538.493,-5.463070629990558
1,BREAD/BAKERY,2015-12-27,1986.453,-5.95578414175642
1,BREAD/BAKERY,2016-01-03,1759.89,-8.098844650019998
1,BREAD/BAKERY,2016-02-14,2048.862005,-7.507227310325219
1,BREAD/BAKERY,2017-04-16,2150.7329799999998,-6.149111755884419
1,CELEBRATION,2014-03-16,96.0,15.513287467961689
1,CELEBRATION,2014-11-02,1392.0,58.86056027699088
1,CELEBRATION,2016-12-18,175.0,5.142992041009038
1,CELEBRATION,2016-12-25,206.0,7.588021044111696
1,CELEBRATION,2017-01-01,55.0,-5.142992041009038
1,CLEANING,2013-12-15,5001.0,6.122804467093364
1,CLEANING,2013-12-22,5363.0,8.100437567694643
1,CLEANING,2016-04-24,7102.0,7.056859571023878
1,CLEANING,2016-11-06,3210.0,-9.999717655030917
1,CLEANING,2016-11-13,5369.0,7.113524637735719
1,CLEANING,2016-12-18,5300.0,6.703780109432013
1,CLEANING,2017-04-16,3517.0,-5.557979050492204
1,DAIRY,2013-11-10,3640.0,5.4157640393267785
1,DAIRY,2013-11-17,3648.0,5.468665275364159
1,DAIRY,2013-11-24,3826.0,5.516988519821382
1,DAIRY,2013-12-01,4009.0,6.485488071890339
1,DAIRY,2013-12-22,5158.0,5.647206946990317
1,DAIRY,2016-11-06,3354.0,-7.17759978009056
1,DAIRY,2017-08-13,3946.0,-5.002473132784748
1,DELI,2017-08-13,744.402,-6.861276449165575
1,EGGS,2015-07-12,872.0,-5.073343538671782
1,EGGS,2016-11-06,669.0,-7.515754177024918
1,EGGS,2017-04-02,1116.0,5.089339366959764
1,FROZEN FOODS,2013-12-08,1128.115,8.715121874344186
1,FROZEN FOODS,2013-12-15,1321.23,8.613312807014015
1,FROZEN FOODS,2013-12-22,3879.05503,48.0904871851297
1,FROZEN FOODS,2013-12-29,2610.083,17.597879888992562
1,FROZEN FOODS,2014-10-05,987.79,5.202430178839932
1,FROZEN FOODS,2014-10-12,556.835,-5.219770081118339
1,FROZEN FOODS,2014-12-07,1158.4859999999999,7.738912320088864
1,FROZEN FOODS,2014-12-14,1402.044,9.593461706306263
1,FROZEN FOODS,2014-12-21,3709.46403,39.74095158104117
1,FROZEN FOODS,2014-12-28,2704.664,23.979665853883457
1,FROZEN FOODS,2015-05-10,977.168,7.798766623308706
1,FROZEN FOODS,2015-12-06,1417.931,6.239924592947333
1,FROZEN FOODS,2015-12-13,1525.49001,6.642314676155116
1,FROZEN FOODS,2015-12-20,9247.51897,76.93901849866296
1,FROZEN FOODS,2015-12-27,3794.854,21.256772657828055
1,FROZEN FOODS,2016-12-18,3635.21797,31.92396813278835
1,FROZEN FOODS,2016-12-25,5586.20103,53.10608810066944
1,FROZEN FOODS,2017-01-01,1609.127,5.294225316224578
1,GROCERY I,2013-12-15,18719.0,5.611896023428421
1,GROCERY I,2013-12-22,21148.0,6.163335611502615
1,GROCERY I,2014-12-14,19260.0,7.069384218478524
1,GROCERY I,2014-12-21,21539.0,10.492913039964405
1,GROCERY I,2015-12-20,22958.0,7.429173582640759
1,GROCERY I,2016-04-24,36956.0,18.3669730992445
1,GROCERY I,2016-11-06,13100.0,-5.637724649964748
1,GROCERY I,2016-12-18,24395.0,5.252921799143688
1,GROCERY I,2017-04-16,15421.0,-7.69435000141772
1,GROCERY II,2014-12-14,371.0,6.295247088448222
1,GROCERY II,2015-10-04,120.0,-20.909213543774452
1,GROCERY II,2015-10-11,90.0,-7.554296506137867
1,GROCERY II,2016-12-25,309.0,8.318719366878009
1,HOME AND KITCHEN I,2014-03-16,161.0,7.0821529745042495
1,HOME AND KITCHEN I,2016-08-14,796.0,26.860602597979703
1,HOME AND KITCHEN I,2017-01-22,326.0,5.0146921682825125
1,HOME AND KITCHEN II,2014-12-28,120.0,14.332928638877648
1,HOME AND KITCHEN II,2015-01-11,73.0,6.4076622150276545
1,HOME AND KITCHEN II,2015-01-25,85.0,8.093889113719143
1,HOME AND KITCHEN II,2015-06-07,387.0,38.108727910427625
1,HOME AND KITCHEN II,2015-06-14,145.0,10.791852151625523
1,HOME AND KITCHEN II,2015-08-30,241.0,24.551463644948065
1,HOME AND KITCHEN II,2015-09-06,148.0,5.6657223796034
1,HOME AND KITCHEN II,2015-09-13,168.0,7.01470389855659
1,HOME AND KITCHEN II,2015-09-27,239.0,11.803588290840416
1,HOME AND KITCHEN II,2015-10-04,406.0,23.067583974099556
1,HOME AND KITCHEN II,2015-10-11,312.0,12.45213709802945
1,HOME AND KITCHEN II,2016-04-24,496.0,8.318719366878007
1,HOME AND KITCHEN II,2016-10-09,213.0,5.010502784683278
1,HOME AND KITCHEN II,2016-10-16,277.0,11.177275442755006
1,HOME AND KITCHEN II,2016-11-06,105.0,-5.781349366942244
1,HOME APPLIANCES,2015-03-15,12.0,5.395926075812762
1,HOME APPLIANCES,2016-02-21,11.0,5.395926075812762
1,HOME CARE,2014-12-28,728.0,-6.657876529027036
1,HOME CARE,2015-01-04,465.0,-11.28780123947596
1,HOME CARE,2015-01-11,0.0,-20.43310241943803
1,HOME CARE,2015-01-18,0.0,-17.813473904125463
1,HOME CARE,2015-01-25,0.0,-17.709706094975218
1,HOME CARE,2015-02-01,0.0,-8.879255066534355
1,HOME CARE,2015-02-08,0.0,-8.417995063078026
1,HOME CARE,2016-04-24,2520.0,14.913740126204717
1,HOME CARE,2017-04-16,951.0,-5.910669023834374
1,LADIESWEAR,2014-03-16,85.0,10.791852151625523
1,LADIESWEAR,2016-05-08,143.0,5.058680696074464
1,LAWN AND GARDEN,2014-02-23,64.0,6.295247088448222
1,LAWN AND GARDEN,2016-01-24,29.0,-6.744907594765952
1,LAWN AND GARDEN,2016-12-18,113.0,6.520077341607086
1,LAWN AND GARDEN,2017-01-01,130.0,6.32335087009308
1,"LIQUOR,WINE,BEER",2013-05-12,738.0,5.958001708709925
1,"LIQUOR,WINE,BEER",2013-12-22,1102.0,7.633261277979028
1,"LIQUOR,WINE,BEER",2013-12-29,1217.0,9.229007708935852
1,"LIQUOR,WINE,BEER",2014-06-15,1151.0,14.064381392049002
1,"LIQUOR,WINE,BEER",2014-06-22,1252.0,16.387627341357273
1,"LIQUOR,WINE,BEER",2014-06-29,973.0,9.193059240273593
1,"LIQUOR,WINE,BEER",2014-12-07,1131.0,6.50758677198715
1,"LIQUOR,WINE,BEER",2014-12-21,1119.0,5.3616299355003925
1,"LIQUOR,WINE,BEER",2014-12-28,1273.0,6.992220873240704
1,"LIQUOR,WINE,BEER",2015-11-08,518.0,-5.3699841235252
1,"LIQUOR,WINE,BEER",2015-12-06,1336.0,9.410752025078208
1,"LIQUOR,WINE,BEER",2015-12-20,1123.0,5.974061012506986
1,"LIQUOR,WINE,BEER",2015-12-27,1391.0,6.78842312763541
1,"LIQUOR,WINE,BEER",2016-10-02,592.0,-5.086784477719322
1,"LIQUOR,WINE,BEER",2016-12-25,1878.0,8.064241168247644
1,MAGAZINES,2014-03-16,13.0,8.093889113719143
1,MAGAZINES,2015-01-11,0.0,-8.093889113719143
1,MAGAZINES,2015-10-04,34.0,6.070416835289357
1,MAGAZINES,2015-10-11,53.0,6.239039525158506
1,MEATS,2013-10-06,2617.07404,5.201304799433798
1,MEATS,2013-10-20,2792.40602,5.786806484623675
1,MEATS,2014-12-14,2542.075,5.084290493889489
1,MEATS,2015-12-27,1601.996,-9.019820032238478
1,MEATS,2016-01-03,1602.319,-9.01490129605874
1,MEATS,2016-11-20,2798.822,5.102815221712272
1,PERSONAL CARE,2015-09-20,1033.0,5.193578847969783
1,PERSONAL CARE,2016-04-24,2469.0,21.08516765494226
1,PERSONAL CARE,2016-11-06,686.0,-5.980484734025811
1,PERSONAL CARE,2016-12-18,1179.0,5.684993544159874
1,PERSONAL CARE,2017-01-15,1716.0,13.526274149503612
1,PET SUPPLIES,2014-11-02,46.0,5.395926075812762
1,PET SUPPLIES,2015-01-04,20.0,-7.4193983542425475
1,PET SUPPLIES,2015-01-11,0.0,-9.442870632672333
1,PET SUPPLIES,2015-01-18,0.0,-7.0821529745042495
1,PET SUPPLIES,2015-01-25,0.0,-6.913530284635101
1,PET SUPPLIES,2017-04-23,22.0,-6.4076622150276545
1,PLAYERS AND ELECTRONICS,2014-11-23,110.0,5.171095822653896
1,PLAYERS AND ELECTRONICS,2016-04-24,107.0,5.800620531498719
1,PLAYERS AND ELECTRONICS,2016-05-29,40.0,-5.620756328971626
1,POULTRY,2014-04-20,1778.35,-6.568297591763085
1,POULTRY,2014-09-07,2758.406,5.1707498610828475
1,POULTRY,2016-03-27,1550.8590000000002,-5.925663916640924
1,POULTRY,2016-08-14,1585.9089999999999,-7.048375838527368
1,POULTRY,2016-11-06,1559.693,-5.104102692359794
1,POULTRY,2017-04-16,1637.135,-5.541044260955864
1,PREPARED FOODS,2013-08-04,365.0,-7.130330885895435
1,PREPARED FOODS,2013-08-11,340.0,-6.340213139079995
1,PREPARED FOODS,2016-01-03,480.366,-7.152252323994472
1,PREPARED FOODS,2016-08-07,533.785,-5.987062700490855
1,PREPARED FOODS,2016-08-14,468.813,-11.09987002978332
1,PREPARED FOODS,2016-10-09,681.057997,6.499032335649558
1,PRODUCE,2014-01-05,9832.632,943.9625368561022
1,PRODUCE,2014-01-12,17539.1479,1311.2960639717014
1,PRODUCE,2014-01-19,16541.2745,1236.4370775064826
1,PRODUCE,2014-01-26,16268.6545,912.0045022258196
1,PRODUCE,2014-02-02,12757.1837,659.6614938413805
1,PRODUCE,2014-03-02,2387.437,93.0177113338253
1,PRODUCE,2014-03-09,14282.7721,331.19292063802175
1,PRODUCE,2014-07-06,13295.691,406.5858197515422
1,PRODUCE,2014-07-13,15407.146999999999,471.3202543443337
1,PRODUCE,2014-07-20,14998.89,458.8036373447139
1,PRODUCE,2014-07-27,15316.561,468.4816906417473
1,PRODUCE,2014-08-03,9527.994,290.9506027494696
1,PRODUCE,2014-09-07,16454.917,527.127921990326
1,PRODUCE,2014-09-14,15773.405999999999,481.8134603828655
1,PRODUCE,2015-01-04,8137.073,-10.985638052446982
1,PRODUCE,2015-01-11,26.0,-22.476702440333682
1,PRODUCE,2015-01-18,13.0,-22.495182067623663
1,PRODUCE,2015-01-25,25.0,-22.44157124734564
1,PRODUCE,2015-02-01,22.0,-8.227596020166105
1,PRODUCE,2015-02-08,42.0,-5.969268000994388
1,PRODUCE,2015-06-07,16628.712,2799.0880884931876
1,PRODUCE,2015-06-14,16289.4961,2741.8885909888036
1,PRODUCE,2015-06-21,17413.177,1675.0666782293654
1,PRODUCE,2015-06-28,16430.276,1580.3584436607507
1,PRODUCE,2015-07-05,17459.525,1305.928399058711
1,PRODUCE,2015-07-12,14763.8291,993.1761162822071
1,PRODUCE,2015-07-19,16797.776,753.4410719906472
1,PRODUCE,2016-11-06,11097.41,-9.816061014703582
1,PRODUCE,2017-08-13,14534.844,-7.204792131232621
1,SEAFOOD,2013-06-16,112.812,-6.505759034680395
1,SEAFOOD,2014-09-14,125.0669995,-5.30502441302032
1,SEAFOOD,2016-01-03,88.523,-6.311028442756485
1,SEAFOOD,2017-08-13,218.589,7.0522988340524275
2,AUTOMOTIVE,2014-04-13,19.0,-11.46634291110212
2,AUTOMOTIVE,2014-04-20,28.0,-5.395926075812762
2,AUTOMOTIVE,2014-05-04,26.0,-5.395926075812762
2,AUTOMOTIVE,2014-05-11,15.0,-12.140833670578713
2,AUTOMOTIVE,2014-11-09,71.0,6.969737847924817
2,AUTOMOTIVE,2015-08-23,53.0,5.73317145555106
2,AUTOMOTIVE,2016-04-10,25.0,-5.171095822653896
2,BEAUTY,2014-01-26,40.0,5.395926075812762
2,BEAUTY,2014-05-18,14.0,-5.395926075812762
2,BEAUTY,2017-05-21,156.0,7.787302404866145
2,BEVERAGES,2014-01-05,18610.0,21.82918223272042
2,BEVERAGES,2014-01-12,21269.0,27.929423489347176
2,BEVERAGES,2014-01-19,20752.0,18.977565502402125
2,BEVERAGES,2014-01-26,21087.0,12.767621958579168
2,BEVERAGES,2014-03-09,22271.0,6.234482155162042
2,BEVERAGES,2014-07-06,20617.0,10.74830540244841
2,BEVERAGES,2014-07-13,19931.0,10.084459403881777
2,BEVERAGES,2014-07-20,20030.0,10.180262252071422
2,BEVERAGES,2014-07-27,20018.0,10.135747797357041
2,BEVERAGES,2014-09-07,23480.0,7.738863294772516
2,BEVERAGES,2014-09-14,20629.0,5.089565797320807
2,BEVERAGES,2015-01-11,10702.0,-6.065533644270522
2,BEVERAGES,2015-01-18,10464.0,-6.171711760498521
2,BEVERAGES,2015-05-17,13980.0,6.35397140830315
2,BEVERAGES,2015-05-24,13570.0,5.5385422811747285
2,BEVERAGES,2015-05-31,21137.0,18.221317532128914
2,BEVERAGES,2015-06-07,23668.0,22.236383172495813
2,BEVERAGES,2015-06-14,22001.0,11.621839283795826
2,BEVERAGES,2015-06-21,21940.0,9.153226873519106
2,BEVERAGES,2015-06-28,21996.0,5.497467593784875
2,BEVERAGES,2016-04-24,32687.0,13.706334596756882
2,BEVERAGES,2017-08-13,18226.0,-9.967246070680051
2,BREAD/BAKERY,2013-12-29,1651.196,-12.144000566333796
2,CELEBRATION,2016-12-25,267.0,6.467176105569707
2,CLEANING,2013-12-15,7582.0,5.046916322362663
2,CLEANING,2014-07-06,7935.0,6.203790714281904
2,CLEANING,2014-09-07,8224.0,5.679590413910396
2,CLEANING,2014-10-05,8750.0,12.398899700291498
2,CLEANING,2015-12-06,7862.0,10.96284980895762
2,CLEANING,2015-12-20,7809.0,10.221859960518541
2,CLEANING,2016-01-10,8252.0,7.661391222146364
2,CLEANING,2016-04-24,10409.0,5.000928316034714
2,CLEANING,2017-01-08,8912.0,6.917767035636838
2,CLEANING,2017-02-05,7776.0,6.752572262487277
2,CLEANING,2017-03-05,7876.0,7.052827289309616
2,DAIRY,2013-11-10,5054.0,9.758848285760466
2,DAIRY,2013-11-17,5140.0,10.129514378806164
2,DAIRY,2013-11-24,5470.0,6.549750369942775
2,DAIRY,2013-12-01,5505.0,6.520077341607087
2,DAIRY,2013-12-08,5777.0,5.244705727602707
2,DAIRY,2013-12-15,5892.0,5.24369725856978
2,DAIRY,2013-12-22,6379.0,5.184054338686108
2,DAIRY,2015-07-05,7663.0,5.151545365857474
2,DAIRY,2016-12-18,8926.0,6.430346881826194
2,DELI,2013-09-08,1561.374,8.329973453934933
2,EGGS,2013-12-29,1084.0,-5.655345598688376
2,EGGS,2014-01-05,1528.0,5.862881216988867
2,EGGS,2014-07-06,1470.0,5.147429480216121
2,EGGS,2015-02-15,1119.0,-5.839162860611667
2,EGGS,2016-01-10,1424.0,5.395926075812762
2,EGGS,2017-01-08,1564.0,5.2547535912711485
2,FROZEN FOODS,2013-12-15,1679.224,12.259197423286315
2,FROZEN FOODS,2013-12-22,5877.169,77.39615836066365
2,FROZEN FOODS,2013-12-29,5035.3820000000005,44.92204517862339
2,FROZEN FOODS,2014-01-05,1583.588,6.173687955853761
2,FROZEN FOODS,2014-12-14,2087.3910100000003,11.502147582875851
2,FROZEN FOODS,2014-12-21,3676.2690000000002,26.426417140937353
2,FROZEN FOODS,2014-12-28,4387.55404,32.82387274230932
2,FROZEN FOODS,2015-01-04,2287.491,12.370483898767306
2,FROZEN FOODS,2015-12-06,1742.952,10.787057973602023
2,FROZEN FOODS,2015-12-13,2231.43501,17.777728156842624
2,FROZEN FOODS,2015-12-20,6044.4130000000005,71.92673804473597
2,FROZEN FOODS,2015-12-27,7058.57204,81.08632032136032
2,FROZEN FOODS,2016-01-03,3135.199,18.345894546272316
2,FROZEN FOODS,2016-12-11,1713.924,9.214796649480183
2,FROZEN FOODS,2016-12-18,4388.97796,35.34824569752929
2,FROZEN FOODS,2016-12-25,9655.032000000001,46.48697673039758
2,FROZEN FOODS,2017-01-01,2919.082,9.425733388711315
2,GROCERY I,2013-12-22,29910.0,7.808609217022281
2,GROCERY I,2014-07-06,26984.0,5.437019000234655
2,GROCERY I,2014-09-07,27916.0,13.197264980602297
2,GROCERY I,2014-10-05,28731.0,8.355294623372751
2,GROCERY I,2015-07-05,30882.0,6.376103473070493
2,GROCERY I,2015-11-15,56620.0,13.07105968869725
2,GROCERY I,2015-12-13,45545.0,5.477053635693863
2,GROCERY I,2016-04-24,76054.0,11.863540266701145
2,GROCERY I,2016-05-01,88396.0,14.90954748745117
2,GROCERY I,2016-05-08,146331.0,29.205921557196348
2,GROCERY I,2016-12-18,43247.0,7.045357539307208
2,GROCERY II,2014-07-20,87.0,-6.969737847924817
2,GROCERY II,2014-09-28,313.0,6.205314987184677
2,GROCERY II,2014-10-05,318.0,6.430145240343541
2,GROCERY II,2016-05-29,188.0,-5.058680696074464
2,GROCERY II,2016-06-05,312.0,7.044681265644439
2,GROCERY II,2016-06-12,290.0,5.395926075812762
2,GROCERY II,2016-07-17,123.0,-7.11962468336406
2,GROCERY II,2016-12-25,449.0,8.296236341562121
2,HARDWARE,2013-12-01,15.0,6.070416835289357
2,HARDWARE,2014-09-28,17.0,6.7449075947659525
2,HARDWARE,2015-06-28,18.0,7.4193983542425475
2,HOME AND KITCHEN I,2014-12-21,554.0,10.791852151625525
2,HOME AND KITCHEN I,2014-12-28,426.0,7.038164446712298
2,HOME AND KITCHEN I,2015-12-27,414.0,5.023793242998089
2,HOME AND KITCHEN I,2016-06-19,234.0,5.868069607446379
2,HOME AND KITCHEN I,2016-07-10,612.0,28.5125639233288
2,HOME AND KITCHEN I,2016-07-31,358.0,6.011765464900089
2,HOME AND KITCHEN I,2016-09-04,351.0,5.288007554296507
2,HOME AND KITCHEN I,2016-11-06,436.0,9.240523404829355
2,HOME AND KITCHEN II,2014-11-09,57.0,9.78011601241063
2,HOME AND KITCHEN II,2015-05-24,405.0,46.13516794819911
2,HOME AND KITCHEN II,2015-05-31,105.0,5.6657223796034
2,HOME AND KITCHEN II,2015-06-07,122.0,6.295247088448222
2,HOME AND KITCHEN II,2015-06-28,204.0,6.359484303636469
2,HOME AND KITCHEN II,2015-07-05,295.0,7.250775664373399
2,HOME AND KITCHEN II,2015-10-11,268.0,7.4643644048743205
2,HOME AND KITCHEN II,2015-10-25,506.0,17.941454202077434
2,HOME AND KITCHEN II,2016-09-25,345.0,6.0985206169342145
2,HOME AND KITCHEN II,2017-04-09,224.0,5.620756328971626
2,HOME AND KITCHEN II,2017-06-11,483.0,7.396915328926661
2,HOME CARE,2015-01-04,804.0,-5.904652157112905
2,HOME CARE,2015-01-11,0.0,-10.488902912199595
2,HOME CARE,2015-01-18,0.0,-9.968088847018862
2,HOME CARE,2015-01-25,0.0,-9.890688268062531
2,HOME CARE,2015-02-01,0.0,-7.431888923862484
2,HOME CARE,2015-02-08,0.0,-7.431888923862484
2,HOME CARE,2015-02-15,0.0,-6.973901371131463
2,HOME CARE,2016-04-24,6494.0,40.425647467331
2,HOME CARE,2016-05-15,2825.0,8.228787265614462
2,LADIESWEAR,2015-01-04,87.0,-5.4333977846725725
2,LADIESWEAR,2015-01-11,0.0,-8.356191075737819
2,LADIESWEAR,2015-01-18,0.0,-6.01645757453123
2,LADIESWEAR,2015-01-25,0.0,-5.908539053014974
2,LADIESWEAR,2015-02-01,0.0,-5.275481297334798
2,LADIESWEAR,2017-01-08,322.0,5.648860110616485
2,LAWN AND GARDEN,2013-04-28,18.0,-6.520077341607086
2,LAWN AND GARDEN,2016-05-08,77.0,6.4076622150276545
2,LAWN AND GARDEN,2016-12-11,91.0,5.620756328971626
2,LAWN AND GARDEN,2016-12-18,118.0,7.226686708677805
2,LAWN AND GARDEN,2016-12-25,131.0,8.479312404848626
2,LAWN AND GARDEN,2017-01-01,115.0,6.070416835289357
2,LAWN AND GARDEN,2017-01-08,121.0,6.4076622150276545
2,LAWN AND GARDEN,2017-05-14,336.0,8.609676165083597
2,LINGERIE,2014-09-07,123.0,5.395926075812762
2,LINGERIE,2014-09-28,128.0,5.958001708709924
2,LINGERIE,2017-06-25,86.0,6.4076622150276545
2,"LIQUOR,WINE,BEER",2013-05-05,585.0,5.20321443024802
2,"LIQUOR,WINE,BEER",2013-06-09,693.0,5.164672101135071
2,"LIQUOR,WINE,BEER",2013-12-29,1396.0,5.866025696054025
2,"LIQUOR,WINE,BEER",2014-12-07,763.0,5.0504551990076765
2,"LIQUOR,WINE,BEER",2014-12-21,1078.0,9.350894620016433
2,"LIQUOR,WINE,BEER",2014-12-28,1486.0,14.121253347339781
2,"LIQUOR,WINE,BEER",2015-01-04,1427.0,12.7052034897326
2,"LIQUOR,WINE,BEER",2015-06-21,834.0,5.2802990884739165
2,"LIQUOR,WINE,BEER",2015-12-13,1686.0,17.09687446847196
2,"LIQUOR,WINE,BEER",2015-12-20,1068.0,7.536701095021086
2,"LIQUOR,WINE,BEER",2015-12-27,1694.0,16.686314875747076
2,"LIQUOR,WINE,BEER",2016-01-03,1497.0,7.204787658045449
2,"LIQUOR,WINE,BEER",2016-12-25,1838.0,10.977581491191543
2,"LIQUOR,WINE,BEER",2017-01-01,1676.0,8.1023202482126
2,MAGAZINES,2015-04-12,10.0,6.7449075947659525
2,MAGAZINES,2015-04-19,14.0,9.442870632672333
2,MAGAZINES,2015-05-10,26.0,17.536759746391475
2,MAGAZINES,2015-05-17,11.0,7.4193983542425475
2,MAGAZINES,2015-10-18,67.0,7.01470389855659
2,MAGAZINES,2016-04-24,86.0,5.058680696074464
2,MAGAZINES,2016-05-08,89.0,5.56454876568191
2,MEATS,2014-09-07,4419.991,7.461666295652599
2,MEATS,2017-04-16,2745.16498,-5.567428116242319
2,MEATS,2017-07-23,3515.24698,-5.240184157332587
2,PERSONAL CARE,2015-09-06,2445.0,10.730534809854925
2,PERSONAL CARE,2016-04-24,9856.0,57.95488536589658
2,PERSONAL CARE,2016-05-15,3647.0,8.617444878068108
2,PERSONAL CARE,2016-11-20,2719.0,5.804925791665591
2,PET SUPPLIES,2015-01-11,0.0,-6.937619240330694
2,PET SUPPLIES,2015-01-18,0.0,-6.55219594920121
2,PET SUPPLIES,2015-01-25,0.0,-6.45584012641884
2,PET SUPPLIES,2015-02-01,0.0,-6.45584012641884
2,PET SUPPLIES,2017-07-16,54.0,-5.845586582130491
2,PLAYERS AND ELECTRONICS,2014-11-09,94.0,5.2610279239174425
2,PLAYERS AND ELECTRONICS,2014-12-28,158.0,7.925266423849994
2,PLAYERS AND ELECTRONICS,2015-01-11,0.0,-5.395926075812762
2,PLAYERS AND ELECTRONICS,2016-04-17,84.0,11.46634291110212
2,PLAYERS AND ELECTRONICS,2016-04-24,119.0,22.93268582220424
2,POULTRY,2013-11-10,3799.9759999999997,21.125668078347427
2,POULTRY,2013-11-17,3709.923,17.85894408925778
2,POULTRY,2013-11-24,3700.679,13.409482467399727
2,POULTRY,2013-12-01,3649.09102,11.95595646532102
2,POULTRY,2013-12-08,3635.67,5.345247596732525
2,POULTRY,2014-09-07,4444.62997,7.376409377761338
2,POULTRY,2014-09-21,4258.353,5.4063228303517885
2,POULTRY,2014-10-05,4460.767,5.763859721101176
2,PRODUCE,2014-01-05,13675.624,654.5269892659613
2,PRODUCE,2014-01-12,19454.0649,932.9202029253629
2,PRODUCE,2014-01-19,19477.4871,933.7595681332023
2,PRODUCE,2014-01-26,19029.2116,531.9262219524259
2,PRODUCE,2014-02-02,11194.23,287.70221751808157
2,PRODUCE,2014-03-02,4221.201999999999,89.16772191833874
2,PRODUCE,2014-03-09,18976.685999999998,288.9838183535067
2,PRODUCE,2014-07-06,17294.829,236.62001668332252
2,PRODUCE,2014-07-13,17962.959,245.81690466554895
2,PRODUCE,2014-07-20,18264.306,249.88239083573538
2,PRODUCE,2014-07-27,18096.116,247.38828918860145
2,PRODUCE,2014-08-03,9460.135,128.30651888436478
2,PRODUCE,2014-09-07,21322.656,136.0779068945803
2,PRODUCE,2014-09-14,19705.54,120.89807516426016
2,PRODUCE,2015-01-04,9372.411,-6.859100058894404
2,PRODUCE,2015-01-11,35.0,-13.594613756573354
2,PRODUCE,2015-01-18,38.0,-13.54861230371983
2,PRODUCE,2015-01-25,31.0,-13.46737693091458
2,PRODUCE,2015-02-01,31.0,-9.460637253577497
2,PRODUCE,2015-02-08,29.0,-9.461681298738256
2,PRODUCE,2015-02-15,33.0,-9.162490216659975
2,PRODUCE,2015-05-10,107.0,5.901794145420208
2,PRODUCE,2015-06-07,20347.199,1712.5488162687172
2,PRODUCE,2015-06-14,18244.36,1535.0870093079727
2,PRODUCE,2015-06-21,19114.05,1072.2744952560815
2,PRODUCE,2015-06-28,19051.232,854.9499527856469
2,PRODUCE,2015-07-05,21542.855,966.9434327083053
2,PRODUCE,2015-07-12,16698.523,660.6249355266186
2,PRODUCE,2015-07-19,18077.747,173.15861131988206
2,PRODUCE,2017-02-26,16406.423,-5.237726998140614
2,SEAFOOD,2014-08-31,172.622999,-5.528171339007499
2,SEAFOOD,2014-10-19,271.576997,7.743987184919212
2,SEAFOOD,2015-07-05,306.644,8.022240552096196
2,SEAFOOD,2016-12-25,154.727,-5.255129851278884
3,AUTOMOTIVE,2014-07-06,107.0,5.311614730878187
3,AUTOMOTIVE,2015-05-10,29.0,-6.070416835289357
3,AUTOMOTIVE,2016-01-10,117.0,5.6657223796034
3,AUTOMOTIVE,2016-02-14,111.0,5.901794145420208
3,BABY CARE,2016-09-11,18.0,11.46634291110212
3,BEAUTY,2016-05-15,104.0,5.845586582130491
3,BEAUTY,2016-06-05,111.0,7.194568101083682
3,BEAUTY,2017-05-21,182.0,7.7566437339808445
3,BEVERAGES,2014-01-05,50806.0,29.56631379671984
3,BEVERAGES,2014-01-12,52695.0,31.71128525236174
3,BEVERAGES,2014-01-19,53221.0,27.474517231530715
3,BEVERAGES,2014-01-26,50916.0,21.248558832477496
3,BEVERAGES,2014-02-02,39474.0,10.40111790963402
3,BEVERAGES,2014-03-09,58197.0,7.294801515764689
3,BEVERAGES,2014-07-06,51376.0,8.752347834770148
3,BEVERAGES,2014-07-13,49527.0,8.046556428843592
3,BEVERAGES,2014-07-20,51695.0,8.874114983764509
3,BEVERAGES,2014-07-27,49876.0,8.179775033856231
3,BEVERAGES,2015-01-04,39126.0,-5.681954283394543
3,BEVERAGES,2015-01-11,33712.0,-7.596688565553569
3,BEVERAGES,2015-01-18,31861.0,-6.988929313703142
3,BEVERAGES,2015-05-31,58582.0,8.182734979484291
3,BEVERAGES,2015-06-07,64648.0,8.756170667975928
3,BEVERAGES,2015-06-14,58019.0,5.081269399535197
3,BEVERAGES,2015-06-21,58448.0,5.067604606966056
3,BEVERAGES,2016-04-24,82385.0,8.590559582061
3,BREAD/BAKERY,2013-12-29,4783.12697,-6.536942121254561
3,BREAD/BAKERY,2014-09-07,8974.49003,7.965225217726571
3,BREAD/BAKERY,2014-09-14,8221.922999999999,5.062002227439758
3,BREAD/BAKERY,2014-10-05,8962.15,7.087879570710322
3,BREAD/BAKERY,2014-10-12,8480.6509,5.34161553062872
3,BREAD/BAKERY,2015-06-07,8920.1292,5.614532052109355
3,BREAD/BAKERY,2015-06-14,8888.4449,5.281103531959523
3,BREAD/BAKERY,2015-07-05,10270.72,5.552620524833226
3,BREAD/BAKERY,2015-12-27,6777.354,-12.324818320189507
3,CELEBRATION,2015-08-02,400.0,5.289427534842773
3,CELEBRATION,2015-12-20,647.0,6.274807974524689
3,CELEBRATION,2016-06-12,573.0,6.717927964386888
3,CELEBRATION,2016-08-07,512.0,6.969737847924817
3,CELEBRATION,2016-12-11,859.0,9.15621205989478
3,CELEBRATION,2016-12-18,867.0,9.2911102117901
3,CELEBRATION,2017-07-30,629.0,9.025328733948726
3,CLEANING,2014-10-05,16670.0,5.80932363807261
3,CLEANING,2014-11-09,17519.0,7.672077671992088
3,CLEANING,2015-01-11,18882.0,5.0684089281823
3,CLEANING,2015-07-05,17996.0,6.156522038626794
3,CLEANING,2017-01-08,21643.0,5.191314370599837
3,DAIRY,2013-11-10,11078.0,5.33647248303215
3,DAIRY,2013-11-17,11293.0,5.7136952786056865
3,DAIRY,2013-11-24,11252.0,5.598888340822436
3,DAIRY,2013-12-01,12416.0,6.500603855113012
3,DAIRY,2013-12-08,12871.0,7.3060980691861115
3,DAIRY,2013-12-15,13292.0,8.051401506822979
3,DAIRY,2014-09-07,16688.0,7.744153164360908
3,DAIRY,2015-07-05,18211.0,5.094477691689144
3,DELI,2015-07-05,3864.373,6.972002348857494
3,EGGS,2013-12-29,3014.0,-7.873946474759384
3,FROZEN FOODS,2013-12-08,3988.904,6.96959645024589
3,FROZEN FOODS,2013-12-15,6738.66503,20.075545681803256
3,FROZEN FOODS,2013-12-22,18685.686999999998,76.89696540356404
3,FROZEN FOODS,2013-12-29,8119.73003,23.941308923836942
3,FROZEN FOODS,2014-12-14,8286.256000000001,20.23136912762471
3,FROZEN FOODS,2014-12-21,17655.3943,37.28285258661226
3,FROZEN FOODS,2014-12-28,10061.1929,17.11887154880435
3,FROZEN FOODS,2015-12-06,4361.298,5.222604672969531
3,FROZEN FOODS,2015-12-13,6755.0071,13.557063364598799
3,FROZEN FOODS,2015-12-20,21845.892,54.449753570298974
3,FROZEN FOODS,2015-12-27,15953.5609,32.709333028320735
3,FROZEN FOODS,2016-01-03,6253.118,7.00489141911632
3,FROZEN FOODS,2016-12-04,3855.89498,8.386836021688948
3,FROZEN FOODS,2016-12-11,5414.466,19.36070470980431
3,FROZEN FOODS,2016-12-18,17017.2799,52.3978700967278
3,FROZEN FOODS,2016-12-25,18287.2051,56.665966003831365
3,FROZEN FOODS,2017-01-01,7831.256,12.090050303631704
3,GROCERY I,2013-12-15,57951.0,5.643036804509893
3,GROCERY I,2013-12-22,70953.0,6.556645564229575
3,GROCERY I,2014-09-07,56860.0,8.186150133939712
3,GROCERY I,2014-10-05,56760.0,7.812627362755462
3,GROCERY I,2014-12-07,67902.0,8.20200668012753
3,GROCERY I,2014-12-14,64978.0,6.879262896955455
3,GROCERY I,2014-12-21,72358.0,8.73942841368224
3,GROCERY I,2016-04-24,100219.0,9.117076533800034
3,GROCERY II,2013-09-01,588.0,5.395926075812762
3,GROCERY II,2013-09-08,632.0,8.363685417509782
3,GROCERY II,2013-12-22,698.0,5.045190880884932
3,GROCERY II,2014-10-12,852.0,5.43897867748148
3,GROCERY II,2016-07-17,373.0,-6.903611302878092
3,GROCERY II,2016-07-24,229.0,-12.616944794915133
3,GROCERY II,2016-07-31,361.0,-5.307949020228858
3,HOME AND KITCHEN II,2014-11-09,129.0,5.395926075812762
3,HOME AND KITCHEN II,2015-04-19,314.0,6.0704168352893575
3,HOME AND KITCHEN II,2015-05-24,1341.0,26.398172827790884
3,HOME AND KITCHEN II,2015-05-31,1440.0,28.700744730831673
3,HOME AND KITCHEN II,2015-06-07,813.0,14.117789344906665
3,HOME AND KITCHEN II,2015-10-11,630.0,7.3172027846248815
3,HOME AND KITCHEN II,2015-10-18,1058.0,15.592639322017758
3,HOME AND KITCHEN II,2015-10-25,702.0,7.838676393917188
3,HOME AND KITCHEN II,2016-04-24,682.0,6.267143306803363
3,HOME AND KITCHEN II,2016-05-08,741.0,10.567021898466658
3,HOME AND KITCHEN II,2016-05-22,777.0,8.579522460542291
3,HOME APPLIANCES,2014-05-04,0.0,-5.058680696074464
3,HOME APPLIANCES,2015-06-14,0.0,-6.070416835289357
3,HOME APPLIANCES,2015-06-21,0.0,-5.058680696074464
3,HOME APPLIANCES,2016-03-27,1.0,-8.768379873195737
3,HOME APPLIANCES,2016-07-31,2.0,-8.093889113719143
3,HOME CARE,2014-11-09,3987.0,5.982439779705453
3,HOME CARE,2015-01-04,1282.0,-6.152528753834334
3,HOME CARE,2015-01-11,0.0,-9.715599504982434
3,HOME CARE,2015-01-18,0.0,-9.633487586437457
3,HOME CARE,2015-01-25,0.0,-6.260359635371846
3,HOME CARE,2015-02-01,0.0,-5.2974602715096095
3,HOME CARE,2016-04-24,5932.0,12.502168006012603
3,LADIESWEAR,2015-01-11,0.0,-6.650792605071543
3,LADIESWEAR,2015-01-18,0.0,-6.650792605071543
3,LADIESWEAR,2015-01-25,0.0,-6.650792605071543
3,LADIESWEAR,2015-02-01,0.0,-6.478248457298461
3,LADIESWEAR,2015-02-08,0.0,-6.478248457298461
3,LAWN AND GARDEN,2016-05-08,248.0,9.78011601241063
3,LAWN AND GARDEN,2016-08-14,246.0,6.4076622150276545
3,LAWN AND GARDEN,2016-12-04,321.0,13.115098100933796
3,LAWN AND GARDEN,2016-12-11,437.0,21.808534556409914
3,LAWN AND GARDEN,2016-12-18,358.0,15.813061138840176
3,LAWN AND GARDEN,2016-12-25,371.0,13.735084556614304
3,LAWN AND GARDEN,2017-01-01,371.0,8.570000238055561
3,LAWN AND GARDEN,2017-01-08,475.0,7.08215297450425
3,LAWN AND GARDEN,2017-05-14,678.0,6.340213139079995
3,"LIQUOR,WINE,BEER",2013-05-05,1356.0,7.050337372642146
3,"LIQUOR,WINE,BEER",2013-05-12,1566.0,10.596032253712963
3,"LIQUOR,WINE,BEER",2013-05-26,1365.0,6.20096343389773
3,"LIQUOR,WINE,BEER",2013-06-09,1664.0,13.582848397735573
3,"LIQUOR,WINE,BEER",2013-06-16,1765.0,7.579447009033603
3,"LIQUOR,WINE,BEER",2013-07-07,1529.0,7.465914958344381
3,"LIQUOR,WINE,BEER",2013-09-08,1452.0,7.274864620068991
3,"LIQUOR,WINE,BEER",2013-10-06,1163.0,-6.648551771983581
3,"LIQUOR,WINE,BEER",2013-10-13,1707.0,20.475612341253782
3,"LIQUOR,WINE,BEER",2013-10-27,1083.0,-5.83581135373228
3,"LIQUOR,WINE,BEER",2013-11-10,1058.0,-6.480976428014242
3,"LIQUOR,WINE,BEER",2013-12-08,1891.0,10.39702829241971
3,"LIQUOR,WINE,BEER",2013-12-22,3124.0,10.969349719908838
3,"LIQUOR,WINE,BEER",2013-12-29,2922.0,9.31250687243736
3,"LIQUOR,WINE,BEER",2014-06-15,3094.0,8.773528657619224
3,"LIQUOR,WINE,BEER",2014-11-30,1453.0,5.106858607465649
3,"LIQUOR,WINE,BEER",2014-12-07,2049.0,18.166284455236298
3,"LIQUOR,WINE,BEER",2014-12-21,2542.0,9.941074034558454
3,"LIQUOR,WINE,BEER",2014-12-28,3202.0,14.355922642041623
3,"LIQUOR,WINE,BEER",2015-01-04,2487.0,8.460460178652076
3,"LIQUOR,WINE,BEER",2015-06-21,2115.0,5.380937392268837
3,"LIQUOR,WINE,BEER",2015-10-11,2470.0,18.635216126110503
3,"LIQUOR,WINE,BEER",2015-11-01,1684.0,7.181342792074337
3,"LIQUOR,WINE,BEER",2015-11-08,1172.0,-13.132731846279588
3,"LIQUOR,WINE,BEER",2015-12-27,3780.0,7.970915660333907
3,"LIQUOR,WINE,BEER",2016-06-19,2509.0,10.413028574385244
3,"LIQUOR,WINE,BEER",2016-12-25,3968.0,8.396498481484317
3,MAGAZINES,2014-03-23,16.0,10.117361392148927
3,MAGAZINES,2014-03-30,58.0,38.445973290165924
3,MAGAZINES,2015-04-26,75.0,7.226686708677805
3,MAGAZINES,2015-05-10,77.0,7.4193983542425475
3,MAGAZINES,2015-05-17,61.0,5.877705189724615
3,MAGAZINES,2015-10-11,173.0,7.358081012471948
3,MAGAZINES,2015-10-18,278.0,12.64670174018616
3,MAGAZINES,2015-10-25,202.0,8.374926930167723
3,MAGAZINES,2015-11-08,149.0,5.002473132784748
3,MAGAZINES,2015-11-22,241.0,9.892531138990062
3,MEATS,2013-12-29,4296.77104,-8.417500103069647
3,MEATS,2014-01-12,4498.0606,-6.1456330570826
3,MEATS,2017-04-16,4563.13197,-5.338738973719682
3,PERSONAL CARE,2015-07-26,3244.0,-5.454577446202031
3,PERSONAL CARE,2016-04-24,7158.0,20.728100284285365
3,PET SUPPLIES,2015-01-11,0.0,-5.986105490354783
3,PET SUPPLIES,2015-01-18,0.0,-5.986105490354783
3,PET SUPPLIES,2015-01-25,0.0,-5.986105490354783
3,PET SUPPLIES,2015-02-01,0.0,-5.395926075812762
3,PET SUPPLIES,2015-02-08,0.0,-5.096152404934275
3,PET SUPPLIES,2017-01-08,213.0,5.620756328971627
3,PLAYERS AND ELECTRONICS,2014-11-09,243.0,5.845586582130491
3,PLAYERS AND ELECTRONICS,2016-04-24,310.0,5.360426562156099
3,POULTRY,2013-11-10,8340.107970000001,21.37250138541886
3,POULTRY,2013-11-17,8803.696,22.7145384066921
3,POULTRY,2013-11-24,8541.757,20.88392947638975
3,POULTRY,2013-12-01,8836.694,22.166986409934246
3,POULTRY,2013-12-08,8640.597,21.289230036376292
3,POULTRY,2013-12-15,8625.591,14.0769804215101
3,POULTRY,2013-12-22,9168.733,5.962480909070378
3,POULTRY,2017-04-16,6883.865,-5.00167238980953
3,PREPARED FOODS,2013-09-01,2883.774,5.461030398279753
3,PREPARED FOODS,2015-04-05,3547.558,5.487111993852118
3,PREPARED FOODS,2015-07-05,3080.59,8.584513442404052
3,PREPARED FOODS,2016-03-27,3750.3540000000003,10.363375724664355
3,PRODUCE,2014-01-05,40888.75,1528.6115232999086
3,PRODUCE,2014-01-12,59709.556,2233.596984276871
3,PRODUCE,2014-01-19,57116.546,1538.204397679752
3,PRODUCE,2014-01-26,56454.911,1520.0569539997302
3,PRODUCE,2014-02-02,34596.165,775.016075363101
3,PRODUCE,2014-03-02,13614.348,137.7529646934746
3,PRODUCE,2014-03-09,60461.234,535.2814933935405
3,PRODUCE,2014-07-06,50977.208,298.34314570759943
3,PRODUCE,2014-07-13,54508.099,319.05230529211315
3,PRODUCE,2014-07-20,54012.199,316.12618842339253
3,PRODUCE,2014-07-27,52000.896,304.2885647423152
3,PRODUCE,2014-08-03,28863.2062,168.5769781640948
3,PRODUCE,2014-09-07,64048.868,880.0847380635785
3,PRODUCE,2014-09-14,58911.7465,344.1471592208752
3,PRODUCE,2014-12-28,47032.812000000005,-5.521519231904851
3,PRODUCE,2015-01-04,25881.182,-17.535903678070756
3,PRODUCE,2015-01-11,98.0,-31.926392958894073
3,PRODUCE,2015-01-18,116.0,-24.700123206911268
3,PRODUCE,2015-01-25,39.0,-24.712338016561578
3,PRODUCE,2015-02-01,80.0,-7.093055144098012
3,PRODUCE,2015-02-08,90.0,-7.091773901564317
3,PRODUCE,2015-05-10,358.0,8.382956582066255
3,PRODUCE,2015-06-07,60777.273,2273.2689194658037
3,PRODUCE,2015-06-14,56630.121,2117.868047124421
3,PRODUCE,2015-06-21,57867.684,2163.904402176357
3,PRODUCE,2015-06-28,58371.425,1455.1869588460713
3,PRODUCE,2015-07-05,68636.136,942.7747723937816
3,PRODUCE,2015-07-12,57418.241,514.8274742569361
3,PRODUCE,2015-07-19,57820.746,155.03236476460273
3,PRODUCE,2017-01-08,75381.292,5.284697668684933
3,SCHOOL AND OFFICE SUPPLIES,2014-09-21,10.0,6.070416835289357
3,SCHOOL AND OFFICE SUPPLIES,2015-09-06,9.0,5.395926075812762
3,SCHOOL AND OFFICE SUPPLIES,2015-11-15,11.0,7.4193983542425475
3,SCHOOL AND OFFICE SUPPLIES,2015-12-06,10.0,6.7449075947659525
3,SCHOOL AND OFFICE SUPPLIES,2015-12-13,11.0,7.4193983542425475
3,SCHOOL AND OFFICE SUPPLIES,2015-12-20,17.0,11.46634291110212
4,AUTOMOTIVE,2013-12-29,40.0,5.058680696074464
4,AUTOMOTIVE,2014-01-12,43.0,5.73317145555106
4,BEAUTY,2013-08-18,37.0,5.395926075812762
4,BEVERAGES,2014-01-05,17621.0,24.804397679751787
4,BEVERAGES,2014-01-12,17831.0,25.310265749359235
4,BEVERAGES,2014-01-19,17630.0,24.814033262030026
4,BEVERAGES,2014-01-26,18365.0,25.157362123799924
4,BEVERAGES,2014-02-02,12083.0,5.541054599015839
4,BEVERAGES,2014-03-09,20056.0,6.922185254557588
4,BEVERAGES,2014-07-06,18551.0,6.817199528403923
4,BEVERAGES,2014-07-13,17683.0,6.207982068231514
4,BEVERAGES,2014-07-20,17291.0,5.9328516023472
4,BEVERAGES,2014-07-27,16759.0,5.559460255789918
4,BEVERAGES,2014-09-07,22104.0,9.242839554159504
4,BEVERAGES,2014-09-14,20595.0,5.038156473732927
4,BEVERAGES,2015-01-18,9602.0,-5.098458356248725
4,BEVERAGES,2015-05-17,12789.0,5.335270431974938
4,BEVERAGES,2015-05-31,18896.0,12.228177797705179
4,BEVERAGES,2015-06-07,20571.0,14.030863532565288
4,BEVERAGES,2015-06-14,18926.0,7.886843544104131
4,BEVERAGES,2015-06-21,19672.0,7.329925090230346
4,BEVERAGES,2015-06-28,19925.0,6.129492131399977
4,BEVERAGES,2015-09-06,23102.0,5.820202521289975
4,BEVERAGES,2015-10-04,22636.0,5.313246563360791
4,BEVERAGES,2017-08-13,14927.0,-5.7979754696968495
4,BREAD/BAKERY,2013-07-21,1903.934,-5.202647329126624
4,BREAD/BAKERY,2013-12-29,1539.49601,-8.745049555485165
4,CELEBRATION,2015-12-20,304.0,17.012155822354124
4,CELEBRATION,2015-12-27,258.0,13.414871771812283
4,CELEBRATION,2016-12-18,212.0,8.824587436485453
4,CELEBRATION,2016-12-25,253.0,10.273013105874297
4,CLEANING,2014-01-05,7637.0,5.427231554100705
4,CLEANING,2014-10-05,8308.0,5.982562996870136
4,CLEANING,2015-11-08,7506.0,5.422638581138568
4,CLEANING,2017-01-08,9155.0,7.017202012480578
4,DAIRY,2013-11-10,4530.0,12.337560142092721
4,DAIRY,2013-11-17,4603.0,12.393767705382437
4,DAIRY,2013-11-24,4735.0,13.602230316111337
4,DAIRY,2013-12-01,4793.0,7.561396408869198
4,DAIRY,2013-12-08,5302.0,6.257596089115398
4,DAIRY,2013-12-15,5031.0,5.383017161755793
4,DAIRY,2014-09-07,7034.0,6.883379207638631
4,DAIRY,2015-02-15,4420.0,-5.340865605651407
4,DAIRY,2015-04-05,6914.0,5.033444647250509
4,DAIRY,2015-07-05,6766.0,5.176148187893421
4,DAIRY,2015-07-12,5297.0,-5.956738617400043
4,DAIRY,2017-01-08,8166.0,5.150160212035864
4,DELI,2014-09-07,1909.121,5.2618708508657495
4,DELI,2014-12-07,1783.449,5.448550208126396
4,DELI,2015-01-11,1896.3029999999999,5.404648059771276
4,DELI,2015-09-06,2007.53,6.950992616617027
4,EGGS,2017-03-05,1429.0,5.104668702402414
4,FROZEN FOODS,2013-11-24,1731.01,13.817680015738034
4,FROZEN FOODS,2013-12-08,1226.4099999999999,5.413330926165558
4,FROZEN FOODS,2013-12-15,1771.692,10.282949376992079
4,FROZEN FOODS,2013-12-22,4861.69398,28.37414011258337
4,FROZEN FOODS,2013-12-29,8145.594999999999,51.17219071003033
4,FROZEN FOODS,2014-12-14,2022.0819999999999,10.19656944986735
4,FROZEN FOODS,2014-12-21,4518.2259699999995,29.79494738225333
4,FROZEN FOODS,2014-12-28,4200.764,20.19104894681407
4,FROZEN FOODS,2015-01-04,2060.9610000000002,6.997364826132157
4,FROZEN FOODS,2015-12-06,1373.511,11.98340132958518
4,FROZEN FOODS,2015-12-13,1893.09,20.9317989409639
4,FROZEN FOODS,2015-12-20,7642.849,127.22903643270978
4,FROZEN FOODS,2015-12-27,8770.592,106.152958108528
4,FROZEN FOODS,2016-01-03,2926.1379699999998,17.07861390968476
4,FROZEN FOODS,2016-12-11,1410.44,8.425974892042497
4,FROZEN FOODS,2016-12-18,4273.489,31.6652203619101
4,FROZEN FOODS,2016-12-25,9494.889,78.57080038568921
4,FROZEN FOODS,2017-01-01,3676.23696,24.468349582201757
4,GROCERY I,2014-10-05,27580.0,5.104280071363022
4,GROCERY I,2016-04-24,39661.0,6.917584861336339
4,GROCERY II,2013-06-02,93.0,-5.185147713476326
4,GROCERY II,2015-12-20,232.0,5.171095822653896
4,GROCERY II,2015-12-27,376.0,13.09636224650389
4,GROCERY II,2016-01-03,270.0,5.038842732560446
4,GROCERY II,2016-12-25,348.0,9.400714960205045
4,GROCERY II,2017-01-01,297.0,7.039997302036962
4,GROCERY II,2017-05-14,211.0,8.206304240298575
4,HARDWARE,2013-08-04,16.0,6.7449075947659525
4,HARDWARE,2015-12-06,16.0,5.395926075812762
4,HARDWARE,2016-12-18,27.0,5.058680696074464
4,HOME AND KITCHEN I,2015-05-17,204.0,6.491973559962229
4,HOME AND KITCHEN I,2015-10-04,230.0,5.155036518856835
4,HOME AND KITCHEN I,2016-07-03,396.0,18.64047189826227
4,HOME AND KITCHEN I,2016-07-10,347.0,15.63592215150289
4,HOME AND KITCHEN I,2016-07-17,266.0,7.335087009307973
4,HOME AND KITCHEN I,2016-07-24,254.0,6.660596249831378
4,HOME AND KITCHEN I,2016-07-31,231.0,5.691015783083772
4,HOME AND KITCHEN I,2017-06-18,283.0,5.8343450694725485
4,HOME AND KITCHEN II,2015-11-22,199.0,9.864427357345205
4,HOME AND KITCHEN II,2015-12-13,152.0,5.817482800485633
4,HOME AND KITCHEN II,2015-12-20,590.0,34.06178335356806
4,HOME AND KITCHEN II,2015-12-27,325.0,11.321809176928562
4,HOME AND KITCHEN II,2017-03-12,159.0,6.263128480854098
4,HOME CARE,2015-01-11,0.0,-6.679103618231649
4,HOME CARE,2015-01-18,0.0,-6.469353443028562
4,HOME CARE,2015-01-25,0.0,-5.785631847954794
4,HOME CARE,2015-02-01,0.0,-5.217692766313765
4,HOME CARE,2016-01-10,2035.0,5.370473594323078
4,HOME CARE,2016-04-24,2565.0,6.87374290837384
4,LADIESWEAR,2015-01-11,0.0,-5.367822294167904
4,LAWN AND GARDEN,2013-05-12,63.0,5.395926075812762
4,LAWN AND GARDEN,2016-12-11,155.0,8.018945695999522
4,LAWN AND GARDEN,2016-12-18,157.0,6.315686202371755
4,LAWN AND GARDEN,2016-12-25,163.0,6.193051518830556
4,LAWN AND GARDEN,2017-01-01,159.0,5.886464809977558
4,LINGERIE,2014-10-05,94.0,5.395926075812762
4,LINGERIE,2015-09-06,69.0,5.058680696074464
4,LINGERIE,2016-02-21,49.0,5.171095822653896
4,LINGERIE,2017-05-07,48.0,5.126129772022124
4,"LIQUOR,WINE,BEER",2013-10-13,1226.0,7.235446328930749
4,"LIQUOR,WINE,BEER",2013-12-08,985.0,5.046636218226667
4,"LIQUOR,WINE,BEER",2013-12-29,1614.0,6.553140614130449
4,"LIQUOR,WINE,BEER",2014-12-07,793.0,5.231416134477007
4,"LIQUOR,WINE,BEER",2014-12-21,853.0,5.568136482487637
4,"LIQUOR,WINE,BEER",2014-12-28,1371.0,12.731013085120734
4,"LIQUOR,WINE,BEER",2015-01-04,1273.0,10.480548724174788
4,"LIQUOR,WINE,BEER",2015-12-06,1016.0,10.329344202270143
4,"LIQUOR,WINE,BEER",2015-12-27,1502.0,10.324897010449419
4,"LIQUOR,WINE,BEER",2016-01-03,1264.0,5.272632066015965
4,"LIQUOR,WINE,BEER",2016-12-04,995.0,7.109497194483031
4,"LIQUOR,WINE,BEER",2016-12-25,1698.0,9.267678227613477
4,"LIQUOR,WINE,BEER",2017-01-01,1579.0,6.615749789759795
4,MAGAZINES,2014-03-16,14.0,8.768379873195737
4,MAGAZINES,2015-04-26,19.0,6.4076622150276545
4,MAGAZINES,2015-05-10,23.0,7.7566437339808445
4,MAGAZINES,2015-10-11,42.0,7.419398354242547
4,MAGAZINES,2015-10-18,82.0,15.96294797427942
4,MAGAZINES,2015-10-25,69.0,13.040154683214173
4,MAGAZINES,2015-11-01,45.0,7.419398354242547
4,MAGAZINES,2015-11-08,51.0,8.543549620036872
4,MEATS,2015-06-07,2841.0280000000002,6.965259235679385
4,MEATS,2015-07-05,2941.19204,8.544889885035293
4,MEATS,2015-07-12,2245.099,-5.6150985874062975
4,MEATS,2016-01-10,3051.0190000000002,5.940849206596534
4,MEATS,2016-08-14,1663.0439900000001,-6.5451063084343275
4,MEATS,2017-01-08,3088.1459999999997,6.541236660504645
4,PERSONAL CARE,2013-11-10,1423.0,6.1153828859211306
4,PERSONAL CARE,2014-10-05,2133.0,11.338736551201142
4,PERSONAL CARE,2016-04-24,3214.0,7.022357694408807
4,PERSONAL CARE,2017-01-08,3106.0,10.467097341507163
4,PET SUPPLIES,2015-01-11,0.0,-5.935518683394038
4,PLAYERS AND ELECTRONICS,2014-11-09,55.0,6.4076622150276545
4,PLAYERS AND ELECTRONICS,2014-11-23,80.0,9.442870632672333
4,PLAYERS AND ELECTRONICS,2016-11-06,87.0,5.901794145420208
4,PLAYERS AND ELECTRONICS,2017-01-08,127.0,6.166772658071728
4,POULTRY,2013-10-06,2133.114,5.115158346444931
4,POULTRY,2013-11-10,3377.047,27.93718097338239
4,POULTRY,2013-11-17,3392.9009800000003,27.927880024284093
4,POULTRY,2013-11-24,3327.275,16.043539786383615
4,POULTRY,2013-12-01,3551.391,12.921872928928734
4,POULTRY,2013-12-08,3433.1880300000003,5.0712641872885085
4,POULTRY,2014-09-07,4276.89804,8.615678945746614
4,POULTRY,2015-02-15,2831.779,-6.202645548324827
4,POULTRY,2017-01-08,4273.79698,5.6141455346790705
4,PREPARED FOODS,2015-04-05,1086.71099,6.679525434860425
4,PREPARED FOODS,2015-08-09,640.076004,-7.5499939499240645
4,PREPARED FOODS,2016-03-27,1105.358,5.887900513213907
4,PRODUCE,2013-12-29,96.0,5.395926075812762
4,PRODUCE,2014-01-05,12826.814900000001,1436.4196793920592
4,PRODUCE,2014-01-12,18591.4625,2083.891193398984
4,PRODUCE,2014-01-19,17527.9024,512.4341609041696
4,PRODUCE,2014-01-26,17281.0399,505.1947489428091
4,PRODUCE,2014-02-02,9980.4396,290.6011061648456
4,PRODUCE,2014-03-02,4940.2739,91.13632769758833
4,PRODUCE,2014-03-09,19463.71,277.9434346217542
4,PRODUCE,2014-07-06,16465.828,212.83851653540043
4,PRODUCE,2014-07-13,17297.273999999998,223.62318276624225
4,PRODUCE,2014-07-20,17364.079,224.42485394680867
4,PRODUCE,2014-07-27,16167.561,208.81405068019802
4,PRODUCE,2014-08-03,8595.327,110.40021946891636
4,PRODUCE,2014-09-07,21431.179,554.1766283763452
4,PRODUCE,2014-09-14,19363.636,170.56305778610832
4,PRODUCE,2015-01-04,8906.105,-5.514196676078542
4,PRODUCE,2015-01-11,60.0,-11.19341523564834
4,PRODUCE,2015-01-18,53.0,-9.25308168182846
4,PRODUCE,2015-01-25,40.0,-8.603918251377804
4,PRODUCE,2015-02-01,46.0,-8.49824374453491
4,PRODUCE,2015-02-08,61.0,-8.490730592613184
4,PRODUCE,2015-02-15,63.0,-6.648186934696414
4,PRODUCE,2015-05-03,90.0,5.73317145555106
4,PRODUCE,2015-05-10,137.0,13.152569809793606
4,PRODUCE,2015-06-07,18506.307,2074.09359683439
4,PRODUCE,2015-06-14,17185.22,1925.5834345069475
4,PRODUCE,2015-06-21,17914.401,1204.532645352759
4,PRODUCE,2015-06-28,17530.4479,841.8824025360852
4,PRODUCE,2015-07-05,19637.592,574.2436026017749
4,PRODUCE,2015-07-12,15154.392,327.7675226171982
4,PRODUCE,2015-07-19,16836.387,144.40490026184077
4,PRODUCE,2017-01-08,23395.0849,5.560822747259989
4,SCHOOL AND OFFICE SUPPLIES,2016-03-06,10.0,5.395926075812762
4,SEAFOOD,2013-06-16,124.10399899999999,-5.800192255324071
5,BEAUTY,2015-09-20,55.0,5.395926075812762
5,BEVERAGES,2014-01-05,13427.0,13.496444091344943
5,BEVERAGES,2014-01-12,13823.0,13.8660053674218
5,BEVERAGES,2014-01-19,13171.0,9.763032287733456
5,BEVERAGES,2014-01-26,13653.0,9.686734134775863
5,BEVERAGES,2014-07-06,15359.0,63.70113244912463
5,BEVERAGES,2014-07-13,15381.0,63.854109734779115
5,BEVERAGES,2014-07-20,14911.0,60.10616623624422
5,BEVERAGES,2014-07-27,14790.0,59.028371723678525
5,BEVERAGES,2014-08-03,10626.0,29.83752421560897
5,BEVERAGES,2014-09-07,14862.0,14.8068471461941
5,BEVERAGES,2014-09-14,14101.0,11.215687561296626
5,BEVERAGES,2015-05-31,15471.0,8.839660270498417
5,BEVERAGES,2015-06-07,16320.0,9.578303387547422
5,BEVERAGES,2015-06-14,14560.0,7.2833315302392245
5,BEVERAGES,2015-06-21,14859.0,5.805214586207228
5,BEVERAGES,2016-11-13,17837.0,7.140098916040039
5,CELEBRATION,2015-01-11,0.0,-8.599757183326588
5,CELEBRATION,2015-01-18,0.0,-8.374926930167723
5,CELEBRATION,2015-01-25,0.0,-5.911713127177216
5,CELEBRATION,2015-02-01,0.0,-5.911713127177216
5,CLEANING,2014-04-13,5810.0,-5.251392341639206
5,CLEANING,2014-12-07,8466.0,5.842608697982692
5,CLEANING,2015-12-27,8531.0,5.160694423041565
5,CLEANING,2016-09-04,7496.0,5.225600126449985
5,CLEANING,2016-11-13,8011.0,5.137663814749232
5,DAIRY,2013-11-10,3335.0,5.882522980863734
5,DAIRY,2013-11-17,3560.0,6.966525987165404
5,DAIRY,2013-12-08,3966.0,5.652293604301604
5,DAIRY,2013-12-22,4336.0,5.090407613332074
5,DAIRY,2015-05-10,4670.0,5.035307253914384
5,DAIRY,2016-07-10,4361.0,6.63417030589666
5,DAIRY,2016-08-21,4394.0,6.362360596853853
5,EGGS,2017-06-04,745.0,6.370190506167844
5,EGGS,2017-06-11,775.0,7.494341771962169
5,FROZEN FOODS,2013-12-15,2680.29202,21.53519582115596
5,FROZEN FOODS,2013-12-22,6807.185,55.70622586846216
5,FROZEN FOODS,2013-12-29,8065.72904,63.768464085709994
5,FROZEN FOODS,2014-01-05,4115.457,28.37664174359789
5,FROZEN FOODS,2014-12-07,1345.695,5.19404711784105
5,FROZEN FOODS,2014-12-14,2676.596,15.249060502673439
5,FROZEN FOODS,2014-12-21,5256.9169999999995,35.32238156406905
5,FROZEN FOODS,2014-12-28,8161.512000000001,53.45239740983075
5,FROZEN FOODS,2015-01-04,3350.046,18.420763015117284
5,FROZEN FOODS,2015-12-13,9497.721010000001,122.08580890850098
5,FROZEN FOODS,2015-12-20,7795.842,97.95564775665929
5,FROZEN FOODS,2015-12-27,8409.1171,77.25330537378856
5,FROZEN FOODS,2016-01-03,3787.72604,21.891484612717612
5,FROZEN FOODS,2016-12-18,4870.476,24.75241639874191
5,FROZEN FOODS,2016-12-25,9592.121000000001,49.08042299224427
5,FROZEN FOODS,2017-01-01,4005.054,16.727397469146165
5,GROCERY I,2013-08-04,24966.0,5.994242314198571
5,GROCERY I,2013-12-22,34021.0,5.9141216527735665
5,GROCERY I,2014-12-07,29686.0,5.5004757737294785
5,GROCERY I,2014-12-21,36648.0,9.029493366836396
5,GROCERY I,2015-12-20,29218.48,5.578476250430924
5,GROCERY I,2015-12-27,31347.287,6.709706371689375
5,GROCERY I,2016-12-25,31214.0,5.975022967476527
5,GROCERY II,2013-12-22,196.0,7.217051126399569
5,GROCERY II,2013-12-29,358.0,17.941454202077434
5,GROCERY II,2014-01-05,350.0,17.06461621475786
5,GROCERY II,2014-08-03,162.0,5.6657223796034
5,GROCERY II,2014-12-21,269.0,5.935518683394038
5,GROCERY II,2014-12-28,355.0,9.18993659786861
5,GROCERY II,2015-01-04,457.0,7.210073635784294
5,GROCERY II,2015-12-13,232.0,5.966649026139112
5,GROCERY II,2015-12-20,280.0,7.329466252979001
5,GROCERY II,2015-12-27,306.0,8.4985835694051
5,GROCERY II,2016-01-03,328.0,6.777026202360076
5,GROCERY II,2016-12-25,364.0,10.83400782409281
5,GROCERY II,2017-01-01,395.0,11.426666984074084
5,GROCERY II,2017-05-14,233.0,7.756643733980845
5,GROCERY II,2017-07-16,513.0,20.546026211748593
5,GROCERY II,2017-07-23,729.0,22.557968733606128
5,GROCERY II,2017-07-30,636.0,18.069252451241418
5,GROCERY II,2017-08-06,437.0,7.5193229112020425
5,HARDWARE,2014-01-12,22.0,5.395926075812762
5,HOME AND KITCHEN I,2014-11-09,187.0,9.84756508835829
5,HOME AND KITCHEN I,2014-11-16,178.0,6.744907594765952
5,HOME AND KITCHEN I,2014-12-21,292.0,5.1598543099959535
5,HOME AND KITCHEN I,2014-12-28,381.0,8.161338189666802
5,HOME AND KITCHEN I,2015-01-04,337.0,5.002473132784748
5,HOME AND KITCHEN I,2015-07-12,278.0,5.6034616941132525
5,HOME AND KITCHEN I,2016-12-18,563.0,22.651648005755654
5,HOME AND KITCHEN I,2016-12-25,269.0,6.1266243985790725
5,HOME AND KITCHEN I,2017-01-01,279.0,6.632492468186519
5,HOME AND KITCHEN I,2017-01-08,412.0,10.496762444354513
5,HOME AND KITCHEN I,2017-01-15,338.0,7.335087009307973
5,HOME AND KITCHEN II,2015-04-12,177.0,10.117361392148927
5,HOME AND KITCHEN II,2015-05-24,505.0,15.681910157830838
5,HOME AND KITCHEN II,2015-06-14,407.0,8.308499809916242
5,HOME AND KITCHEN II,2015-06-28,738.0,11.585370692186222
5,HOME AND KITCHEN II,2015-07-05,968.0,12.309456360447863
5,HOME AND KITCHEN II,2015-07-12,546.0,5.079328372384972
5,HOME AND KITCHEN II,2016-04-03,592.0,8.185036513648413
5,HOME AND KITCHEN II,2016-04-10,657.0,9.078281032955255
5,HOME AND KITCHEN II,2017-02-12,229.0,5.089339366959764
5,HOME CARE,2015-01-04,962.0,-5.390060938773835
5,HOME CARE,2015-01-11,0.0,-10.838773247936938
5,HOME CARE,2015-01-18,0.0,-6.963457673255575
5,HOME CARE,2015-01-25,0.0,-6.590415297902598
5,HOME CARE,2015-02-01,0.0,-6.481782078706401
5,LAWN AND GARDEN,2013-05-12,44.0,10.117361392148927
5,LAWN AND GARDEN,2014-02-23,24.0,6.070416835289357
5,LAWN AND GARDEN,2014-06-08,23.0,5.73317145555106
5,LAWN AND GARDEN,2016-12-18,61.0,5.058680696074464
5,LAWN AND GARDEN,2016-12-25,84.0,7.531813480821979
5,LAWN AND GARDEN,2017-02-19,278.0,5.854579792256846
5,LAWN AND GARDEN,2017-05-14,303.0,15.084066075567494
5,LINGERIE,2013-12-22,291.0,5.6657223796034
5,LINGERIE,2013-12-29,293.0,5.710688430235173
5,LINGERIE,2014-01-05,302.0,5.395926075812762
5,"LIQUOR,WINE,BEER",2013-10-13,473.0,5.800620531498719
5,"LIQUOR,WINE,BEER",2013-12-22,1062.0,9.157509157509159
5,"LIQUOR,WINE,BEER",2013-12-29,1271.0,8.477974129532203
5,"LIQUOR,WINE,BEER",2014-12-21,1325.0,19.00476904642877
5,"LIQUOR,WINE,BEER",2014-12-28,1358.0,18.098835379288637
5,"LIQUOR,WINE,BEER",2015-01-04,1245.0,15.813061138840176
5,"LIQUOR,WINE,BEER",2015-11-29,1047.0,7.142967715112795
5,"LIQUOR,WINE,BEER",2015-12-27,1177.0,6.368243923889412
5,"LIQUOR,WINE,BEER",2016-01-03,1064.0,5.308329873283334
5,"LIQUOR,WINE,BEER",2016-12-25,1230.0,16.503945770942938
5,"LIQUOR,WINE,BEER",2017-01-01,1011.0,10.86893680985142
5,MAGAZINES,2014-03-23,13.0,8.093889113719143
5,MAGAZINES,2015-04-26,22.0,7.4193983542425475
5,MAGAZINES,2015-05-03,20.0,6.7449075947659525
5,MAGAZINES,2015-05-10,34.0,11.46634291110212
5,MAGAZINES,2015-05-17,18.0,6.070416835289357
5,MAGAZINES,2015-05-24,21.0,6.4076622150276545
5,MAGAZINES,2015-10-04,53.0,6.239039525158506
5,MAGAZINES,2015-10-11,55.0,6.576284904896803
5,MAGAZINES,2015-10-18,83.0,10.623229461756374
5,MAGAZINES,2015-10-25,78.0,9.78011601241063
5,MAGAZINES,2015-11-01,51.0,5.227303385943613
5,MAGAZINES,2017-05-07,82.0,5.845586582130491
5,MEATS,2014-04-20,1786.3087,-6.483796257488969
5,MEATS,2017-04-16,1301.35801,-7.952027468160575
5,MEATS,2017-07-09,2028.49702,5.1891488642396215
5,PET SUPPLIES,2014-10-26,24.0,7.4193983542425475
5,PET SUPPLIES,2014-12-07,24.0,6.7449075947659525
5,POULTRY,2013-11-10,1935.133,6.67758925798144
5,POULTRY,2013-11-17,1993.28599,6.707632805428714
5,POULTRY,2013-11-24,2085.01502,7.391167321100288
5,POULTRY,2013-12-01,1908.766,5.47955624986936
5,POULTRY,2013-12-08,2208.843,7.894676632083524
5,POULTRY,2013-12-22,3179.099,9.413246577050433
5,POULTRY,2014-12-21,2388.012,5.434055145074797
5,POULTRY,2014-12-28,2852.4660000000003,14.487837729449286
5,POULTRY,2015-01-04,2729.03902,11.949779352963152
5,PREPARED FOODS,2013-12-22,807.292,5.1471337596564375
5,PREPARED FOODS,2015-04-19,585.595,-5.72022117557174
5,PREPARED FOODS,2016-03-27,754.607,8.592504392427971
5,PRODUCE,2013-09-29,23.0,-5.171095822653896
5,PRODUCE,2014-01-05,9198.632,882.7765893892968
5,PRODUCE,2014-01-12,12837.680400000001,1233.3237362933844
5,PRODUCE,2014-01-19,12337.920999999998,1185.16900811316
5,PRODUCE,2014-01-26,12921.384,1241.0999980728836
5,PRODUCE,2014-02-02,8160.661,782.2802605461449
5,PRODUCE,2014-03-02,3449.237,328.01805708118945
5,PRODUCE,2014-03-09,13319.6335,357.68605153109405
5,PRODUCE,2014-07-06,12134.609,510.151465331175
5,PRODUCE,2014-07-13,13021.006,547.518126939161
5,PRODUCE,2014-07-20,13385.565,562.5912670308917
5,PRODUCE,2014-07-27,13374.421999999999,562.1215263725886
5,PRODUCE,2014-08-03,6802.126,284.93550182112506
5,PRODUCE,2014-09-07,14079.7811,591.6034795292055
5,PRODUCE,2014-09-14,12803.1979,537.5353222379604
5,PRODUCE,2014-12-28,15828.266,7.8880148942706665
5,PRODUCE,2015-01-04,8634.819,-8.305944414003038
5,PRODUCE,2015-01-11,42.0,-12.479643178436055
5,PRODUCE,2015-01-18,28.0,-5.907707406831859
5,PRODUCE,2015-01-25,31.0,-5.892972292014796
5,PRODUCE,2015-02-01,44.0,-5.572103997503417
5,PRODUCE,2015-02-08,22.0,-5.0606199447239515
5,PRODUCE,2015-06-07,13109.9251,1259.8451658283711
5,PRODUCE,2015-06-14,12579.503,1057.6439194658035
5,PRODUCE,2015-06-21,12854.479899999998,960.735637093994
5,PRODUCE,2015-06-28,11726.994,716.9219920777996
5,PRODUCE,2015-07-05,12357.767,692.4078758037681
5,PRODUCE,2015-07-12,13434.49,752.4781914654436
5,PRODUCE,2015-07-19,12805.780999999999,717.0275754305499
5,PRODUCE,2015-12-27,14799.541000000001,6.153755294651142
5,PRODUCE,2016-01-03,14197.784,5.151418616472426
5,PRODUCE,2016-12-25,14215.757,5.390531192684472
5,SCHOOL AND OFFICE SUPPLIES,2014-10-12,19.0,5.058680696074464
5,SCHOOL AND OFFICE SUPPLIES,2017-04-02,17.0,10.791852151625523
5,SCHOOL AND OFFICE SUPPLIES,2017-04-09,80.0,52.610279239174425
5,SCHOOL AND OFFICE SUPPLIES,2017-04-16,140.0,93.07972480777013
5,SCHOOL AND OFFICE SUPPLIES,2017-04-23,25.0,15.513287467961689
5,SCHOOL AND OFFICE SUPPLIES,2017-04-30,39.0,24.956158100634024
5,SCHOOL AND OFFICE SUPPLIES,2017-05-07,42.0,8.543549620036872
6,AUTOMOTIVE,2014-02-02,50.0,6.4076622150276545
6,AUTOMOTIVE,2017-04-23,56.0,6.4076622150276545
6,BEAUTY,2015-06-07,66.0,8.993210126354603
6,BEVERAGES,2014-01-05,23061.0,36.491976454772356
6,BEVERAGES,2014-01-12,23861.0,38.80782455597955
6,BEVERAGES,2014-01-19,24753.0,40.99340620149384
6,BEVERAGES,2014-01-26,23166.0,22.746745126348525
6,BEVERAGES,2014-02-02,15842.0,9.153021900897254
6,BEVERAGES,2014-03-09,26587.0,8.564503573102057
6,BEVERAGES,2014-09-07,28885.0,6.148228707272101
6,BEVERAGES,2015-01-18,12244.0,-5.584393555749099
6,BEVERAGES,2015-01-25,11512.0,-5.527691347131277
6,BEVERAGES,2015-05-17,16353.0,6.295737984197476
6,BEVERAGES,2015-05-31,25953.0,20.430590188250665
6,BEVERAGES,2015-06-07,28523.0,24.150598176106296
6,BEVERAGES,2015-06-14,24754.0,15.349222148089005
6,BEVERAGES,2015-06-21,25041.0,7.7415070472780485
6,BEVERAGES,2015-06-28,26718.0,8.655762924126934
6,BEVERAGES,2016-04-24,43244.0,9.063311694053013
6,BREAD/BAKERY,2014-08-03,3834.566,5.170973813820194
6,BREAD/BAKERY,2014-08-31,4198.075,6.417107432768539
6,BREAD/BAKERY,2014-09-07,4885.632,12.924247286748573
6,BREAD/BAKERY,2014-09-14,4305.9400000000005,7.070445825861484
6,CELEBRATION,2016-09-04,36.0,-6.7449075947659525
6,CELEBRATION,2016-12-25,237.0,9.592757468111577
6,CLEANING,2013-10-06,9313.0,5.374168309378033
6,CLEANING,2014-09-07,10786.0,5.867435290117717
6,CLEANING,2014-11-09,10510.0,6.460062891560697
6,CLEANING,2014-12-07,10268.0,6.290090431265679
6,DAIRY,2013-11-10,5672.0,7.275143105105934
6,DAIRY,2013-11-17,5764.0,7.104147238400226
6,DAIRY,2013-11-24,5804.0,6.494969394553812
6,DAIRY,2013-12-01,6096.0,7.296141159617382
6,DAIRY,2013-12-08,6730.0,8.80729280162708
6,DAIRY,2013-12-15,6213.0,7.130794135043428
6,DAIRY,2013-12-22,6806.0,6.083513743240359
6,DAIRY,2015-02-15,4927.0,-5.577519741825691
6,DELI,2014-01-05,2881.5308999999997,6.574835710968572
6,DELI,2014-05-04,2609.383,5.601027505013647
6,DELI,2014-09-07,2917.143,5.851577284610854
6,DELI,2016-11-06,3002.753,5.173308147842419
6,FROZEN FOODS,2013-12-08,1609.212,5.027222824488314
6,FROZEN FOODS,2013-12-15,3088.29299,25.687191586364808
6,FROZEN FOODS,2013-12-22,9342.3078,113.9456212914036
6,FROZEN FOODS,2013-12-29,7315.796,38.35591512100307
6,FROZEN FOODS,2014-01-05,3099.124,10.475074912572179
6,FROZEN FOODS,2014-12-14,2859.025,7.26107693125776
6,FROZEN FOODS,2014-12-21,7281.013,27.46345629685974
6,FROZEN FOODS,2014-12-28,5730.96,20.115037967453418
6,FROZEN FOODS,2015-01-04,2636.7569599999997,5.555938270163038
6,FROZEN FOODS,2015-12-06,1893.2089999999998,8.874518244079807
6,FROZEN FOODS,2015-12-13,3001.268,25.687610038709447
6,FROZEN FOODS,2015-12-20,10975.631,78.23880899006333
6,FROZEN FOODS,2015-12-27,10491.745,67.40436189190162
6,FROZEN FOODS,2016-01-03,4197.261,19.401689001131174
6,FROZEN FOODS,2016-11-27,1443.102,7.960776934366141
6,FROZEN FOODS,2016-12-04,1473.442,8.753926718251167
6,FROZEN FOODS,2016-12-11,1971.225,6.1204896461695375
6,FROZEN FOODS,2016-12-18,5674.1990000000005,33.203286775189795
6,FROZEN FOODS,2016-12-25,11274.314,74.32567091866129
6,FROZEN FOODS,2017-01-01,4460.15097,15.44779794305695
6,GROCERY I,2013-05-05,31321.0,5.3861543878811915
6,GROCERY I,2013-12-22,36575.0,5.226049685647188
6,GROCERY I,2014-05-04,32939.0,11.699202816159515
6,GROCERY I,2014-06-08,33374.0,8.597459871475511
6,GROCERY I,2014-11-09,37592.0,14.020726232882295
6,GROCERY I,2014-12-07,37688.0,5.4037689916206295
6,GROCERY I,2014-12-21,39830.0,6.499195274750226
6,GROCERY I,2016-04-24,54987.0,14.045440774182707
6,GROCERY I,2016-08-14,27805.0,-5.013106996109829
6,GROCERY II,2013-12-22,342.0,6.381720262740093
6,GROCERY II,2013-12-29,471.0,11.948122025013973
6,GROCERY II,2014-01-05,462.0,11.369987088319748
6,GROCERY II,2015-01-04,461.0,6.542560366922974
6,GROCERY II,2015-12-06,338.0,7.588021044111696
6,GROCERY II,2015-12-27,348.0,5.084622648362026
6,GROCERY II,2016-01-03,488.0,10.701920050361979
6,GROCERY II,2016-07-10,178.0,-7.644228607401412
6,GROCERY II,2016-07-17,124.0,-7.480715696013148
6,GROCERY II,2016-07-24,161.0,-5.211974050500963
6,GROCERY II,2016-07-31,89.0,-6.576284904896803
6,GROCERY II,2017-01-01,413.0,5.592652547326768
6,GROCERY II,2017-04-23,272.0,6.610009442870633
6,GROCERY II,2017-04-30,316.0,10.229776518728361
6,GROCERY II,2017-05-07,433.0,23.382346328521965
6,GROCERY II,2017-05-14,315.0,9.78011601241063
6,GROCERY II,2017-05-21,438.0,6.041091150094723
6,HARDWARE,2015-02-22,12.0,5.395926075812762
6,HARDWARE,2015-08-16,19.0,7.4193983542425475
6,HARDWARE,2015-09-13,16.0,5.395926075812762
6,HOME AND KITCHEN I,2014-12-21,322.0,7.617777989382722
6,HOME AND KITCHEN I,2014-12-28,330.0,7.935185405607002
6,HOME AND KITCHEN I,2016-01-03,300.0,6.475111290975314
6,HOME AND KITCHEN I,2016-07-03,517.0,13.564758607251527
6,HOME AND KITCHEN I,2016-07-10,534.0,14.20177765786831
6,HOME AND KITCHEN I,2017-01-15,512.0,6.934608120868744
6,HOME AND KITCHEN II,2015-05-24,399.0,17.705382436260624
6,HOME AND KITCHEN II,2015-05-31,318.0,8.730908164335927
6,HOME AND KITCHEN II,2015-06-07,324.0,8.955738417494793
6,HOME AND KITCHEN II,2015-06-14,1010.0,27.126258805036983
6,HOME AND KITCHEN II,2015-09-27,748.0,8.22878726561446
6,HOME AND KITCHEN II,2015-10-04,786.0,8.226142203812593
6,HOME AND KITCHEN II,2015-10-11,1099.0,11.555426596316009
6,HOME APPLIANCES,2015-08-16,8.0,5.395926075812762
6,HOME APPLIANCES,2015-10-18,11.0,7.4193983542425475
6,HOME APPLIANCES,2015-10-25,11.0,7.4193983542425475
6,HOME CARE,2014-11-09,2569.0,5.5553511644163205
6,HOME CARE,2015-01-04,898.0,-5.231416134477007
6,HOME CARE,2015-01-11,0.0,-8.521614961192105
6,HOME CARE,2015-01-18,0.0,-7.029083904596192
6,HOME CARE,2015-01-25,0.0,-5.661206960293097
6,HOME CARE,2016-03-06,2529.0,5.071651672218245
6,HOME CARE,2016-04-24,4162.0,12.529729243610262
6,HOME CARE,2017-04-16,1947.0,-5.937730128507076
6,LADIESWEAR,2015-01-11,0.0,-5.265379477204388
6,LADIESWEAR,2015-01-18,0.0,-5.243621710769659
6,LADIESWEAR,2015-01-25,0.0,-5.079758532308108
6,LAWN AND GARDEN,2013-05-12,111.0,5.089339366959764
6,LAWN AND GARDEN,2016-04-17,68.0,6.070416835289357
6,LAWN AND GARDEN,2016-05-08,80.0,10.117361392148927
6,LAWN AND GARDEN,2016-06-19,87.0,12.140833670578713
6,LAWN AND GARDEN,2016-12-04,109.0,5.106858607465649
6,LAWN AND GARDEN,2017-05-14,322.0,5.207068663159315
6,"LIQUOR,WINE,BEER",2013-05-05,700.0,20.459553037456722
6,"LIQUOR,WINE,BEER",2013-05-12,669.0,16.974684113494312
6,"LIQUOR,WINE,BEER",2013-05-26,631.0,7.621745582085526
6,"LIQUOR,WINE,BEER",2013-06-09,889.0,12.521315637462948
6,"LIQUOR,WINE,BEER",2013-12-29,1569.0,7.017429113746394
6,"LIQUOR,WINE,BEER",2014-12-28,1594.0,8.258399055054896
6,"LIQUOR,WINE,BEER",2015-01-04,1445.0,7.032799992103523
6,"LIQUOR,WINE,BEER",2015-05-03,993.0,8.931187987552157
6,"LIQUOR,WINE,BEER",2015-12-27,1687.0,12.538301439555992
6,"LIQUOR,WINE,BEER",2016-01-03,1573.0,8.182637897860799
6,"LIQUOR,WINE,BEER",2016-12-25,1629.0,9.54886203773294
6,"LIQUOR,WINE,BEER",2017-01-01,1413.0,6.453460970300757
6,MAGAZINES,2014-03-16,18.0,11.46634291110212
6,MAGAZINES,2015-04-12,11.0,7.4193983542425475
6,MAGAZINES,2015-04-26,15.0,10.117361392148927
6,MAGAZINES,2015-05-10,19.0,12.815324430055309
6,MAGAZINES,2015-10-11,71.0,10.454606771887226
6,MAGAZINES,2015-10-18,74.0,8.768379873195737
6,MAGAZINES,2015-10-25,87.0,10.522055847834885
6,MAGAZINES,2015-11-01,66.0,6.4076622150276545
6,MAGAZINES,2016-12-18,98.0,5.6657223796034
6,MAGAZINES,2017-05-07,76.0,6.4076622150276545
6,MEATS,2014-04-20,2679.1911,-6.001642097569537
6,MEATS,2015-11-01,2802.833,-5.826005143131693
6,MEATS,2016-08-14,2960.581,-6.092784993750645
6,PERSONAL CARE,2014-10-05,2974.0,6.798156865250946
6,PERSONAL CARE,2014-11-09,2891.0,7.441156120677276
6,PERSONAL CARE,2016-04-24,4852.0,11.092139133584281
6,PET SUPPLIES,2015-01-11,0.0,-6.648551771983581
6,PET SUPPLIES,2015-01-18,0.0,-6.648551771983581
6,PET SUPPLIES,2015-01-25,0.0,-6.45584012641884
6,PET SUPPLIES,2015-02-01,0.0,-5.648860110616485
6,PET SUPPLIES,2015-07-19,67.0,6.857322721345384
6,PET SUPPLIES,2016-04-03,86.0,5.171095822653896
6,PET SUPPLIES,2016-04-24,87.0,5.395926075812762
6,PLAYERS AND ELECTRONICS,2015-12-27,127.0,5.395926075812762
6,PLAYERS AND ELECTRONICS,2017-01-01,170.0,5.530824227708081
6,POULTRY,2013-11-10,4762.763999999999,9.093564372203645
6,POULTRY,2013-11-17,4774.711,8.785713525275513
6,POULTRY,2013-11-24,4828.1900000000005,8.536275644887583
6,POULTRY,2013-12-01,4723.806,5.282094984614786
6,POULTRY,2013-12-08,5070.862999999999,5.668781070430094
6,PREPARED FOODS,2013-12-08,1084.0510100000001,5.37077283058007
6,PREPARED FOODS,2015-04-05,1456.16099,8.285507914894179
6,PREPARED FOODS,2016-03-20,1159.481,5.416536002859084
6,PREPARED FOODS,2016-03-27,1395.519,13.005338511527256
6,PRODUCE,2014-01-05,14732.22,657.098790413238
6,PRODUCE,2014-01-12,21022.8173,939.8721750078691
6,PRODUCE,2014-01-19,20476.4797,915.2155987229643
6,PRODUCE,2014-01-26,19792.0805,884.4408696434193
6,PRODUCE,2014-02-02,11573.561399999999,137.39812057967663
6,PRODUCE,2014-03-02,5644.722,55.88791598706613
6,PRODUCE,2014-03-09,21952.0784,149.59295446223817
6,PRODUCE,2014-07-06,17458.3171,90.64485028919447
6,PRODUCE,2014-07-13,18430.518,95.72811016054972
6,PRODUCE,2014-07-20,18675.6351,96.99404618117973
6,PRODUCE,2014-07-27,17898.694,92.93172375786514
6,PRODUCE,2014-08-03,9207.803100000001,47.16103754456084
6,PRODUCE,2014-09-07,21962.887000000002,507.40048935467524
6,PRODUCE,2014-09-14,20392.014,105.21540306835782
6,PRODUCE,2014-11-02,15719.4799,-6.597837801397764
6,PRODUCE,2014-11-09,21965.611,7.936117797420314
6,PRODUCE,2015-01-04,9257.317,-10.630560563167302
6,PRODUCE,2015-01-11,104.0,-20.95488047339552
6,PRODUCE,2015-01-18,90.0,-16.568362968076837
6,PRODUCE,2015-01-25,93.0,-14.259305551567214
6,PRODUCE,2015-02-01,97.0,-13.111122133644203
6,PRODUCE,2015-02-08,90.0,-13.116233361412615
6,PRODUCE,2015-02-15,157.0,-13.009042006969215
6,PRODUCE,2015-05-10,278.0,8.479312404848626
6,PRODUCE,2015-06-07,20579.445,1726.4809287737758
6,PRODUCE,2015-06-14,18982.4009,909.6182815902565
6,PRODUCE,2015-06-21,19811.164,886.2432663339181
6,PRODUCE,2015-06-28,20165.6921,795.8868799644504
6,PRODUCE,2015-07-05,20726.33,479.3612805090778
6,PRODUCE,2015-07-12,19861.859,214.29070769311107
6,PRODUCE,2015-07-19,19899.927,75.19777525354722
6,PRODUCE,2016-01-10,23949.023999999998,5.377408714290685
6,PRODUCE,2017-01-08,25038.5199,6.002209101717779
6,SEAFOOD,2013-06-16,147.852001,-6.56805314044229
6,SEAFOOD,2013-06-23,147.768999,-6.571673191243332
6,SEAFOOD,2014-08-10,204.83499999999998,-5.495253701925689
6,SEAFOOD,2015-09-06,374.907,5.019599236686603
6,SEAFOOD,2015-12-20,188.16500000000002,-6.728140377326404
6,SEAFOOD,2015-12-27,161.849,-7.719158809319592
6,SEAFOOD,2016-08-14,263.063,-7.448962167946397
7,AUTOMOTIVE,2014-10-05,58.0,10.791852151625523
7,AUTOMOTIVE,2015-06-07,65.0,5.126129772022124
7,BEAUTY,2013-08-25,28.0,5.395926075812762
7,BEAUTY,2013-10-27,39.0,6.070416835289357
7,BEAUTY,2016-03-20,47.0,5.395926075812762
7,BEVERAGES,2013-07-14,10014.0,-5.1641512588497624
7,BEVERAGES,2014-01-05,22136.0,10.409253082887938
7,BEVERAGES,2014-01-12,26892.0,15.940077310596019
7,BEVERAGES,2014-01-19,27313.0,16.21452527479684
7,BEVERAGES,2014-01-26,26621.0,11.774321335322405
7,BEVERAGES,2014-02-02,21648.0,5.810372205129706
7,BEVERAGES,2014-03-09,29153.0,8.272847695261532
7,BEVERAGES,2014-07-13,25172.0,5.303050373040589
7,BEVERAGES,2014-07-20,24630.0,5.027975887234484
7,BEVERAGES,2014-09-07,29629.0,5.546942711519136
7,BEVERAGES,2015-01-04,16240.0,-5.500922945308272
7,BEVERAGES,2015-01-11,16557.0,-5.281228408592122
7,BEVERAGES,2015-01-18,15405.0,-5.1939797340081055
7,BEVERAGES,2015-01-25,14381.0,-5.550267200566693
7,BEVERAGES,2015-05-31,28698.0,5.823685542483545
7,BEVERAGES,2015-06-07,32366.0,7.458912118081094
7,BEVERAGES,2015-06-14,28194.0,5.043293074185264
7,BEVERAGES,2015-06-21,30775.0,5.393260104431431
7,BEVERAGES,2016-04-24,43132.0,5.83379371462829
7,BEVERAGES,2017-04-16,28078.0,-6.296535513967758
7,BREAD/BAKERY,2015-12-27,3757.675,-5.075640265436043
7,BREAD/BAKERY,2016-01-03,3586.39203,-5.52781930436107
7,BREAD/BAKERY,2017-07-16,4522.317,-5.926614264157704
7,BREAD/BAKERY,2017-07-23,4463.092,-6.216448721553518
7,BREAD/BAKERY,2017-07-30,4481.393,-6.126887549670008
7,BREAD/BAKERY,2017-08-06,4345.619,-6.410218165885932
7,CLEANING,2014-09-07,8322.0,5.619626528704496
7,CLEANING,2016-01-10,10119.0,5.34729508061539
7,DAIRY,2017-01-01,7545.0,-5.560883055032582
7,DELI,2013-12-22,1228.5329900000002,5.457043586883941
7,DELI,2017-04-16,1070.068,-5.169977651598519
7,EGGS,2013-12-29,1376.0,-7.29799001753676
7,EGGS,2014-04-06,2241.0,5.6882054049192865
7,EGGS,2014-07-27,1637.0,-5.306842390598872
7,EGGS,2014-12-28,1499.0,-5.366600390618127
7,EGGS,2015-06-07,2147.0,7.004327117641566
7,EGGS,2015-07-19,1864.0,-7.626933972543038
7,EGGS,2016-01-03,1557.0,-5.1526671133785795
7,FROZEN FOODS,2013-12-01,1998.115,5.63708432484014
7,FROZEN FOODS,2013-12-15,3415.09797,12.136880887198286
7,FROZEN FOODS,2013-12-22,6398.379999999999,22.31455172389276
7,FROZEN FOODS,2013-12-29,3584.3450000000003,8.452260918272064
7,FROZEN FOODS,2014-12-14,2899.438,7.368186433194249
7,FROZEN FOODS,2014-12-21,5490.806,20.520837022143933
7,FROZEN FOODS,2014-12-28,3143.766,6.416069845431189
7,FROZEN FOODS,2015-12-13,3864.337,10.447036436083689
7,FROZEN FOODS,2015-12-20,8181.861,31.945595794131265
7,FROZEN FOODS,2015-12-27,6311.9019,22.570492596804403
7,FROZEN FOODS,2016-11-20,2081.32,5.418804846736848
7,FROZEN FOODS,2016-11-27,2326.093,5.600138337939456
7,FROZEN FOODS,2016-12-11,2925.17098,11.937636757235625
7,FROZEN FOODS,2016-12-18,5609.374,21.181313801834232
7,FROZEN FOODS,2016-12-25,8496.84,30.059862260116176
7,GROCERY I,2013-12-01,30547.0,5.178737638056434
7,GROCERY I,2013-12-15,37135.0,8.911362261385321
7,GROCERY I,2014-07-06,25301.0,5.052435411264495
7,GROCERY I,2015-04-12,27338.0,5.934708484283556
7,GROCERY I,2015-05-10,27555.0,5.69975074224366
7,GROCERY I,2015-06-07,28494.0,5.5508330444963825
7,GROCERY I,2016-04-17,38106.0,7.803238617423081
7,GROCERY I,2016-04-24,53834.0,15.316612353386063
7,GROCERY I,2017-04-02,34971.0,6.658091952457083
7,GROCERY I,2017-04-16,27050.0,-11.13466263664003
7,GROCERY II,2013-12-22,464.0,6.520077341607087
7,HARDWARE,2014-01-12,22.0,6.070416835289357
7,HARDWARE,2014-07-06,19.0,6.070416835289357
7,HOME AND KITCHEN I,2014-09-21,144.0,5.620756328971627
7,HOME AND KITCHEN I,2017-01-15,403.0,5.353770403345474
7,HOME AND KITCHEN I,2017-07-02,301.0,7.004327117641566
7,HOME AND KITCHEN I,2017-07-09,549.0,18.452140062823997
7,HOME AND KITCHEN I,2017-07-16,541.0,11.31304955667562
7,HOME AND KITCHEN II,2015-01-18,123.0,8.093889113719143
7,HOME AND KITCHEN II,2015-05-24,269.0,10.229776518728361
7,HOME AND KITCHEN II,2015-05-31,394.0,17.255721929942894
7,HOME AND KITCHEN II,2015-06-07,385.0,16.749853860335445
7,HOME AND KITCHEN II,2015-06-14,214.0,7.138360537793965
7,HOME AND KITCHEN II,2015-07-05,237.0,5.171095822653896
7,HOME AND KITCHEN II,2015-07-12,301.0,7.044681265644439
7,HOME AND KITCHEN II,2015-10-25,536.0,8.36790098475651
7,HOME AND KITCHEN II,2016-08-21,272.0,9.386663069382616
7,HOME AND KITCHEN II,2016-09-04,256.0,6.648551771983581
7,HOME AND KITCHEN II,2017-03-19,318.0,6.829218939700526
7,HOME AND KITCHEN II,2017-05-28,245.0,6.491973559962229
7,HOME AND KITCHEN II,2017-06-11,529.0,15.873015873015875
7,HOME APPLIANCES,2015-08-16,16.0,10.791852151625523
7,HOME CARE,2015-01-11,0.0,-7.044117781300682
7,HOME CARE,2015-01-18,0.0,-7.018760985831637
7,HOME CARE,2015-01-25,0.0,-5.667419211702712
7,HOME CARE,2016-04-24,3579.0,10.698818943421855
7,HOME CARE,2017-01-08,2526.0,6.799808005421024
7,LADIESWEAR,2014-03-16,52.0,8.093889113719143
7,LADIESWEAR,2016-01-31,111.0,5.530824227708081
7,LAWN AND GARDEN,2016-12-04,193.0,6.576284904896803
7,LAWN AND GARDEN,2016-12-11,304.0,9.806057964698192
7,LAWN AND GARDEN,2016-12-18,261.0,7.575050067967916
7,LAWN AND GARDEN,2016-12-25,264.0,6.385179189711768
7,LAWN AND GARDEN,2017-01-08,333.0,5.5425545017859355
7,LINGERIE,2015-12-20,24.0,-5.395926075812762
7,LINGERIE,2016-06-12,36.0,-5.395926075812762
7,"LIQUOR,WINE,BEER",2013-12-22,1723.0,7.511374366898447
7,"LIQUOR,WINE,BEER",2014-06-15,1803.0,9.587404366845888
7,"LIQUOR,WINE,BEER",2014-06-22,1620.0,7.262820142221194
7,"LIQUOR,WINE,BEER",2014-12-07,1473.0,7.898641788607496
7,"LIQUOR,WINE,BEER",2014-12-21,1625.0,7.306983227663114
7,"LIQUOR,WINE,BEER",2014-12-28,1792.0,7.919826982241311
7,"LIQUOR,WINE,BEER",2015-05-03,1392.0,7.056211022216688
7,"LIQUOR,WINE,BEER",2015-10-11,1461.0,5.63199784162957
7,"LIQUOR,WINE,BEER",2015-12-20,1771.0,7.076236388894805
7,"LIQUOR,WINE,BEER",2015-12-27,2263.0,10.811690115139541
7,"LIQUOR,WINE,BEER",2016-12-25,2059.0,6.3164075828631745
7,MAGAZINES,2014-09-21,59.0,12.590494176896444
7,MAGAZINES,2015-04-12,11.0,7.4193983542425475
7,MAGAZINES,2015-04-19,47.0,31.701065695399976
7,MAGAZINES,2015-04-26,46.0,31.026574935923378
7,MAGAZINES,2015-05-03,44.0,29.67759341697019
7,MAGAZINES,2015-05-10,37.0,24.956158100634024
7,MAGAZINES,2015-05-17,57.0,38.445973290165924
7,MAGAZINES,2015-05-24,49.0,32.37555645487657
7,MAGAZINES,2015-10-18,162.0,8.633481721300418
7,MAGAZINES,2015-10-25,135.0,6.812356670713612
7,MEATS,2013-12-29,2609.578,-6.728879471235563
7,MEATS,2015-12-27,2438.536,-6.04506164578796
7,MEATS,2017-01-01,2454.677,-5.2740512807273765
7,MEATS,2017-04-16,2469.13,-5.164512499381397
7,PERSONAL CARE,2016-04-24,3575.0,8.494937673407929
7,PET SUPPLIES,2015-07-19,38.0,5.73317145555106
7,PLAYERS AND ELECTRONICS,2015-08-02,69.0,5.901794145420208
7,POULTRY,2013-11-10,4578.66303,28.017716849330885
7,POULTRY,2013-11-17,4760.869000000001,14.677018963049608
7,POULTRY,2013-11-24,4747.49497,12.990216949555434
7,POULTRY,2013-12-01,4587.96398,10.409395179437126
7,POULTRY,2013-12-08,4698.862,10.61977753422772
7,POULTRY,2013-12-15,4753.26,8.608109329179786
7,POULTRY,2015-01-04,2478.091,-7.107838167856757
7,POULTRY,2015-12-27,3183.905,-8.779214752426984
7,POULTRY,2016-01-03,3348.65797,-7.860018803436351
7,POULTRY,2017-01-01,3256.28204,-7.982739739869604
7,POULTRY,2017-04-16,3431.274,-6.1755482141560405
7,PREPARED FOODS,2016-12-25,1023.82501,-6.844316023225833
7,PREPARED FOODS,2017-01-01,903.07799,-5.304543131564935
7,PRODUCE,2013-09-15,79.0,-7.4193983542425475
7,PRODUCE,2013-09-29,91.0,-5.2610279239174425
7,PRODUCE,2014-01-05,25476.606,1711.1564818561988
7,PRODUCE,2014-01-12,39699.3197,2670.330480237421
7,PRODUCE,2014-01-19,36898.932,2481.3120194253343
7,PRODUCE,2014-01-26,35397.153,2380.018413597734
7,PRODUCE,2014-02-02,24237.560699999998,1479.2539335074746
7,PRODUCE,2014-03-02,7177.424,105.55666471813781
7,PRODUCE,2014-03-09,36626.492,473.10976558851917
7,PRODUCE,2014-07-06,30209.983,390.36130654048503
7,PRODUCE,2014-07-13,33707.66,435.72959146613545
7,PRODUCE,2014-07-20,32362.777000000002,418.2592042046717
7,PRODUCE,2014-07-27,30411.349000000002,392.8045974327845
7,PRODUCE,2014-08-03,18593.446,239.22949807510716
7,PRODUCE,2014-09-07,39987.154,814.6857895016536
7,PRODUCE,2014-09-14,38663.872,418.9879157365222
7,PRODUCE,2014-12-28,24917.8329,-5.208322511504145
7,PRODUCE,2015-01-04,13150.007,-10.451616468734857
7,PRODUCE,2015-01-11,114.0,-16.335727525343806
7,PRODUCE,2015-01-18,95.0,-12.848933718633106
7,PRODUCE,2015-01-25,89.0,-12.581099294697053
7,PRODUCE,2015-02-01,70.0,-10.401666626198473
7,PRODUCE,2015-02-08,89.0,-6.423993970356794
7,PRODUCE,2015-05-03,195.0,5.032738743786903
7,PRODUCE,2015-05-10,212.0,5.810997312413743
7,PRODUCE,2015-06-07,39243.2427,2030.4373138664928
7,PRODUCE,2015-06-14,37224.701,1925.7074889227868
7,PRODUCE,2015-06-21,38280.0693,1838.906038619414
7,PRODUCE,2015-06-28,37252.416,1669.8329960879537
7,PRODUCE,2015-07-05,38664.7,1299.8010252259544
7,PRODUCE,2015-07-12,37368.876000000004,263.93090374661875
7,PRODUCE,2015-07-19,34732.21,226.05400640962677
7,PRODUCE,2015-07-26,33471.367,-8.256572355832517
7,PRODUCE,2016-07-17,35325.193,-6.364890604762506
7,PRODUCE,2016-07-24,35347.6693,-5.458042186259118
7,PRODUCE,2016-07-31,32646.739999999998,-5.7996739385481355
7,PRODUCE,2017-04-16,32700.804,-6.986294985463871
7,PRODUCE,2017-08-13,31555.188000000002,-5.672255712744383
7,SCHOOL AND OFFICE SUPPLIES,2016-08-28,23.0,13.489815189531905
7,SCHOOL AND OFFICE SUPPLIES,2016-09-04,34.0,20.909213543774452
7,SCHOOL AND OFFICE SUPPLIES,2016-09-11,41.0,12.815324430055309
7,SCHOOL AND OFFICE SUPPLIES,2016-09-18,18.0,5.058680696074464
7,SEAFOOD,2014-05-25,521.9796,7.526566242754221
7,SEAFOOD,2014-06-08,548.467996,8.861219441192542
7,SEAFOOD,2015-08-09,301.124003,-6.247426746080681
8,AUTOMOTIVE,2014-06-22,86.0,10.454606771887226
8,AUTOMOTIVE,2016-05-22,14.0,-5.395926075812762
8,BEAUTY,2014-01-12,53.0,5.171095822653896
8,BEAUTY,2014-04-20,45.0,7.4193983542425475
8,BEAUTY,2014-08-03,76.0,8.768379873195737
8,BEAUTY,2016-07-10,102.0,13.827060569270202
8,BEAUTY,2016-07-17,80.0,6.4076622150276545
8,BEAUTY,2016-08-07,80.0,6.070416835289357
8,BEVERAGES,2014-01-05,29470.0,19.82290063761156
8,BEVERAGES,2014-01-12,31965.0,23.116157868324095
8,BEVERAGES,2014-01-19,31912.0,22.21331700828106
8,BEVERAGES,2014-01-26,30689.0,16.49908165488902
8,BEVERAGES,2014-02-02,22651.0,7.71596833703531
8,BEVERAGES,2014-03-09,34208.0,8.623467868483065
8,BEVERAGES,2014-03-16,31554.0,5.301920395049473
8,BEVERAGES,2014-07-06,30529.0,6.71378409235108
8,BEVERAGES,2014-07-13,28192.0,5.674703733157406
8,BEVERAGES,2014-07-20,31135.0,6.983224698971262
8,BEVERAGES,2014-07-27,29338.0,6.184239929835177
8,BEVERAGES,2014-09-07,35116.0,10.154319789928469
8,BEVERAGES,2014-09-14,31716.0,7.321055106950441
8,BEVERAGES,2015-01-11,18182.0,-5.9986928179083945
8,BEVERAGES,2015-01-25,14681.0,-5.932781178620513
8,BEVERAGES,2015-05-31,31973.0,7.5518348610302874
8,BEVERAGES,2015-06-07,34315.0,8.61477321848282
8,BEVERAGES,2015-06-14,31874.0,6.526518181637621
8,BEVERAGES,2015-06-21,32976.0,5.706155068182378
8,BEVERAGES,2016-04-24,59673.0,11.713250964136122
8,BREAD/BAKERY,2015-08-09,4929.375,-5.556795876425088
8,BREAD/BAKERY,2015-12-27,4523.141,-11.38463216981033
8,CELEBRATION,2015-01-11,0.0,-6.239039525158506
8,CELEBRATION,2015-01-18,0.0,-5.901794145420208
8,CELEBRATION,2015-01-25,0.0,-5.775327128018347
8,CELEBRATION,2015-12-13,387.0,10.065477487573807
8,CELEBRATION,2015-12-20,374.0,9.339102823522088
8,CELEBRATION,2015-12-27,469.0,14.1643059490085
8,CELEBRATION,2016-12-25,508.0,8.243775949158385
8,CLEANING,2013-11-10,8882.0,5.375640639437526
8,CLEANING,2015-03-29,8383.0,-5.2802990884739165
8,CLEANING,2015-04-19,8733.0,-23.140221440504728
8,CLEANING,2015-04-26,8805.0,-17.848063173842213
8,CLEANING,2015-10-04,12072.0,6.722891575910633
8,CLEANING,2017-01-08,13102.0,8.073007046862282
8,DAIRY,2013-11-10,8381.0,7.1423753637432315
8,DAIRY,2013-11-17,8631.0,7.506720818639071
8,DAIRY,2013-11-24,8759.0,7.606087760883391
8,DAIRY,2013-12-01,9068.0,8.494368002158371
8,DAIRY,2013-12-08,9283.0,8.093889113719142
8,DAIRY,2013-12-15,9564.0,7.858657460947946
8,EGGS,2013-12-29,1695.0,-6.261310446461978
8,EGGS,2014-03-09,2742.0,7.189784478676047
8,EGGS,2015-08-09,1996.0,-5.019466117035127
8,FROZEN FOODS,2013-12-15,3541.94397,16.08667446846429
8,FROZEN FOODS,2013-12-22,10480.028,53.62920548915242
8,FROZEN FOODS,2013-12-29,4971.41997,17.98984715598077
8,FROZEN FOODS,2014-12-07,1894.71,5.820780032265245
8,FROZEN FOODS,2014-12-14,4116.14709,28.722847521300373
8,FROZEN FOODS,2014-12-21,8051.558,69.89610087308637
8,FROZEN FOODS,2014-12-28,5084.21,17.460229153366214
8,FROZEN FOODS,2015-12-06,2151.765,6.6051701873977935
8,FROZEN FOODS,2015-12-13,4859.219,30.790279757204058
8,FROZEN FOODS,2015-12-20,12891.012999999999,68.50248596525545
8,FROZEN FOODS,2015-12-27,9582.8139,47.69893575914087
8,FROZEN FOODS,2016-01-03,3395.506,5.757870069860591
8,FROZEN FOODS,2016-12-04,1972.059,5.592997506767359
8,FROZEN FOODS,2016-12-11,2561.392,11.087421632639959
8,FROZEN FOODS,2016-12-18,9437.838,62.35824995058738
8,FROZEN FOODS,2016-12-25,11057.295,74.87970099511867
8,FROZEN FOODS,2017-01-01,3661.825,16.567672703863877
8,GROCERY I,2013-10-06,30770.0,5.369630139770789
8,GROCERY I,2013-12-08,36204.0,6.460911485512649
8,GROCERY I,2013-12-15,37906.0,7.834097218322656
8,GROCERY I,2013-12-22,44064.0,7.100824796622365
8,GROCERY I,2014-12-14,47390.0,10.278433812322444
8,GROCERY I,2014-12-21,50928.0,8.77906487532606
8,GROCERY I,2016-04-24,62867.0,8.469056506114708
8,GROCERY I,2016-12-04,45129.0,5.37254981111408
8,GROCERY II,2015-12-20,498.0,7.925266423849994
8,GROCERY II,2015-12-27,489.0,7.621745582085526
8,GROCERY II,2017-01-01,556.0,5.16063860157674
8,HARDWARE,2015-06-07,28.0,6.070416835289357
8,HOME AND KITCHEN I,2015-06-07,502.0,13.541699094107027
8,HOME AND KITCHEN I,2015-06-14,435.0,10.065477487573807
8,HOME AND KITCHEN I,2015-06-21,389.0,7.626933972543038
8,HOME AND KITCHEN I,2016-07-10,935.0,10.840030063016709
8,HOME AND KITCHEN II,2015-06-14,447.0,11.863102181382468
8,HOME AND KITCHEN II,2015-06-21,545.0,15.711667103101863
8,HOME AND KITCHEN II,2015-09-06,318.0,5.2995702530303905
8,HOME AND KITCHEN II,2015-10-04,299.0,5.058680696074464
8,HOME AND KITCHEN II,2015-10-11,718.0,25.245225568981134
8,HOME AND KITCHEN II,2015-10-18,1018.0,29.145100712120243
8,HOME AND KITCHEN II,2015-10-25,835.0,16.997167138810198
8,HOME AND KITCHEN II,2017-07-30,571.0,8.29061558523315
8,HOME CARE,2015-01-04,909.0,-5.5292999548053094
8,HOME CARE,2015-01-11,0.0,-8.71884100385565
8,HOME CARE,2015-01-18,0.0,-8.509253479724505
8,HOME CARE,2015-01-25,0.0,-8.26536981528099
8,HOME CARE,2015-02-01,0.0,-5.168704011450079
8,HOME CARE,2015-02-08,0.0,-5.168704011450079
8,HOME CARE,2016-04-24,4607.0,9.618238230136248
8,LADIESWEAR,2015-01-04,155.0,-7.392418723863483
8,LADIESWEAR,2015-01-11,0.0,-11.277485498448671
8,LADIESWEAR,2015-01-18,0.0,-10.899770673141779
8,LADIESWEAR,2016-01-03,122.0,-5.56454876568191
8,LADIESWEAR,2016-10-02,364.0,8.018945695999522
8,LAWN AND GARDEN,2016-02-21,70.0,-11.12909753136382
8,LAWN AND GARDEN,2016-03-13,119.0,6.4076622150276545
8,LAWN AND GARDEN,2016-12-04,225.0,7.217051126399569
8,LAWN AND GARDEN,2016-12-11,241.0,5.100836368541751
8,LAWN AND GARDEN,2016-12-18,257.0,5.775327128018347
8,LAWN AND GARDEN,2016-12-25,294.0,7.335087009307973
8,LAWN AND GARDEN,2017-01-01,326.0,7.7191720251210345
8,LAWN AND GARDEN,2017-07-16,253.0,-5.901794145420208
8,LAWN AND GARDEN,2017-08-06,219.0,-5.021208987214654
8,LINGERIE,2013-12-22,229.0,10.11736139214893
8,LINGERIE,2014-01-05,203.0,6.340213139079995
8,LINGERIE,2014-01-12,199.0,5.800620531498719
8,LINGERIE,2015-05-31,345.0,13.692162417374883
8,LINGERIE,2015-09-06,268.0,6.0704168352893575
8,"LIQUOR,WINE,BEER",2013-12-08,1317.0,5.201361433656052
8,"LIQUOR,WINE,BEER",2013-12-22,1830.0,7.697625792526643
8,"LIQUOR,WINE,BEER",2013-12-29,2026.0,9.3501281532443
8,"LIQUOR,WINE,BEER",2014-06-15,1622.0,8.42500275928038
8,"LIQUOR,WINE,BEER",2014-12-07,1469.0,24.155200323755565
8,"LIQUOR,WINE,BEER",2014-12-21,1650.0,7.678817877118161
8,"LIQUOR,WINE,BEER",2014-12-28,1835.0,8.271879730803244
8,"LIQUOR,WINE,BEER",2015-11-29,1578.0,6.009099493518757
8,"LIQUOR,WINE,BEER",2016-12-18,2187.0,6.907044796563211
8,"LIQUOR,WINE,BEER",2016-12-25,3003.0,11.490869847810359
8,MAGAZINES,2014-10-19,46.0,22.25819506272764
8,MAGAZINES,2014-10-26,30.0,11.46634291110212
8,MAGAZINES,2014-11-02,34.0,14.164305949008499
8,MAGAZINES,2014-11-16,42.0,8.43113449345744
8,MAGAZINES,2015-10-04,76.0,5.395926075812762
8,MAGAZINES,2015-10-11,103.0,5.56454876568191
8,MAGAZINES,2015-10-18,145.0,8.093889113719143
8,MAGAZINES,2015-10-25,115.0,5.845586582130492
8,MEATS,2014-12-28,2772.678,-5.850591409973281
8,PERSONAL CARE,2013-11-17,2004.0,5.241124917900101
8,PERSONAL CARE,2016-04-24,9055.0,44.14848607483168
8,PET SUPPLIES,2015-01-11,0.0,-7.194568101083682
8,PET SUPPLIES,2015-01-18,0.0,-7.11962468336406
8,PET SUPPLIES,2015-01-25,0.0,-6.969737847924817
8,PET SUPPLIES,2015-02-01,0.0,-5.227303385943612
8,PET SUPPLIES,2017-01-08,196.0,6.359484303636469
8,PLAYERS AND ELECTRONICS,2016-04-24,211.0,6.014209271999641
8,POULTRY,2013-11-10,4723.033,20.05726835959597
8,POULTRY,2013-11-17,4718.241,17.04985777604112
8,POULTRY,2013-11-24,4921.99,12.423965722023924
8,POULTRY,2013-12-01,4735.96796,10.009378032456166
8,POULTRY,2013-12-08,4523.668,8.706703598994425
8,POULTRY,2013-12-15,4782.222,9.600559939805516
8,POULTRY,2013-12-22,5574.30403,5.6937889864062114
8,POULTRY,2014-12-28,4130.84993,-5.666076072651415
8,POULTRY,2015-01-04,3940.413,-6.830957535507476
8,POULTRY,2015-02-15,4012.64697,-6.59805441518021
8,POULTRY,2015-11-08,5616.635,6.110016398144465
8,POULTRY,2016-08-14,3835.424,-5.53673973189639
8,PREPARED FOODS,2013-12-08,1797.12798,7.96536544177337
8,PREPARED FOODS,2015-04-05,2102.147,5.574871508094165
8,PREPARED FOODS,2017-02-05,1652.70599,5.654687456935615
8,PRODUCE,2014-01-05,24574.558,3313.1738837177936
8,PRODUCE,2014-01-12,38844.3942,5238.013516794821
8,PRODUCE,2014-01-19,36072.0273,4864.026345609066
8,PRODUCE,2014-01-26,34629.149000000005,4669.384729529206
8,PRODUCE,2014-02-02,20876.1904,2344.663698907325
8,PRODUCE,2014-03-02,8677.295,530.7196816403616
8,PRODUCE,2014-03-09,38499.4284,1996.3592234017165
8,PRODUCE,2014-07-06,31818.408,1340.5254283016322
8,PRODUCE,2014-07-13,32249.8111,1358.7115160866047
8,PRODUCE,2014-07-20,33283.926999999996,1402.3053672602184
8,PRODUCE,2014-07-27,31706.109,1335.7913884392285
8,PRODUCE,2014-08-03,18029.88,759.2186024551464
8,PRODUCE,2014-09-07,37696.109,1954.4723406904711
8,PRODUCE,2014-09-14,36089.2842,1870.9483443846052
8,PRODUCE,2015-01-04,15809.908,-9.794402158534941
8,PRODUCE,2015-01-11,9.0,-17.909303201692477
8,PRODUCE,2015-01-18,13.0,-17.797912029542694
8,PRODUCE,2015-01-25,11.0,-16.389102257216887
8,PRODUCE,2015-02-01,17.0,-15.21082244300612
8,PRODUCE,2015-02-08,14.0,-15.212144944431694
8,PRODUCE,2015-05-10,39.0,5.171095822653896
8,PRODUCE,2015-06-07,35797.0431,8044.211317954944
8,PRODUCE,2015-06-14,35189.068,7907.520122307657
8,PRODUCE,2015-06-21,34559.619,7765.5512837807455
8,PRODUCE,2015-06-28,34131.004,1642.8187932396756
8,PRODUCE,2015-07-05,36888.325,1553.703165047889
8,PRODUCE,2015-07-12,32215.0231,1033.4811784959497
8,PRODUCE,2015-07-19,34754.294,1064.3247734324223
8,PRODUCE,2016-01-10,43244.753,5.930856497439019
8,SCHOOL AND OFFICE SUPPLIES,2016-08-21,14.0,7.4193983542425475
8,SCHOOL AND OFFICE SUPPLIES,2016-08-28,17.0,9.442870632672333
8,SCHOOL AND OFFICE SUPPLIES,2016-09-04,33.0,20.234722784297855
8,SCHOOL AND OFFICE SUPPLIES,2016-09-11,39.0,24.281667341157426
8,SCHOOL AND OFFICE SUPPLIES,2016-09-18,15.0,7.4193983542425475
8,SCHOOL AND OFFICE SUPPLIES,2016-09-25,18.0,9.442870632672333
8,SCHOOL AND OFFICE SUPPLIES,2017-08-06,19.0,5.395926075812762
8,SEAFOOD,2014-03-09,475.499709,9.671750079962345
8,SEAFOOD,2014-03-16,492.269396,10.918626785470215
8,SEAFOOD,2014-05-11,451.4173,5.520307714300079
8,SEAFOOD,2015-12-27,233.212,-5.327122285245916
9,AUTOMOTIVE,2013-04-28,130.0,7.149602050451909
9,AUTOMOTIVE,2013-05-05,133.0,5.2995702530303905
9,AUTOMOTIVE,2013-05-12,145.0,5.021208987214654
9,BEAUTY,2013-09-22,36.0,5.395926075812762
9,BEAUTY,2013-11-10,49.0,5.395926075812762
9,BEAUTY,2014-09-07,71.0,11.241512657943252
9,BEAUTY,2014-12-21,64.0,7.194568101083682
9,BEAUTY,2015-12-06,79.0,5.620756328971626
9,BEVERAGES,2014-01-05,21338.0,14.734927761119302
9,BEVERAGES,2014-01-12,20410.0,13.514796328771777
9,BEVERAGES,2014-01-19,20778.0,13.009607094469763
9,BEVERAGES,2014-01-26,19845.0,11.38691918036665
9,BEVERAGES,2014-02-02,15109.0,5.515672623690853
9,BEVERAGES,2014-03-09,26816.0,6.122646004807206
9,BEVERAGES,2014-07-06,24958.0,12.548010914336363
9,BEVERAGES,2014-07-13,20319.0,8.708792959475106
9,BEVERAGES,2014-07-20,20427.0,8.673206330447506
9,BEVERAGES,2014-07-27,20477.0,8.71458613164239
9,BEVERAGES,2014-09-07,29363.0,6.899108607212081
9,BEVERAGES,2015-05-31,24643.0,8.38404962368595
9,BEVERAGES,2015-06-07,29142.0,10.75065289057547
9,BEVERAGES,2015-06-14,23258.0,7.077580155795934
9,BEVERAGES,2015-06-21,22820.0,6.427930718651326
9,BEVERAGES,2015-06-28,22618.0,6.256211451839672
9,BEVERAGES,2016-04-24,36208.0,5.7926208847981835
9,BREAD/BAKERY,2014-03-09,4717.0,8.311693421466792
9,BREAD/BAKERY,2014-06-08,4518.0,5.409833101781351
9,BREAD/BAKERY,2014-07-27,4660.0,5.997677635737959
9,BREAD/BAKERY,2014-08-03,6376.0,14.926773764068997
9,BREAD/BAKERY,2015-11-01,3033.0,-9.371871605359006
9,BREAD/BAKERY,2015-11-08,4279.0,5.419592418250536
9,BREAD/BAKERY,2016-03-06,4490.0,5.070112742845254
9,CELEBRATION,2016-05-22,269.0,10.716908733905901
9,CLEANING,2014-10-05,15601.0,5.961893882135281
9,CLEANING,2014-11-09,15352.0,6.051184919540534
9,DAIRY,2013-11-10,5276.0,17.242750953799113
9,DAIRY,2013-11-17,5388.0,14.132404359033256
9,DAIRY,2013-11-24,4912.0,11.435075127550224
9,DAIRY,2013-12-01,5197.0,12.681319643404331
9,DAIRY,2013-12-08,6118.0,9.458142121566143
9,DAIRY,2013-12-15,5067.0,5.302412607684738
9,DAIRY,2014-04-06,6763.0,7.331016806449063
9,DAIRY,2016-03-06,7794.0,10.112677428541453
9,DAIRY,2016-04-03,7831.0,7.435849348376123
9,DELI,2014-04-06,4332.9377,6.030373799165196
9,DELI,2014-05-04,4291.812,5.587062937612193
9,DELI,2014-07-06,4299.709,5.350021116405196
9,DELI,2014-08-03,4322.567,5.0923042827749105
9,DELI,2014-08-10,4737.888,7.664524148682933
9,DELI,2014-10-05,5389.09,6.8233644164709615
9,DELI,2014-11-09,5705.53,7.636141209645233
9,EGGS,2013-08-25,1327.0,5.154127501660775
9,EGGS,2013-09-01,1322.0,5.090496297936568
9,EGGS,2014-03-09,1502.0,5.530824227708081
9,EGGS,2014-04-06,1553.0,7.11962468336406
9,EGGS,2014-04-20,1502.0,6.164096107438884
9,EGGS,2015-11-15,994.0,-5.6657223796034
9,FROZEN FOODS,2013-10-06,488.959,5.331405738716227
9,FROZEN FOODS,2013-12-15,737.066,7.260381868886716
9,FROZEN FOODS,2013-12-22,6204.64,94.13134843556006
9,FROZEN FOODS,2013-12-29,5085.826,75.92380839374545
9,FROZEN FOODS,2014-01-05,1942.57905,24.39237733063433
9,FROZEN FOODS,2014-07-06,807.1949999999999,6.996584299002278
9,FROZEN FOODS,2014-11-09,1012.294,5.223960270301378
9,FROZEN FOODS,2014-12-14,1705.1280000000002,10.684618504721154
9,FROZEN FOODS,2014-12-21,7067.838,66.70633799722077
9,FROZEN FOODS,2014-12-28,7651.514,31.40141052954355
9,FROZEN FOODS,2015-01-04,3018.741,8.994708673918998
9,FROZEN FOODS,2015-12-06,990.744004,7.167312999388951
9,FROZEN FOODS,2015-12-13,1556.6000199999999,20.2779809251297
9,FROZEN FOODS,2015-12-20,4963.322,64.00030197648043
9,FROZEN FOODS,2015-12-27,9486.1208,119.94382839754269
9,FROZEN FOODS,2016-01-03,3355.1510000000003,12.883380226304958
9,FROZEN FOODS,2016-12-18,3571.97601,22.646104817237273
9,FROZEN FOODS,2016-12-25,10727.8509,61.80049250001075
9,FROZEN FOODS,2017-01-01,4088.685,19.57503518770707
9,GROCERY I,2013-10-06,50790.0,7.909201096308072
9,GROCERY I,2013-12-22,55052.0,5.746008985438217
9,GROCERY I,2014-04-06,50689.357,8.7887473653405
9,GROCERY I,2014-05-04,46721.706999999995,10.940808978014697
9,GROCERY I,2014-11-09,49994.912,6.083905460181094
9,GROCERY I,2014-12-14,71755.167,8.424303061912308
9,GROCERY I,2016-04-24,79204.924,5.047157447333323
9,GROCERY I,2017-04-02,84643.405,5.80511124307918
9,GROCERY II,2013-12-22,196.0,5.6034616941132525
9,GROCERY II,2013-12-29,252.0,8.508960350320125
9,GROCERY II,2014-11-30,567.0,38.670803543324794
9,GROCERY II,2014-12-21,129.0,5.845586582130492
9,GROCERY II,2014-12-28,259.0,15.438344050242069
9,GROCERY II,2015-01-04,237.0,13.71464544269077
9,GROCERY II,2015-12-27,284.0,8.206304240298575
9,GROCERY II,2016-12-25,225.0,11.533791987049778
9,GROCERY II,2017-01-01,238.0,12.410629974369352
9,HARDWARE,2016-03-06,32.0,7.0821529745042495
9,HARDWARE,2016-04-24,32.0,6.4076622150276545
9,HARDWARE,2017-04-30,19.0,7.4193983542425475
9,HOME AND KITCHEN I,2015-12-27,643.0,8.093889113719143
9,HOME AND KITCHEN I,2017-01-08,1579.0,10.66594720985656
9,HOME AND KITCHEN I,2017-01-15,1234.0,7.563289716264221
9,HOME AND KITCHEN I,2017-02-26,2545.0,10.770094385190793
9,HOME AND KITCHEN II,2015-06-14,423.0,10.454606771887226
9,HOME AND KITCHEN II,2016-11-06,318.0,5.463375151760421
9,HOME APPLIANCES,2015-11-29,11.0,6.7449075947659525
9,HOME CARE,2015-01-11,0.0,-8.828911095200048
9,HOME CARE,2015-01-18,0.0,-7.986647905099433
9,HOME CARE,2015-01-25,0.0,-7.049435139156504
9,HOME CARE,2015-02-01,0.0,-6.582747795449279
9,HOME CARE,2016-04-24,4890.0,5.257641359434715
9,LAWN AND GARDEN,2017-02-19,167.0,14.501551328746796
9,LAWN AND GARDEN,2017-05-14,239.0,13.939475695849634
9,LINGERIE,2013-09-01,163.0,5.59827330365574
9,LINGERIE,2013-09-15,287.0,12.69268974651411
9,LINGERIE,2013-09-22,210.0,7.787302404866145
9,LINGERIE,2015-09-20,113.0,5.588637721377503
9,"LIQUOR,WINE,BEER",2013-06-09,377.0,5.4424426799145955
9,"LIQUOR,WINE,BEER",2013-12-29,1121.0,7.0949597610765895
9,"LIQUOR,WINE,BEER",2014-12-28,1109.0,13.956770330708009
9,"LIQUOR,WINE,BEER",2015-01-04,988.0,9.830344047690803
9,"LIQUOR,WINE,BEER",2015-05-03,787.0,6.576284904896804
9,"LIQUOR,WINE,BEER",2015-07-26,779.0,5.180089032780251
9,"LIQUOR,WINE,BEER",2015-10-11,657.0,5.3573837466998135
9,"LIQUOR,WINE,BEER",2015-12-27,1465.0,13.796401898384902
9,"LIQUOR,WINE,BEER",2016-01-03,1102.0,9.177892120020813
9,"LIQUOR,WINE,BEER",2016-12-25,1325.0,14.935152531267464
9,"LIQUOR,WINE,BEER",2017-01-01,1121.0,11.65905455666686
9,MAGAZINES,2015-10-04,12.0,6.070416835289357
9,MAGAZINES,2015-10-11,25.0,14.838796708485095
9,MAGAZINES,2015-10-18,48.0,9.892531138990062
9,MAGAZINES,2015-10-25,47.0,9.667700885831197
9,MAGAZINES,2015-11-01,38.0,7.644228607401412
9,MEATS,2014-08-03,3314.28403,14.472435958648221
9,MEATS,2014-08-10,2816.61798,5.8928938794904475
9,MEATS,2014-09-07,3614.4210000000003,21.018527355310614
9,MEATS,2014-09-14,3143.88306,11.552885895286373
9,MEATS,2015-07-05,2975.833,6.856731551519739
9,MEATS,2015-08-30,2272.949,-7.6711100565627275
9,PERSONAL CARE,2017-05-07,4546.0,5.59322609389095
9,PET SUPPLIES,2014-11-09,34.0,8.093889113719143
9,PLAYERS AND ELECTRONICS,2014-12-28,124.0,5.974061012506986
9,PLAYERS AND ELECTRONICS,2015-01-11,0.0,-5.974061012506986
9,PLAYERS AND ELECTRONICS,2015-01-18,0.0,-5.227303385943613
9,PLAYERS AND ELECTRONICS,2016-07-31,90.0,6.239039525158506
9,PLAYERS AND ELECTRONICS,2016-12-25,152.0,5.328476999865102
9,POULTRY,2013-11-10,4334.609,21.334206538479116
9,POULTRY,2013-11-17,4067.813,7.378348906716299
9,POULTRY,2015-02-15,2844.057,-9.437949520720066
9,POULTRY,2016-10-02,3402.91902,7.0446525438308765
9,POULTRY,2016-12-18,6429.42906,19.46086660699086
9,PREPARED FOODS,2015-04-05,884.263,8.802649793217334
9,PREPARED FOODS,2017-07-30,655.2370000000001,-5.506219809327772
9,PRODUCE,2015-01-11,0.0,-10.111462790191098
9,PRODUCE,2015-01-18,0.0,-10.108785787273526
9,PRODUCE,2015-01-25,0.0,-10.100483194082239
9,PRODUCE,2015-02-01,0.0,-9.258722617098508
9,PRODUCE,2015-02-08,0.0,-9.258722617098508
9,PRODUCE,2015-02-15,0.0,-9.202511471556495
9,SCHOOL AND OFFICE SUPPLIES,2014-09-21,111.0,24.281667341157426
9,SCHOOL AND OFFICE SUPPLIES,2015-09-06,468.0,12.253248797158145
9,SCHOOL AND OFFICE SUPPLIES,2015-09-13,303.0,7.616124825756554
9,SCHOOL AND OFFICE SUPPLIES,2016-08-21,158.0,8.155206455489742
9,SCHOOL AND OFFICE SUPPLIES,2016-08-28,376.0,16.910446898306066
9,SCHOOL AND OFFICE SUPPLIES,2016-09-04,327.0,12.731013085120734
9,SCHOOL AND OFFICE SUPPLIES,2016-09-11,1081.0,39.570124555960255
9,SCHOOL AND OFFICE SUPPLIES,2017-08-06,1032.0,67.85377040334548
9,SCHOOL AND OFFICE SUPPLIES,2017-08-13,1025.0,67.38162687171186
9,SEAFOOD,2016-04-03,192.488999,7.132439504684316
10,AUTOMOTIVE,2014-05-18,57.0,7.644228607401412
10,AUTOMOTIVE,2015-12-27,42.0,7.0821529745042495
10,BEAUTY,2013-04-21,14.0,5.395926075812762
10,BEAUTY,2013-05-05,20.0,5.395926075812762
10,BEAUTY,2014-08-10,18.0,5.395926075812762
10,BEAUTY,2015-01-04,17.0,5.395926075812762
10,BEAUTY,2015-09-06,16.0,6.7449075947659525
10,BEVERAGES,2013-12-29,5546.0,5.3188414175868655
10,BEVERAGES,2014-01-05,7996.0,11.674722170127408
10,BEVERAGES,2014-01-12,7705.0,10.876848954648997
10,BEVERAGES,2014-01-19,7909.0,5.568221735164209
10,BEVERAGES,2014-07-06,8173.0,8.667593897641764
10,BEVERAGES,2014-07-13,7530.0,7.4213365460801235
10,BEVERAGES,2014-07-20,7245.0,6.7507221702786815
10,BEVERAGES,2014-07-27,6837.0,5.959939900547501
10,BEVERAGES,2014-09-07,9995.0,7.584188710251034
10,BEVERAGES,2015-01-11,4493.0,-5.084622648362025
10,BEVERAGES,2015-05-31,8186.0,7.1463191308261385
10,BEVERAGES,2015-06-07,8787.0,7.311369033422888
10,BEVERAGES,2015-09-06,10457.0,5.946266063627457
10,BREAD/BAKERY,2014-09-07,1559.0,9.258918607360535
10,BREAD/BAKERY,2014-09-14,1604.0,9.81077468329593
10,BREAD/BAKERY,2014-09-21,1511.0,5.828932489303909
10,BREAD/BAKERY,2015-07-26,563.0,-5.084622648362026
10,BREAD/BAKERY,2016-03-06,871.0,7.938237399993775
10,BREAD/BAKERY,2016-03-13,819.0,5.240274362087394
10,BREAD/BAKERY,2016-04-24,959.0,5.345963797333013
10,CELEBRATION,2017-07-30,39.0,5.058680696074464
10,CLEANING,2015-12-27,15920.0,11.102459669774953
10,DAIRY,2013-11-10,1594.0,16.43875153329004
10,DAIRY,2013-11-17,1626.0,16.92501231337782
10,DAIRY,2013-11-24,1680.0,17.276161043866427
10,DAIRY,2013-12-01,1891.0,20.418674809609655
10,DAIRY,2013-12-08,2488.0,23.707101138640326
10,DAIRY,2013-12-15,2220.0,16.40925280517687
10,DAIRY,2013-12-22,2238.0,5.502231684643313
10,DAIRY,2015-07-26,1376.0,-5.2975628400557575
10,DAIRY,2016-03-06,2463.0,5.363807468218638
10,DAIRY,2017-01-08,2999.0,5.722521601454061
10,DELI,2015-11-01,1499.0,-5.364309321462296
10,DELI,2017-01-08,2517.0,7.4525700309381175
10,EGGS,2013-05-19,366.0,5.991064981233286
10,FROZEN FOODS,2013-12-15,571.555996,8.955639860278852
10,FROZEN FOODS,2013-12-22,1273.129,19.735409381301732
10,FROZEN FOODS,2013-12-29,1994.462,31.786776540392157
10,FROZEN FOODS,2014-12-14,618.994998,9.26656351775838
10,FROZEN FOODS,2014-12-21,2508.460004,50.80599628661092
10,FROZEN FOODS,2014-12-28,2079.35804,36.98068922906791
10,FROZEN FOODS,2015-01-04,959.039969,9.718723161462078
10,FROZEN FOODS,2015-12-20,3034.4,48.13251189015642
10,FROZEN FOODS,2015-12-27,2307.19302,34.91843920808146
10,FROZEN FOODS,2016-01-03,1680.6339699999999,23.333966445017886
10,FROZEN FOODS,2016-12-11,440.294003,6.198377968681514
10,FROZEN FOODS,2016-12-18,1019.0340000000001,22.531897367652707
10,FROZEN FOODS,2016-12-25,3076.512,61.313971034374845
10,FROZEN FOODS,2017-01-01,1400.993,15.638502743059345
10,GROCERY I,2013-10-06,21069.0,5.3573837466998135
10,GROCERY II,2013-12-22,50.0,5.058680696074464
10,GROCERY II,2013-12-29,86.0,10.791852151625523
10,GROCERY II,2014-12-28,123.0,11.691173164260983
10,GROCERY II,2015-01-04,106.0,9.78011601241063
10,GROCERY II,2015-12-27,121.0,14.973694860380414
10,GROCERY II,2016-01-03,56.0,6.205314987184676
10,GROCERY II,2016-12-25,98.0,13.152569809793606
10,GROCERY II,2017-01-01,66.0,6.205314987184676
10,HARDWARE,2017-03-19,10.0,6.070416835289357
10,HOME AND KITCHEN I,2016-09-18,23.0,-6.969737847924817
10,HOME AND KITCHEN I,2016-10-02,15.0,-8.543549620036872
10,HOME AND KITCHEN I,2016-12-25,203.0,14.164305949008499
10,HOME AND KITCHEN I,2017-01-01,124.0,6.45584012641884
10,HOME AND KITCHEN II,2014-12-21,84.0,5.800620531498719
10,HOME AND KITCHEN II,2014-12-28,92.0,6.7449075947659525
10,HOME AND KITCHEN II,2015-07-05,177.0,7.869058860560277
10,HOME CARE,2014-11-09,1648.0,6.995432734000116
10,HOME CARE,2015-01-11,0.0,-6.390919536600931
10,HOME CARE,2015-01-18,0.0,-5.420602567013125
10,HOME CARE,2015-01-25,0.0,-5.079878977086586
10,LADIESWEAR,2014-11-16,1.0,-5.010502784683278
10,LINGERIE,2014-09-07,135.0,11.016682404784389
10,LINGERIE,2014-09-14,199.0,13.489815189531905
10,LINGERIE,2014-09-21,131.0,7.7566437339808445
10,LINGERIE,2016-09-04,39.0,10.117361392148927
10,LINGERIE,2017-04-09,58.0,9.892531138990062
10,LINGERIE,2017-04-23,51.0,12.478079050317012
10,"LIQUOR,WINE,BEER",2013-06-09,155.0,8.346823148522866
10,"LIQUOR,WINE,BEER",2013-12-29,419.0,9.235335014371843
10,"LIQUOR,WINE,BEER",2014-06-15,130.0,6.263128480854098
10,"LIQUOR,WINE,BEER",2014-06-22,459.0,20.44225840259835
10,"LIQUOR,WINE,BEER",2014-12-07,115.0,5.058680696074464
10,"LIQUOR,WINE,BEER",2014-12-21,174.0,10.021005569366556
10,"LIQUOR,WINE,BEER",2014-12-28,343.0,26.11242797402247
10,"LIQUOR,WINE,BEER",2015-01-04,279.0,10.688084342475278
10,"LIQUOR,WINE,BEER",2015-12-27,439.0,15.555443140428977
10,"LIQUOR,WINE,BEER",2016-01-03,286.0,8.054213186691108
10,"LIQUOR,WINE,BEER",2016-12-25,297.0,26.080309366428345
10,"LIQUOR,WINE,BEER",2017-01-01,231.0,18.436080759026936
10,"LIQUOR,WINE,BEER",2017-03-26,128.0,6.359484303636469
10,MEATS,2013-07-07,2097.44497,5.574269764974079
10,MEATS,2015-09-06,1350.533,5.430858785086998
10,MEATS,2015-11-01,1007.57301,-5.651395798463513
10,MEATS,2016-03-27,844.277,-5.117043378223928
10,PLAYERS AND ELECTRONICS,2014-12-28,53.0,12.478079050317012
10,PLAYERS AND ELECTRONICS,2015-01-11,0.0,-5.73317145555106
10,PLAYERS AND ELECTRONICS,2016-04-17,51.0,6.070416835289357
10,PLAYERS AND ELECTRONICS,2016-04-24,53.0,6.7449075947659525
10,POULTRY,2013-10-06,1211.8200000000002,7.664930829661999
10,POULTRY,2013-11-10,1871.727,12.842354725029843
10,POULTRY,2013-11-17,1961.25902,13.674042850128714
10,POULTRY,2013-11-24,1531.83799,6.032054987386718
10,POULTRY,2015-12-27,2460.37802,10.989424492330631
10,POULTRY,2016-12-18,1461.57601,6.07658918251387
10,PREPARED FOODS,2014-09-07,131.0,5.6657223796034
10,PRODUCE,2014-11-09,2218.491,12.682443475864524
10,PRODUCE,2014-12-28,2229.104,10.456603227198915
10,PRODUCE,2015-01-04,1179.503,-16.760008990167833
10,PRODUCE,2015-01-11,0.0,-47.33958536018899
10,PRODUCE,2015-01-18,0.0,-47.33958536018899
10,PRODUCE,2015-01-25,0.0,-17.549620554636633
10,PRODUCE,2015-12-27,2298.9,5.864989405553828
10,PRODUCE,2016-12-25,2370.468,5.757391183914752
10,SEAFOOD,2013-12-22,25.0,6.4076622150276545
10,SEAFOOD,2014-01-05,37.0,6.744907594765952
10,SEAFOOD,2014-02-02,54.0,6.205314987184676
10,SEAFOOD,2016-04-24,57.0,5.058680696074464
11,BABY CARE,2016-10-09,10.0,5.395926075812762
11,BABY CARE,2016-11-06,11.0,6.070416835289357
11,BABY CARE,2017-03-05,11.0,6.070416835289357
11,BEAUTY,2017-03-12,24.0,-5.395926075812762
11,BEVERAGES,2014-11-09,33174.0,7.273464400900464
11,BEVERAGES,2014-12-07,31389.0,8.136965834492438
11,BEVERAGES,2015-06-07,31884.0,5.245610992272264
11,CELEBRATION,2014-09-21,202.0,5.800620531498719
11,CLEANING,2014-02-09,17262.0,5.149973235175596
11,CLEANING,2014-10-05,18303.0,7.762537342558796
11,CLEANING,2014-12-07,17954.0,5.084201968054659
11,CLEANING,2015-02-08,18486.0,6.150364821804947
11,CLEANING,2015-03-08,17892.0,7.674950753795791
11,DAIRY,2013-11-10,2855.0,13.097073734646797
11,DAIRY,2013-11-17,2798.0,10.145465173793786
11,DAIRY,2013-11-24,2825.0,8.18944197131166
11,DAIRY,2013-12-01,3074.0,5.5846436976352285
11,DAIRY,2013-12-08,4038.0,8.64297204354431
11,DAIRY,2013-12-15,3390.0,5.097700822655755
11,DAIRY,2014-10-05,4256.0,5.466925103126087
11,DAIRY,2015-04-05,5235.0,5.254447526264013
11,DAIRY,2015-11-08,4489.0,5.349004979501347
11,DAIRY,2016-03-06,5218.0,5.085815381800534
11,DELI,2013-12-08,2854.845,6.20205948863718
11,DELI,2016-03-06,4186.959,6.906953516073372
11,EGGS,2013-05-12,617.0,6.812356670713612
11,EGGS,2013-05-19,761.0,10.725235780319192
11,EGGS,2013-05-26,714.0,9.04804677346652
11,EGGS,2013-08-25,1273.0,13.313861078364098
11,EGGS,2013-09-08,786.0,6.407662215027655
11,EGGS,2013-09-29,1785.0,15.273952037179672
11,EGGS,2013-10-06,1154.0,7.952463631893404
11,EGGS,2014-07-20,1918.0,5.142157275217607
11,EGGS,2017-07-09,1771.0,5.618364517767809
11,EGGS,2017-07-30,2640.0,7.410158754797663
11,FROZEN FOODS,2013-12-08,682.948,9.522179323578545
11,FROZEN FOODS,2013-12-15,1522.137,29.30868670739692
11,FROZEN FOODS,2013-12-22,2479.51397,50.4304441942461
11,FROZEN FOODS,2013-12-29,2405.961,43.37954493773944
11,FROZEN FOODS,2014-01-05,835.492,9.550356736377992
11,FROZEN FOODS,2014-01-12,749.794,6.305831599669633
11,FROZEN FOODS,2014-07-06,869.039,5.207333802118515
11,FROZEN FOODS,2014-09-07,842.3199999999999,5.870225513983517
11,FROZEN FOODS,2014-12-14,1324.65,9.303776416597584
11,FROZEN FOODS,2014-12-21,2925.474996,30.560625857313372
11,FROZEN FOODS,2014-12-28,4334.326,26.957855099253013
11,FROZEN FOODS,2015-12-20,2395.95397,11.585163059669505
11,FROZEN FOODS,2015-12-27,4652.1030200000005,21.42383669218683
11,FROZEN FOODS,2016-12-18,2616.52702,18.25651147926535
11,FROZEN FOODS,2016-12-25,5536.998,44.27142771128563
11,FROZEN FOODS,2017-01-01,2402.633,15.848799345526626
11,GROCERY I,2013-04-28,29510.0,-5.93892766196179
11,GROCERY I,2014-12-07,68149.001,6.48628146353443
11,GROCERY I,2015-12-20,77950.38500000001,7.100128227158462
11,GROCERY I,2016-06-05,64102.489,5.083633316678531
11,GROCERY II,2013-12-22,209.0,6.632492468186519
11,GROCERY II,2013-12-29,281.0,10.567021898466658
11,GROCERY II,2014-01-05,235.0,6.841263417548323
11,GROCERY II,2014-06-08,228.0,5.974061012506986
11,GROCERY II,2014-12-28,388.0,8.012950222581951
11,GROCERY II,2015-01-04,316.0,5.908539053014974
11,GROCERY II,2015-06-07,152.0,5.311614730878187
11,GROCERY II,2015-12-27,287.0,5.794488797321659
11,GROCERY II,2016-01-03,317.0,6.422325057624972
11,GROCERY II,2016-12-11,177.0,10.021005569366556
11,GROCERY II,2016-12-18,198.0,11.46634291110212
11,GROCERY II,2016-12-25,245.0,10.724403075677865
11,GROCERY II,2017-01-01,291.0,10.636200437900156
11,GROCERY II,2017-06-11,390.0,7.632395436182525
11,HARDWARE,2014-03-09,15.0,6.070416835289357
11,HARDWARE,2014-11-09,14.0,5.395926075812762
11,HOME AND KITCHEN I,2015-12-13,422.0,5.989477944152165
11,HOME AND KITCHEN I,2015-12-27,422.0,6.480976428014242
11,HOME AND KITCHEN I,2017-01-08,907.0,7.431027505268006
11,HOME AND KITCHEN I,2017-01-15,722.0,5.279634565558176
11,HOME AND KITCHEN II,2014-11-30,117.0,5.227303385943613
11,HOME AND KITCHEN II,2014-12-07,150.0,8.228787265614462
11,HOME AND KITCHEN II,2014-12-14,133.0,5.935518683394038
11,HOME AND KITCHEN II,2015-10-11,240.0,8.684068528261163
11,HOME AND KITCHEN II,2015-12-06,273.0,6.025450784657584
11,HOME AND KITCHEN II,2016-11-27,248.0,6.55219594920121
11,HOME AND KITCHEN II,2016-12-04,507.0,18.789385442562295
11,HOME AND KITCHEN II,2016-12-11,295.0,8.527490316239811
11,HOME CARE,2014-11-09,5073.0,6.164619455327987
11,HOME CARE,2015-01-11,0.0,-9.100396642395458
11,HOME CARE,2015-01-18,0.0,-8.985367210546736
11,HOME CARE,2015-01-25,0.0,-5.124579218552062
11,HOME CARE,2015-02-01,0.0,-5.10112576675091
11,LAWN AND GARDEN,2014-01-19,20.0,5.058680696074464
11,LAWN AND GARDEN,2017-02-19,74.0,8.228787265614462
11,LAWN AND GARDEN,2017-05-14,138.0,15.78308377175233
11,"LIQUOR,WINE,BEER",2013-12-22,898.0,15.931936904878198
11,"LIQUOR,WINE,BEER",2013-12-29,890.0,10.61930800385244
11,"LIQUOR,WINE,BEER",2014-01-05,786.0,6.0377801856372635
11,"LIQUOR,WINE,BEER",2014-04-27,1295.0,27.290933806514545
11,"LIQUOR,WINE,BEER",2014-05-18,481.0,6.277952453589848
11,"LIQUOR,WINE,BEER",2014-06-22,613.0,9.5985223463977
11,"LIQUOR,WINE,BEER",2014-12-21,404.0,9.403194705644298
11,"LIQUOR,WINE,BEER",2014-12-28,1004.0,33.16907499543727
11,"LIQUOR,WINE,BEER",2015-01-04,642.0,18.806389411288595
11,"LIQUOR,WINE,BEER",2015-02-15,405.0,5.989477944152165
11,"LIQUOR,WINE,BEER",2015-06-21,1545.0,11.484572391087973
11,"LIQUOR,WINE,BEER",2015-12-27,1169.0,11.037121518707922
11,"LIQUOR,WINE,BEER",2016-01-03,1043.0,8.558292587457126
11,"LIQUOR,WINE,BEER",2016-07-31,485.0,5.006796791499341
11,"LIQUOR,WINE,BEER",2016-12-18,676.0,7.221018719102371
11,"LIQUOR,WINE,BEER",2016-12-25,962.0,12.894676284111378
11,"LIQUOR,WINE,BEER",2017-01-01,1028.0,8.59669131623806
11,MAGAZINES,2015-10-04,23.0,14.164305949008499
11,MAGAZINES,2015-10-18,30.0,18.21125050586807
11,MAGAZINES,2015-10-25,44.0,27.654121138540404
11,MAGAZINES,2015-11-01,22.0,6.070416835289357
11,MAGAZINES,2015-11-08,25.0,7.0821529745042495
11,MAGAZINES,2016-12-25,55.0,7.194568101083682
11,MAGAZINES,2017-04-16,61.0,5.2610279239174425
11,MEATS,2014-09-07,6589.5441599999995,5.974456531954604
11,MEATS,2014-11-23,2576.33897,-6.104859590026622
11,MEATS,2014-11-30,2752.70201,-5.168696557647828
11,MEATS,2015-07-05,5238.64103,5.488447917974697
11,MEATS,2017-04-16,3233.78997,-5.029980560648511
11,PERSONAL CARE,2014-04-06,3139.0,8.086136346368837
11,PERSONAL CARE,2014-05-04,2984.0,8.318719366878007
11,PERSONAL CARE,2014-05-11,3264.0,9.210010727614936
11,PERSONAL CARE,2015-01-11,3443.0,5.369732259910758
11,PERSONAL CARE,2016-02-07,4562.0,7.098023345315464
11,PERSONAL CARE,2016-03-06,4869.0,8.161338189666802
11,PET SUPPLIES,2016-04-03,16.0,5.395926075812762
11,PLAYERS AND ELECTRONICS,2014-12-28,117.0,7.531813480821979
11,POULTRY,2013-10-06,3798.01997,5.187436707238978
11,POULTRY,2013-11-10,5450.36696,11.708683968557512
11,POULTRY,2013-11-17,5003.556,9.688083966866895
11,POULTRY,2013-12-15,7627.774,8.270580021001189
11,POULTRY,2014-12-07,6257.3151,5.966071886537038
11,POULTRY,2016-12-25,5558.407,6.986241675273415
11,PREPARED FOODS,2015-06-28,547.568989,6.567200125623904
11,PREPARED FOODS,2015-07-05,556.611995,6.360289058966362
11,PREPARED FOODS,2015-07-19,642.871005,5.698596575346484
11,PRODUCE,2014-11-09,9167.548999999999,16.478831686105814
11,PRODUCE,2015-01-04,4413.637,-14.99203415536874
11,PRODUCE,2015-01-11,0.0,-33.43964304587741
11,PRODUCE,2015-01-18,0.0,-32.53460613518133
11,PRODUCE,2015-01-25,0.0,-13.351982367951877
11,PRODUCE,2015-02-01,0.0,-7.436026897508816
11,PRODUCE,2015-02-08,0.0,-5.769730699962993
11,PRODUCE,2015-02-15,0.0,-5.6447271294825505
11,PRODUCE,2016-11-06,10847.512999999999,8.905103702217142
11,PRODUCE,2017-03-05,21439.341,17.20499118196439
11,PRODUCE,2017-07-09,12354.3241,7.355272860612222
11,SCHOOL AND OFFICE SUPPLIES,2014-09-21,77.0,5.817482800485633
11,SCHOOL AND OFFICE SUPPLIES,2015-08-30,108.0,5.002473132784748
11,SCHOOL AND OFFICE SUPPLIES,2015-09-06,283.0,11.646207113629211
11,SCHOOL AND OFFICE SUPPLIES,2015-09-13,226.0,9.083142227618149
11,SCHOOL AND OFFICE SUPPLIES,2016-08-21,125.0,10.117361392148927
11,SCHOOL AND OFFICE SUPPLIES,2016-09-04,236.0,18.21125050586807
11,SCHOOL AND OFFICE SUPPLIES,2016-09-11,418.0,29.827480252409433
11,SCHOOL AND OFFICE SUPPLIES,2017-08-06,112.0,9.667700885831197
11,SCHOOL AND OFFICE SUPPLIES,2017-08-13,203.0,17.054980632479623
12,AUTOMOTIVE,2015-04-05,0.0,-7.419398354242547
12,AUTOMOTIVE,2015-04-12,0.0,-5.56454876568191
12,AUTOMOTIVE,2015-04-19,0.0,-5.56454876568191
12,AUTOMOTIVE,2016-01-10,64.0,8.093889113719143
12,AUTOMOTIVE,2016-11-20,43.0,6.070416835289357
12,BEAUTY,2013-09-08,15.0,5.395926075812762
12,BEAUTY,2015-04-05,0.0,-5.395926075812762
12,BEAUTY,2015-04-12,0.0,-5.395926075812762
12,BEAUTY,2015-04-19,0.0,-5.395926075812762
12,BEAUTY,2015-04-26,0.0,-5.395926075812762
12,BEAUTY,2016-09-04,11.0,5.395926075812762
12,BEVERAGES,2014-01-05,9569.0,5.410948141725381
12,BEVERAGES,2014-01-12,10079.0,6.177073503268953
12,BEVERAGES,2014-01-19,10324.0,6.378369186498047
12,BEVERAGES,2014-01-26,10820.0,5.571011656234386
12,BEVERAGES,2015-01-11,6348.0,-5.751701421470746
12,BEVERAGES,2015-01-18,6173.0,-5.749230759348121
12,BEVERAGES,2015-01-25,5485.0,-6.452134133234902
12,BEVERAGES,2015-05-31,9625.0,7.540038977888768
12,BEVERAGES,2016-04-24,15876.0,5.937293659076872
12,BREAD/BAKERY,2014-09-14,2070.0,7.56602678021572
12,BREAD/BAKERY,2014-09-21,1903.0,5.933563637714395
12,BREAD/BAKERY,2014-12-28,883.0,-5.325456891986849
12,BREAD/BAKERY,2015-04-05,0.0,-9.353786947458444
12,BREAD/BAKERY,2015-04-12,0.0,-9.353786947458444
12,BREAD/BAKERY,2015-04-19,0.0,-8.852691218130312
12,BREAD/BAKERY,2015-04-26,0.0,-8.708157483956755
12,BREAD/BAKERY,2017-03-12,2435.0,9.96479800607684
12,CELEBRATION,2014-10-19,82.0,9.78011601241063
12,CELEBRATION,2014-11-02,74.0,7.0821529745042495
12,CELEBRATION,2015-12-20,115.0,15.513287467961689
12,CELEBRATION,2015-12-27,45.0,-8.093889113719143
12,CELEBRATION,2016-07-10,109.0,6.7449075947659525
12,CELEBRATION,2017-06-11,158.0,7.503709699177121
12,CELEBRATION,2017-08-13,120.0,5.395926075812762
12,CLEANING,2014-09-07,6718.0,5.527465767494919
12,CLEANING,2015-04-05,0.0,-8.011875562252387
12,CLEANING,2015-04-12,0.0,-7.977938920266142
12,CLEANING,2015-04-19,0.0,-5.420614610200631
12,CLEANING,2015-05-31,6643.0,5.103237033260845
12,CLEANING,2017-05-14,11502.0,9.362310846411662
12,CLEANING,2017-05-21,10034.0,5.766698774004574
12,CLEANING,2017-07-30,11540.0,7.037145821449596
12,DAIRY,2013-11-10,2087.0,12.267300687980576
12,DAIRY,2013-11-17,2357.0,15.112808579522461
12,DAIRY,2013-11-24,2067.0,11.82466612707406
12,DAIRY,2013-12-01,2483.0,15.564385252770524
12,DAIRY,2013-12-08,2704.0,17.822907341320942
12,DAIRY,2013-12-15,2328.0,10.611465088044573
12,DAIRY,2013-12-22,2227.0,5.711335423769443
12,DAIRY,2015-02-15,1825.0,-5.035686692910489
12,DAIRY,2015-04-05,0.0,-25.651402421940666
12,DAIRY,2015-04-12,0.0,-25.651402421940666
12,DAIRY,2015-04-19,0.0,-12.789181377362418
12,DAIRY,2015-04-26,0.0,-9.415735946946263
12,DAIRY,2015-05-03,0.0,-6.826749569765204
12,DAIRY,2015-05-31,2328.0,5.016659706266817
12,DELI,2015-04-05,0.0,-7.95049344044459
12,DELI,2015-04-12,0.0,-7.707730281957733
12,DELI,2015-04-19,0.0,-7.548117964829684
12,DELI,2015-04-26,0.0,-6.200126596727164
12,DELI,2015-05-03,0.0,-5.811649940144248
12,DELI,2015-05-31,1575.0,5.7422861955439854
12,EGGS,2013-05-19,377.0,6.045435696049482
12,EGGS,2013-05-26,367.0,5.347748164421576
12,EGGS,2013-09-29,608.0,5.5342831546797555
12,EGGS,2015-04-05,0.0,-8.885682613974277
12,EGGS,2015-04-12,0.0,-8.631526675620776
12,EGGS,2015-04-19,0.0,-8.445797336054758
12,EGGS,2015-04-26,0.0,-8.445797336054758
12,EGGS,2017-01-08,835.0,7.8465758352443915
12,FROZEN FOODS,2013-11-10,358.0,13.57896835133568
12,FROZEN FOODS,2013-12-15,310.489,5.183514216990504
12,FROZEN FOODS,2013-12-22,1069.28,33.51019979915164
12,FROZEN FOODS,2013-12-29,1257.39804,37.691344680770804
12,FROZEN FOODS,2014-01-05,742.317,16.857148988877036
12,FROZEN FOODS,2014-07-06,361.0,5.821920239692716
12,FROZEN FOODS,2014-07-13,346.0,5.289427534842773
12,FROZEN FOODS,2014-11-09,576.0,5.358454366952951
12,FROZEN FOODS,2014-12-21,1631.62202,24.180906290750485
12,FROZEN FOODS,2014-12-28,2059.80797,31.15793119409709
12,FROZEN FOODS,2015-04-05,0.0,-7.40160724173169
12,FROZEN FOODS,2015-04-12,0.0,-7.29493817239177
12,FROZEN FOODS,2015-04-19,0.0,-6.243363183873099
12,FROZEN FOODS,2015-12-13,536.0989999999999,6.544495381396885
12,FROZEN FOODS,2015-12-20,1559.2179999999998,26.997554867019822
12,FROZEN FOODS,2015-12-27,2205.229,31.876849321732468
12,FROZEN FOODS,2016-01-03,955.65202,9.248488452989278
12,FROZEN FOODS,2016-11-06,614.124,8.342766592614023
12,FROZEN FOODS,2016-12-18,962.857006,10.572719466550117
12,FROZEN FOODS,2016-12-25,2488.60001,36.35976551831206
12,FROZEN FOODS,2017-01-01,1178.524,10.382102939538964
12,GROCERY I,2013-10-06,19339.0,7.055831383890529
12,GROCERY I,2015-04-05,0.0,-14.224823400593552
12,GROCERY I,2015-04-12,0.0,-12.970850211973456
12,GROCERY I,2015-04-19,0.0,-9.925390052953546
12,GROCERY I,2015-04-26,0.0,-9.925390052953546
12,GROCERY I,2015-05-03,0.0,-9.65649038613916
12,GROCERY I,2015-05-10,0.0,-7.2781930312537275
12,GROCERY I,2015-05-31,17699.0,8.330643371930396
12,GROCERY I,2015-08-16,31649.0,8.749900674305968
12,GROCERY I,2016-04-24,31209.0,6.719990839905562
12,GROCERY I,2017-05-07,24545.0,5.663006309431011
12,GROCERY I,2017-06-04,23677.0,12.042022922375137
12,GROCERY I,2017-06-11,22566.0,7.269034172193625
12,GROCERY I,2017-07-16,19243.0,-7.681461642956384
12,GROCERY I,2017-07-23,18603.0,-6.447494346492808
12,GROCERY II,2013-05-12,101.0,5.877705189724615
12,GROCERY II,2013-07-28,177.0,10.454606771887226
12,GROCERY II,2013-12-22,119.0,6.660596249831378
12,GROCERY II,2013-12-29,122.0,6.660596249831378
12,GROCERY II,2014-07-20,89.0,9.892531138990062
12,GROCERY II,2014-12-28,105.0,9.712666936462972
12,GROCERY II,2015-01-04,113.0,5.395926075812762
12,GROCERY II,2016-05-29,97.0,6.969737847924817
12,GROCERY II,2016-12-25,114.0,9.442870632672333
12,GROCERY II,2017-05-14,181.0,13.586171012314274
12,HARDWARE,2014-03-09,13.0,5.395926075812762
12,HARDWARE,2014-08-03,24.0,5.395926075812762
12,HARDWARE,2017-04-16,29.0,5.395926075812762
12,HOME CARE,2015-01-04,669.0,-8.04200520914402
12,HOME CARE,2015-01-11,0.0,-16.4471977503139
12,HOME CARE,2015-01-18,0.0,-11.253345829162141
12,HOME CARE,2015-01-25,0.0,-7.436993765359328
12,HOME CARE,2015-02-01,0.0,-6.78773240489145
12,HOME CARE,2016-04-24,1957.0,8.29730696181526
12,HOME CARE,2017-04-02,1579.0,5.273291392271563
12,LADIESWEAR,2014-11-23,6.0,-6.070416835289357
12,LINGERIE,2013-08-25,148.0,5.058680696074464
12,LINGERIE,2014-04-06,103.0,5.20321443024802
12,LINGERIE,2014-09-07,89.0,5.171095822653896
12,"LIQUOR,WINE,BEER",2013-11-10,548.0,5.821920239692716
12,"LIQUOR,WINE,BEER",2014-11-09,758.0,10.812929987859167
12,"LIQUOR,WINE,BEER",2014-12-28,879.0,10.862851178938849
12,"LIQUOR,WINE,BEER",2015-04-05,0.0,-6.226068549014725
12,"LIQUOR,WINE,BEER",2015-04-12,0.0,-5.810997312413743
12,"LIQUOR,WINE,BEER",2015-04-19,0.0,-5.785055360126182
12,"LIQUOR,WINE,BEER",2015-04-26,0.0,-5.371837120117169
12,"LIQUOR,WINE,BEER",2015-12-20,585.0,11.006462847822622
12,"LIQUOR,WINE,BEER",2015-12-27,950.0,21.583704303251046
12,"LIQUOR,WINE,BEER",2016-01-03,539.0,7.575050067967916
12,"LIQUOR,WINE,BEER",2016-01-31,596.0,11.702414676918927
12,"LIQUOR,WINE,BEER",2016-02-07,446.0,6.070416835289357
12,"LIQUOR,WINE,BEER",2016-11-06,554.0,8.064563428524508
12,"LIQUOR,WINE,BEER",2016-12-25,780.0,7.054049192859392
12,"LIQUOR,WINE,BEER",2017-06-18,511.0,8.211191854497681
12,"LIQUOR,WINE,BEER",2017-06-25,431.0,5.865137038926916
12,MAGAZINES,2015-10-04,9.0,5.395926075812762
12,MAGAZINES,2015-10-11,22.0,14.164305949008499
12,MAGAZINES,2015-10-18,12.0,7.4193983542425475
12,MAGAZINES,2015-10-25,29.0,18.21125050586807
12,MAGAZINES,2015-11-01,15.0,8.768379873195737
12,MEATS,2015-04-05,0.0,-9.29002115306534
12,MEATS,2015-04-12,0.0,-7.121211962864306
12,MEATS,2015-04-19,0.0,-6.340784530899709
12,MEATS,2015-04-26,0.0,-5.907774847519044
12,MEATS,2015-05-03,0.0,-5.791785485672947
12,MEATS,2015-05-10,0.0,-5.099125834854345
12,MEATS,2015-11-01,913.02201,-5.3405114207595075
12,MEATS,2016-03-27,724.844,-7.2767259258109
12,MEATS,2016-10-16,12385.150997,140.33559230523792
12,MEATS,2016-12-18,1627.2479759999999,7.505679389508676
12,MEATS,2017-01-01,1828.162,7.181782642801549
12,MEATS,2017-07-30,1326.594,6.18585821549946
12,PERSONAL CARE,2013-07-07,1475.0,7.387279746648424
12,PERSONAL CARE,2015-04-05,0.0,-5.433697558343451
12,PET SUPPLIES,2014-09-21,11.0,6.7449075947659525
12,PET SUPPLIES,2016-10-02,12.0,5.395926075812762
12,PLAYERS AND ELECTRONICS,2014-03-16,31.0,9.78011601241063
12,PLAYERS AND ELECTRONICS,2014-12-14,34.0,8.093889113719143
12,PLAYERS AND ELECTRONICS,2014-12-28,56.0,22.93268582220424
12,PLAYERS AND ELECTRONICS,2015-01-04,10.0,-8.093889113719143
12,POULTRY,2013-05-12,612.325,8.516129361859122
12,POULTRY,2013-11-10,1902.44999,16.443848956250573
12,POULTRY,2013-11-17,1721.57202,12.216244080340985
12,POULTRY,2013-11-24,1766.13701,12.299195626890622
12,POULTRY,2013-12-01,1594.5870100000002,9.746041509695573
12,POULTRY,2013-12-08,1618.732,6.544885777338209
12,POULTRY,2013-12-15,1803.98101,7.826542968285141
12,POULTRY,2014-04-20,1247.1399000000001,-5.736548265114966
12,POULTRY,2014-11-30,5431.75701,15.272826518305827
12,POULTRY,2014-12-07,3505.176,6.744072270477435
12,POULTRY,2015-04-05,0.0,-8.04123090040349
12,POULTRY,2015-04-12,0.0,-8.04123090040349
12,POULTRY,2015-04-19,0.0,-7.981531752386405
12,POULTRY,2015-04-26,0.0,-7.8010715391222485
12,POULTRY,2015-05-03,0.0,-5.800813538168968
12,PREPARED FOODS,2013-06-16,79.0,-5.058680696074464
12,PRODUCE,2014-11-09,2221.966,7.751002674836615
12,PRODUCE,2015-01-04,1329.2150000000001,-8.096447205327614
12,PRODUCE,2015-01-11,0.0,-21.590775103655034
12,PRODUCE,2015-01-18,0.0,-21.24229225705307
12,PRODUCE,2015-01-25,0.0,-12.4273247567767
12,PRODUCE,2015-02-01,0.0,-8.45727767895465
12,PRODUCE,2015-02-08,0.0,-8.25906188780369
12,PRODUCE,2015-02-15,0.0,-7.629504330471299
12,PRODUCE,2015-07-26,2510.651,6.074606218888671
12,PRODUCE,2016-04-24,2182.806,-5.821641485627275
12,PRODUCE,2016-05-01,2084.217,-5.115963444372966
12,SCHOOL AND OFFICE SUPPLIES,2017-08-13,66.0,43.84189936597869
12,SEAFOOD,2015-04-05,0.0,-8.093889113719143
12,SEAFOOD,2016-09-25,20.0,-5.058680696074464
13,AUTOMOTIVE,2014-05-04,22.0,-5.058680696074464
13,AUTOMOTIVE,2016-08-07,61.0,5.058680696074464
13,AUTOMOTIVE,2016-09-04,54.0,8.093889113719143
13,AUTOMOTIVE,2016-09-11,51.0,7.0821529745042495
13,AUTOMOTIVE,2016-10-02,53.0,7.0821529745042495
13,BEAUTY,2013-05-19,20.0,7.554296506137867
13,BEAUTY,2014-04-06,16.0,6.7449075947659525
13,BEAUTY,2014-11-09,15.0,5.395926075812762
13,BEAUTY,2016-05-15,15.0,5.395926075812762
13,BEAUTY,2017-05-21,22.0,5.058680696074464
13,BEAUTY,2017-05-28,25.0,6.070416835289357
13,BEAUTY,2017-06-04,37.0,10.117361392148927
13,BEAUTY,2017-06-11,32.0,8.43113449345744
13,BEVERAGES,2014-01-05,10101.0,6.3519565049815965
13,BEVERAGES,2014-01-12,9291.0,5.132453122892216
13,BEVERAGES,2014-01-19,9318.0,5.030075061185948
13,BEVERAGES,2014-11-09,15467.0,7.739623873694987
13,BREAD/BAKERY,2014-03-23,2157.0,9.177621457597267
13,BREAD/BAKERY,2014-12-07,2089.0,5.3296814476498815
13,BREAD/BAKERY,2014-12-21,2052.0,5.345963797333013
13,BREAD/BAKERY,2015-01-11,2189.0,5.980083251430885
13,BREAD/BAKERY,2015-03-22,4515.0,22.532206933765007
13,BREAD/BAKERY,2015-04-05,2026.0,5.023550969018391
13,BREAD/BAKERY,2015-04-12,2511.0,6.3937264555343365
13,BREAD/BAKERY,2016-02-14,2114.0,8.80350960025181
13,CELEBRATION,2014-11-02,163.0,5.016525023607177
13,CELEBRATION,2016-06-05,73.0,5.684993544159874
13,CLEANING,2014-07-13,9916.0,7.848619746636745
13,CLEANING,2015-04-12,15463.0,11.797478773091534
13,CLEANING,2015-04-19,11072.0,6.432100286023183
13,DAIRY,2013-11-10,1733.0,12.664145466724348
13,DAIRY,2013-11-17,1933.0,13.375670599466634
13,DAIRY,2013-11-24,1908.0,12.441760317114424
13,DAIRY,2013-12-01,2182.0,15.067085888615633
13,DAIRY,2013-12-08,2320.0,9.442870632672333
13,DAIRY,2013-12-15,2082.0,6.954052016309083
13,DAIRY,2013-12-22,1940.0,6.1854462671380785
13,DAIRY,2015-04-05,3513.0,10.131126509689267
13,DAIRY,2015-04-12,3264.0,8.08727645921447
13,DAIRY,2015-04-19,3162.0,7.412785699737874
13,DAIRY,2015-04-26,3177.0,7.340816906536536
13,DAIRY,2016-03-06,2411.0,6.584858939974896
13,DAIRY,2016-03-13,2286.0,5.155853093626177
13,DAIRY,2017-04-09,2660.0,7.862635139041452
13,DELI,2013-05-05,907.0,7.300370573158442
13,DELI,2013-05-12,873.0,5.010502784683278
13,DELI,2014-08-10,1050.0,5.901794145420208
13,DELI,2014-10-05,1219.0,7.0821529745042495
13,DELI,2014-11-09,1328.0,5.0802069969088235
13,DELI,2015-04-05,1936.0,7.0655671361564645
13,DELI,2015-04-12,1971.0,7.4525700309381175
13,DELI,2015-04-19,2005.0,7.828515700154581
13,DELI,2016-06-05,1439.0,6.69302369019083
13,EGGS,2013-10-06,470.0,7.4193983542425475
13,FROZEN FOODS,2013-12-15,243.85400299999998,8.310513231260398
13,FROZEN FOODS,2013-12-22,1350.5020200000001,64.92975971451308
13,FROZEN FOODS,2013-12-29,978.873013,45.405295453748316
13,FROZEN FOODS,2014-01-05,323.49501,10.119886831490627
13,FROZEN FOODS,2014-07-06,207.0,9.864427357345205
13,FROZEN FOODS,2014-11-09,283.0,5.727223953752933
13,FROZEN FOODS,2014-12-14,316.46799799999997,6.430209381202904
13,FROZEN FOODS,2014-12-21,1188.675,37.41681280633122
13,FROZEN FOODS,2014-12-28,1368.0059999999999,29.7713390023276
13,FROZEN FOODS,2015-12-20,951.97299,14.299732531697162
13,FROZEN FOODS,2015-12-27,3738.1579999999994,70.33181830065962
13,FROZEN FOODS,2016-01-03,638.435995,6.240174580244036
13,FROZEN FOODS,2016-12-11,327.452,6.078911924288065
13,FROZEN FOODS,2016-12-18,830.128002,23.41108720416086
13,FROZEN FOODS,2016-12-25,1997.64,67.15975688355292
13,FROZEN FOODS,2017-01-01,831.3499999999999,23.456877557444127
13,GROCERY I,2014-12-21,26869.375,6.128501719985061
13,GROCERY I,2015-04-05,30996.0,6.442845575254806
13,GROCERY II,2014-12-21,126.0,6.997841629569676
13,GROCERY II,2014-12-28,134.0,7.672332389046271
13,GROCERY II,2015-06-07,129.0,6.154728180223931
13,GROCERY II,2015-07-26,170.0,5.010502784683278
13,GROCERY II,2016-05-08,95.0,7.194568101083682
13,GROCERY II,2016-12-25,121.0,7.840955078915419
13,GROCERY II,2017-05-14,171.0,13.200747721184792
13,HARDWARE,2014-05-18,13.0,6.070416835289357
13,HARDWARE,2016-02-21,28.0,8.093889113719143
13,HARDWARE,2016-09-18,26.0,8.093889113719143
13,HARDWARE,2016-11-06,51.0,16.187778227438287
13,HARDWARE,2016-12-11,25.0,7.4193983542425475
13,HOME AND KITCHEN I,2015-12-27,186.0,5.395926075812762
13,HOME AND KITCHEN II,2015-06-14,226.0,13.23688115472818
13,HOME AND KITCHEN II,2015-06-21,205.0,10.042417974429307
13,HOME AND KITCHEN II,2015-06-28,203.0,9.74264430355082
13,HOME AND KITCHEN II,2015-07-05,178.0,7.794115442840656
13,HOME AND KITCHEN II,2015-07-26,210.0,7.0821529745042495
13,HOME AND KITCHEN II,2015-08-02,232.0,6.295247088448223
13,HOME AND KITCHEN II,2017-05-07,129.0,7.4193983542425475
13,HOME CARE,2014-11-09,1609.0,13.753746356283617
13,HOME CARE,2015-01-11,0.0,-8.622356100525547
13,HOME CARE,2015-01-18,0.0,-8.302494503247987
13,HOME CARE,2015-01-25,0.0,-6.942603162198748
13,HOME CARE,2015-02-01,0.0,-5.631762005699683
13,LADIESWEAR,2015-11-15,1.0,-5.395926075812762
13,LADIESWEAR,2016-07-10,50.0,7.7566437339808445
13,LINGERIE,2013-12-29,56.0,10.454606771887226
13,LINGERIE,2016-09-11,37.0,5.56454876568191
13,"LIQUOR,WINE,BEER",2013-12-22,349.0,8.212916894803246
13,"LIQUOR,WINE,BEER",2013-12-29,408.0,6.4076622150276545
13,"LIQUOR,WINE,BEER",2014-05-04,673.0,15.132053560431443
13,"LIQUOR,WINE,BEER",2014-12-28,734.0,7.257020949183366
13,"LIQUOR,WINE,BEER",2015-02-15,302.0,9.218040379513468
13,"LIQUOR,WINE,BEER",2015-03-22,317.0,7.7566437339808445
13,"LIQUOR,WINE,BEER",2015-04-05,343.0,9.274247942803184
13,"LIQUOR,WINE,BEER",2015-05-03,490.0,9.54936917364232
13,"LIQUOR,WINE,BEER",2015-12-06,490.0,5.691015783083772
13,"LIQUOR,WINE,BEER",2016-06-05,79.0,-6.506852032597742
13,"LIQUOR,WINE,BEER",2016-11-06,506.0,7.554296506137867
13,"LIQUOR,WINE,BEER",2016-12-25,486.0,7.311479832726292
13,"LIQUOR,WINE,BEER",2017-01-01,623.0,10.710913260488333
13,"LIQUOR,WINE,BEER",2017-05-14,566.0,8.872147682345984
13,"LIQUOR,WINE,BEER",2017-05-21,702.0,10.74688610099375
13,MAGAZINES,2015-10-11,9.0,5.395926075812762
13,MAGAZINES,2015-11-08,11.0,6.7449075947659525
13,MAGAZINES,2016-02-21,17.0,7.4193983542425475
13,MAGAZINES,2016-10-23,21.0,5.395926075812762
13,MEATS,2013-08-25,632.554,-5.165500377566607
13,MEATS,2014-04-20,537.79179,-5.122879477408034
13,PERSONAL CARE,2014-09-07,1330.0,8.463771143109533
13,PLAYERS AND ELECTRONICS,2016-11-06,66.0,9.218040379513468
13,PLAYERS AND ELECTRONICS,2016-12-11,52.0,5.620756328971626
13,PLAYERS AND ELECTRONICS,2017-01-01,71.0,7.250775664373398
13,POULTRY,2013-11-10,1225.501,6.920234757272933
13,POULTRY,2014-12-14,1222.57998,6.3605847571557845
13,PREPARED FOODS,2014-01-26,125.0,5.901794145420208
13,PRODUCE,2015-01-11,0.0,-7.223850805476096
13,PRODUCE,2015-01-18,0.0,-6.9047211316246395
13,PRODUCE,2015-01-25,0.0,-5.962326447688876
13,PRODUCE,2015-02-01,0.0,-5.66644178579392
13,PRODUCE,2016-12-25,1802.98,5.30149252487652
14,AUTOMOTIVE,2015-10-11,31.0,11.46634291110212
14,AUTOMOTIVE,2015-10-25,31.0,5.395926075812762
14,AUTOMOTIVE,2015-12-27,78.0,7.554296506137867
14,BEAUTY,2017-01-08,21.0,13.489815189531905
14,BEAUTY,2017-01-15,16.0,10.117361392148927
14,BEAUTY,2017-01-22,10.0,6.070416835289357
14,BEAUTY,2017-05-21,27.0,16.187778227438287
14,BEAUTY,2017-05-28,22.0,6.4076622150276545
14,BEAUTY,2017-06-04,21.0,6.070416835289357
14,BEVERAGES,2013-11-10,3981.0,6.839022584460361
14,BEVERAGES,2014-01-05,7912.0,14.495247676789072
14,BEVERAGES,2014-01-12,8972.0,17.83618321438342
14,BEVERAGES,2014-01-19,8841.0,17.42329401115242
14,BEVERAGES,2014-01-26,8980.0,14.044396480657106
14,BEVERAGES,2014-03-09,9506.0,6.404345047358097
14,BEVERAGES,2014-07-06,8553.0,7.696263556822459
14,BEVERAGES,2014-07-13,8097.0,7.024718171841395
14,BEVERAGES,2014-07-20,8181.0,7.0703714765221255
14,BEVERAGES,2014-07-27,8098.0,6.948138434957589
14,BEVERAGES,2015-01-11,3161.0,-7.432915203129855
14,BEVERAGES,2015-01-18,3114.0,-7.034168160954312
14,BEVERAGES,2015-01-25,3145.0,-5.351442789528263
14,BEVERAGES,2015-02-01,2639.0,-5.429650613786592
14,BEVERAGES,2015-02-08,3046.0,-5.011209205671419
14,BEVERAGES,2015-05-17,4970.0,26.234880165475065
14,BEVERAGES,2015-05-24,4513.0,19.813166059624983
14,BEVERAGES,2015-05-31,9003.0,32.88839240423067
14,BEVERAGES,2015-06-07,9847.0,16.016780570106192
14,BEVERAGES,2015-06-14,8396.0,11.516385773901995
14,BEVERAGES,2015-06-21,8536.0,11.718733001744972
14,BEVERAGES,2015-06-28,8429.0,11.479397570962956
14,BEVERAGES,2017-04-09,11770.0,5.308044543633401
14,BREAD/BAKERY,2014-08-10,0.0,-15.588230885681313
14,BREAD/BAKERY,2014-08-17,0.0,-15.588230885681313
14,BREAD/BAKERY,2014-08-24,0.0,-10.337458376820239
14,BREAD/BAKERY,2014-08-31,0.0,-10.159960808536924
14,BREAD/BAKERY,2014-09-07,0.0,-9.968263434790945
14,BREAD/BAKERY,2015-07-26,1355.0,-5.111141088478199
14,CELEBRATION,2015-12-27,118.0,6.263128480854098
14,CELEBRATION,2017-07-02,109.0,5.395926075812762
14,CLEANING,2014-08-10,0.0,-5.109166531364628
14,CLEANING,2014-08-17,0.0,-5.109166531364628
14,CLEANING,2014-08-24,0.0,-5.096958248135562
14,CLEANING,2014-08-31,0.0,-5.096958248135562
14,CLEANING,2014-09-07,0.0,-5.042735288049013
14,CLEANING,2016-06-26,9719.0,6.08286131424649
14,CLEANING,2017-04-30,14545.0,7.784479860562419
14,CLEANING,2017-05-07,13484.0,6.648551771983581
14,CLEANING,2017-05-14,15896.0,8.33160362207336
14,CLEANING,2017-05-21,16744.0,6.730508353833306
14,DAIRY,2013-09-08,992.0,5.360426562156099
14,DAIRY,2013-11-10,2248.0,15.56857359578764
14,DAIRY,2013-11-17,2520.0,18.421337791606682
14,DAIRY,2013-11-24,2359.0,14.848715690242102
14,DAIRY,2013-12-01,2655.0,17.725220399774642
14,DAIRY,2013-12-08,2857.0,18.34060489809646
14,DAIRY,2013-12-15,2560.0,15.596443862965653
14,DAIRY,2013-12-22,2641.0,12.60271321239421
14,DAIRY,2014-08-10,0.0,-8.36981715168684
14,DELI,2014-08-10,0.0,-11.589841219175298
14,DELI,2014-08-17,0.0,-11.272311322759537
14,DELI,2014-08-24,0.0,-10.549727263608284
14,DELI,2014-08-31,0.0,-6.095397974529231
14,EGGS,2014-08-10,0.0,-5.832361273121147
14,EGGS,2016-02-28,404.0,7.37724268177526
14,FROZEN FOODS,2013-11-10,235.90699999999998,7.255514651493889
14,FROZEN FOODS,2013-12-08,251.92600000000002,6.687112098915399
14,FROZEN FOODS,2013-12-15,353.904,13.138614671245328
14,FROZEN FOODS,2013-12-22,2796.631996,184.85276678199364
14,FROZEN FOODS,2013-12-29,2427.99593,86.99368148998656
14,FROZEN FOODS,2014-01-05,1627.5990000000002,47.65068933589379
14,FROZEN FOODS,2014-07-06,500.75699399999996,7.423952647304555
14,FROZEN FOODS,2014-07-13,408.71500000000003,5.095489612941442
14,FROZEN FOODS,2014-12-14,637.494,10.747802285105273
14,FROZEN FOODS,2014-12-21,2981.4880000000003,88.45203238748032
14,FROZEN FOODS,2014-12-28,4936.38,153.34482188375094
14,FROZEN FOODS,2015-01-04,1338.24603,18.934256707861916
14,FROZEN FOODS,2015-12-06,444.248992,5.4196865314842775
14,FROZEN FOODS,2015-12-13,632.33401,8.569111451610617
14,FROZEN FOODS,2015-12-20,2982.585996,73.73321083782405
14,FROZEN FOODS,2015-12-27,5060.3169,131.32925543763804
14,FROZEN FOODS,2016-01-03,1673.296005,19.071345413435424
14,FROZEN FOODS,2016-12-18,1778.708,20.124122620988494
14,FROZEN FOODS,2016-12-25,7211.31487,92.10512316558209
14,FROZEN FOODS,2017-01-01,3304.69496,37.88460429227259
14,FROZEN FOODS,2017-04-23,442.871002,6.321185783347121
14,GROCERY I,2013-10-06,22009.0,6.0846302420982505
14,GROCERY I,2014-08-10,0.0,-19.217936381492873
14,GROCERY I,2014-08-17,0.0,-11.395131735300804
14,GROCERY I,2014-08-24,0.0,-9.599147992103171
14,GROCERY I,2014-08-31,0.0,-7.332787099033642
14,GROCERY I,2014-09-07,0.0,-6.247629919776911
14,GROCERY I,2015-12-06,21729.186,5.267562321657342
14,GROCERY I,2015-12-20,21480.896,6.0406071614364585
14,GROCERY I,2015-12-27,24129.605,8.571381314114216
14,GROCERY I,2016-11-27,31386.0,8.470588429032114
14,GROCERY II,2013-07-28,123.0,5.920529999850114
14,GROCERY II,2013-12-22,109.0,6.576284904896803
14,GROCERY II,2013-12-29,141.0,8.852691218130312
14,GROCERY II,2014-01-05,97.0,5.058680696074464
14,GROCERY II,2014-12-28,118.0,5.211974050500963
14,GROCERY II,2015-05-10,83.0,5.283510949233329
14,GROCERY II,2015-12-20,107.0,5.32098265809314
14,GROCERY II,2015-12-27,143.0,7.869058860560277
14,GROCERY II,2016-01-03,127.0,6.002967759341698
14,GROCERY II,2016-12-25,170.0,9.013649240278136
14,GROCERY II,2017-01-01,137.0,6.4076622150276545
14,HARDWARE,2016-10-30,11.0,5.395926075812762
14,HOME AND KITCHEN I,2014-03-16,103.0,6.070416835289357
14,HOME AND KITCHEN I,2015-08-23,355.0,9.442870632672332
14,HOME AND KITCHEN I,2015-12-20,238.0,5.036197670758578
14,HOME AND KITCHEN I,2016-12-25,244.0,7.292931336840685
14,HOME AND KITCHEN I,2017-01-08,328.0,10.201672737083502
14,HOME AND KITCHEN I,2017-01-15,404.0,7.117040427580625
14,HOME AND KITCHEN I,2017-04-02,597.0,13.68654166104591
14,HOME AND KITCHEN I,2017-06-18,189.0,6.520077341607087
14,HOME CARE,2015-01-04,867.0,-6.744907594765952
14,HOME CARE,2015-01-11,0.0,-13.381276446627623
14,HOME CARE,2015-01-18,0.0,-13.187457262869982
14,HOME CARE,2015-01-25,0.0,-11.951133144475921
14,HOME CARE,2015-02-01,0.0,-8.294691706235076
14,HOME CARE,2017-03-05,2042.0,5.0186685323767
14,LADIESWEAR,2014-03-16,100.0,66.77458518818293
14,LADIESWEAR,2014-03-23,143.0,13.10439189840242
14,LINGERIE,2014-08-10,0.0,-8.633481721300418
14,LINGERIE,2014-08-17,0.0,-5.974061012506986
14,LINGERIE,2014-08-24,0.0,-5.227303385943613
14,LINGERIE,2014-08-31,0.0,-5.227303385943613
14,LINGERIE,2014-12-21,38.0,8.43113449345744
14,LINGERIE,2015-01-11,51.0,8.543549620036872
14,"LIQUOR,WINE,BEER",2013-12-29,548.0,9.442870632672333
14,"LIQUOR,WINE,BEER",2014-01-05,533.0,7.588021044111696
14,"LIQUOR,WINE,BEER",2014-03-02,449.0,7.269511518803303
14,"LIQUOR,WINE,BEER",2014-12-28,482.0,6.928859620077751
14,"LIQUOR,WINE,BEER",2015-01-04,557.0,8.46179316434274
14,"LIQUOR,WINE,BEER",2015-02-15,418.0,7.6540038357996245
14,"LIQUOR,WINE,BEER",2015-12-27,426.0,8.181866169303047
14,"LIQUOR,WINE,BEER",2016-01-03,454.0,8.504448706444027
14,"LIQUOR,WINE,BEER",2016-02-07,455.0,10.716908733905901
14,"LIQUOR,WINE,BEER",2016-12-25,502.0,14.543707001214084
14,"LIQUOR,WINE,BEER",2017-01-01,587.0,17.874005126129774
14,MAGAZINES,2015-10-04,10.0,6.070416835289357
14,MAGAZINES,2015-10-18,13.0,7.4193983542425475
14,MAGAZINES,2015-10-25,24.0,14.838796708485095
14,MAGAZINES,2016-04-17,19.0,6.070416835289357
14,MEATS,2013-05-12,2359.35102,-5.861835536154585
14,MEATS,2014-08-10,0.0,-31.282269295713352
14,MEATS,2014-08-17,0.0,-31.282269295713352
14,MEATS,2014-08-24,0.0,-16.232189210798477
14,MEATS,2014-08-31,0.0,-16.232189210798477
14,MEATS,2014-09-07,0.0,-6.347441199699267
14,MEATS,2014-12-21,1338.134,-5.423683963508884
14,MEATS,2015-05-03,1844.13403,6.308448121043986
14,PERSONAL CARE,2014-08-10,0.0,-10.318525302870016
14,PERSONAL CARE,2014-08-17,0.0,-7.894710634410617
14,PERSONAL CARE,2014-08-24,0.0,-7.4193983542425475
14,PLAYERS AND ELECTRONICS,2015-01-11,0.0,-5.171095822653896
14,PLAYERS AND ELECTRONICS,2015-01-18,0.0,-5.171095822653896
14,PLAYERS AND ELECTRONICS,2015-01-25,0.0,-5.171095822653896
14,POULTRY,2013-10-06,657.187992,5.756316805452225
14,POULTRY,2013-11-10,1288.047,8.11591014953172
14,POULTRY,2014-08-10,0.0,-6.511970873495002
14,POULTRY,2014-08-17,0.0,-6.485481490969564
14,POULTRY,2014-08-24,0.0,-6.485481490969564
14,POULTRY,2014-08-31,0.0,-6.451235404950511
14,POULTRY,2014-09-07,0.0,-6.013897613183676
14,POULTRY,2016-10-09,709.806009,5.656504172335137
14,POULTRY,2016-10-16,786.373,7.20131082365985
14,PREPARED FOODS,2014-08-10,0.0,-12.970976143780678
14,PREPARED FOODS,2014-08-17,0.0,-12.970976143780678
14,PREPARED FOODS,2014-08-24,0.0,-12.970976143780678
14,PREPARED FOODS,2014-08-31,0.0,-12.711556620905064
14,PREPARED FOODS,2014-09-07,0.0,-8.697380845882412
14,PRODUCE,2015-01-11,0.0,-10.177648795421792
14,PRODUCE,2015-01-18,0.0,-10.177648795421792
14,PRODUCE,2015-01-25,0.0,-10.177648795421792
14,PRODUCE,2015-02-01,0.0,-10.177648795421792
14,PRODUCE,2015-02-08,0.0,-8.712382296989238
14,PRODUCE,2015-02-15,0.0,-8.66423212946029
14,PRODUCE,2015-12-27,3649.923,6.730895845058445
14,PRODUCE,2016-12-25,3654.0370000000003,6.312818352205164
14,PRODUCE,2017-07-16,3295.9249999999997,5.806032587267781
14,SCHOOL AND OFFICE SUPPLIES,2016-08-14,16.0,10.791852151625523
14,SCHOOL AND OFFICE SUPPLIES,2016-08-21,10.0,6.7449075947659525
14,SCHOOL AND OFFICE SUPPLIES,2016-08-28,16.0,10.791852151625523
14,SCHOOL AND OFFICE SUPPLIES,2016-09-04,43.0,29.003102657493592
14,SCHOOL AND OFFICE SUPPLIES,2016-09-11,59.0,39.79495480911912
14,SEAFOOD,2013-07-21,0.0,-7.01470389855659
14,SEAFOOD,2015-10-04,51.0,6.520077341607086
14,SEAFOOD,2017-02-26,58.0,5.058680696074464
15,AUTOMOTIVE,2016-04-17,7.0,-5.73317145555106
15,BABY CARE,2015-08-09,143.0,8.993210126354603
15,BABY CARE,2017-01-15,29.0,5.73317145555106
15,BEAUTY,2013-08-25,12.0,-6.070416835289357
15,BEAUTY,2015-01-11,24.0,5.058680696074464
15,BEAUTY,2015-05-31,24.0,7.4193983542425475
15,BEAUTY,2017-05-21,27.0,5.058680696074464
15,BEAUTY,2017-05-28,28.0,5.058680696074464
15,BEAUTY,2017-06-11,40.0,6.070416835289357
15,BEAUTY,2017-06-18,40.0,5.171095822653896
15,BEVERAGES,2013-08-11,6995.0,5.477247656742564
15,BEVERAGES,2014-01-05,7944.0,10.614354583342207
15,BEVERAGES,2014-01-12,8694.0,10.999777874471691
15,BEVERAGES,2014-01-19,7973.0,9.169017241606648
15,BEVERAGES,2014-01-26,8597.0,10.599140506060781
15,BEVERAGES,2014-02-02,6847.0,5.763599610113912
15,BEVERAGES,2014-03-09,8770.0,6.154555764385619
15,BEVERAGES,2015-01-18,5913.0,-5.161253023552471
15,BEVERAGES,2015-01-25,4921.0,-6.212893535043964
15,BEVERAGES,2015-05-31,12133.0,9.212750255909729
15,BEVERAGES,2015-06-07,11306.0,7.9933767652481205
15,BEVERAGES,2015-06-14,10350.0,6.616806636570785
15,BEVERAGES,2015-06-21,10488.0,5.506025201369163
15,BEVERAGES,2016-12-04,12939.0,5.007826234050436
15,BREAD/BAKERY,2013-12-29,545.0,-5.497736001771493
15,BREAD/BAKERY,2014-05-04,774.0,-5.126129772022124
15,BREAD/BAKERY,2014-09-07,1525.0,5.526797417203743
15,BREAD/BAKERY,2014-09-14,1960.0,9.765015473019364
15,BREAD/BAKERY,2014-09-21,1987.0,6.998748203171122
15,BREAD/BAKERY,2016-11-13,1210.0,5.73317145555106
15,BREAD/BAKERY,2016-11-20,1255.0,6.778632132739782
15,CLEANING,2015-05-03,9993.0,5.086839048169118
15,CLEANING,2015-10-04,7354.0,5.337041961890202
15,DAIRY,2013-11-10,1759.0,10.968767760668564
15,DAIRY,2013-11-17,1685.0,9.785644625193227
15,DAIRY,2013-11-24,1698.0,9.874102429714746
15,DAIRY,2013-12-01,1850.0,11.357554078928473
15,DAIRY,2013-12-08,2207.0,13.695094985894347
15,DAIRY,2013-12-15,1934.0,6.0382982276952335
15,DAIRY,2017-01-08,3367.0,5.016525023607176
15,DELI,2014-08-10,2503.0,5.851426328965787
15,EGGS,2013-05-19,452.0,5.176324433192475
15,EGGS,2013-05-26,473.0,5.61053677200986
15,EGGS,2014-04-06,483.0,5.630531557369839
15,EGGS,2014-04-20,708.0,11.223526237690544
15,EGGS,2014-05-04,529.0,5.854579792256846
15,FROZEN FOODS,2013-05-12,224.605,5.697610515375254
15,FROZEN FOODS,2013-12-22,1204.4829969999998,34.76666159023621
15,FROZEN FOODS,2013-12-29,1098.1,30.675865085880826
15,FROZEN FOODS,2014-01-12,509.338,8.59103892761158
15,FROZEN FOODS,2014-01-19,470.5,7.3871291837560715
15,FROZEN FOODS,2014-07-06,573.729,12.165462693255062
15,FROZEN FOODS,2014-07-13,544.0,11.14141204270199
15,FROZEN FOODS,2014-07-20,460.86,8.2775561751322
15,FROZEN FOODS,2014-07-27,519.0,10.058286183911221
15,FROZEN FOODS,2014-08-03,419.0,6.372544328847863
15,FROZEN FOODS,2014-09-07,615.0,12.193949688714289
15,FROZEN FOODS,2014-09-14,546.0,7.683329520994259
15,FROZEN FOODS,2014-12-21,1918.857,103.82023776772971
15,FROZEN FOODS,2014-12-28,2112.4320000000002,117.5278019426045
15,FROZEN FOODS,2015-01-04,696.433,12.923505981225398
15,FROZEN FOODS,2015-01-11,552.7860000000001,5.30588084351532
15,FROZEN FOODS,2015-12-20,1249.164002,22.914707787568545
15,FROZEN FOODS,2015-12-27,2464.17402,47.29136205402339
15,FROZEN FOODS,2016-01-03,1245.222,17.716834221817233
15,FROZEN FOODS,2016-12-18,1589.242,24.82701752971054
15,FROZEN FOODS,2016-12-25,3304.95,62.387199027927686
15,FROZEN FOODS,2017-01-01,1694.61699,26.638709320035883
15,GROCERY I,2014-12-21,23451.102,7.052516896428984
15,GROCERY I,2015-09-06,25069.0,5.909125566718867
15,GROCERY I,2016-04-24,32346.0,6.8616802119358935
15,GROCERY II,2013-12-22,170.0,6.894794430205196
15,GROCERY II,2013-12-29,246.0,12.365663923737579
15,GROCERY II,2014-12-28,268.0,11.362575101951874
15,GROCERY II,2015-01-04,258.0,10.480548724174788
15,GROCERY II,2015-12-27,236.0,8.382956582066255
15,GROCERY II,2016-12-25,235.0,20.571968164036154
15,GROCERY II,2017-01-01,210.0,17.76158999955034
15,HARDWARE,2013-09-29,13.0,5.395926075812762
15,HARDWARE,2017-01-08,13.0,5.395926075812762
15,HARDWARE,2017-04-16,16.0,6.070416835289357
15,HOME AND KITCHEN I,2014-03-16,281.0,6.094505790984949
15,HOME AND KITCHEN I,2014-10-12,1352.0,5.496596338421209
15,HOME AND KITCHEN I,2015-09-20,1247.0,8.501720735728247
15,HOME AND KITCHEN I,2015-11-01,1104.0,7.907516667021662
15,HOME AND KITCHEN I,2016-11-13,300.0,9.5985223463977
15,HOME AND KITCHEN I,2016-11-20,255.0,6.025450784657584
15,HOME AND KITCHEN I,2017-01-01,325.0,7.617777989382722
15,HOME AND KITCHEN II,2016-06-05,265.0,5.316574221756691
15,HOME CARE,2015-01-11,0.0,-8.651319493451865
15,HOME CARE,2015-01-18,0.0,-8.629022278262557
15,HOME CARE,2015-01-25,0.0,-6.901980785328995
15,HOME CARE,2015-02-01,0.0,-6.901980785328995
15,HOME CARE,2016-04-24,2439.0,9.984674685366647
15,LADIESWEAR,2014-11-16,6.0,-5.142992041009038
15,LADIESWEAR,2017-07-16,48.0,-5.126129772022124
15,LINGERIE,2014-09-07,67.0,5.395926075812762
15,LINGERIE,2017-04-02,60.0,5.845586582130491
15,"LIQUOR,WINE,BEER",2013-09-22,282.0,9.274247942803184
15,"LIQUOR,WINE,BEER",2013-10-06,329.0,13.068258464859031
15,"LIQUOR,WINE,BEER",2013-12-29,506.0,8.690554016333055
15,"LIQUOR,WINE,BEER",2014-12-21,307.0,5.941942404912862
15,"LIQUOR,WINE,BEER",2014-12-28,546.0,13.618289619908397
15,"LIQUOR,WINE,BEER",2015-01-04,426.0,9.764056708613568
15,"LIQUOR,WINE,BEER",2016-01-03,537.0,5.974061012506986
15,"LIQUOR,WINE,BEER",2016-10-09,322.0,5.808114873270681
15,"LIQUOR,WINE,BEER",2016-12-25,633.0,12.348369288879205
15,"LIQUOR,WINE,BEER",2017-01-01,367.0,5.447809980387885
15,MAGAZINES,2015-10-11,13.0,7.4193983542425475
15,MAGAZINES,2015-10-25,12.0,6.7449075947659525
15,MEATS,2014-06-22,1209.8219949999998,11.648264061273577
15,MEATS,2015-04-05,570.18,-6.123045533115734
15,PERSONAL CARE,2013-05-05,1375.0,5.3188414175868655
15,PERSONAL CARE,2013-07-07,1577.0,5.628127812681753
15,PERSONAL CARE,2015-06-07,1777.0,5.453329544704387
15,PERSONAL CARE,2015-07-05,1780.0,6.007673508826418
15,PLAYERS AND ELECTRONICS,2014-11-09,27.0,8.768379873195737
15,PLAYERS AND ELECTRONICS,2015-01-11,0.0,-10.117361392148927
15,PLAYERS AND ELECTRONICS,2015-01-18,0.0,-9.442870632672333
15,PLAYERS AND ELECTRONICS,2015-12-27,55.0,13.489815189531905
15,POULTRY,2013-11-10,884.696996,20.89995548738851
15,POULTRY,2013-11-17,911.437,21.547655889551265
15,POULTRY,2013-11-24,1046.549018,16.360991125728187
15,POULTRY,2013-12-01,942.4770100000001,9.791697371358515
15,POULTRY,2013-12-08,923.619,7.521870320487705
15,POULTRY,2013-12-15,912.291987,7.366507547573233
15,POULTRY,2014-08-17,1321.152,6.133569310560154
15,POULTRY,2015-01-04,790.2489949999999,-8.236229158823809
15,POULTRY,2015-12-13,966.886,-6.1233006975428665
15,POULTRY,2016-01-03,934.261,-6.60133331697071
15,PREPARED FOODS,2014-06-01,111.0,-6.295247088448222
15,PREPARED FOODS,2014-08-10,299.0,10.589504923782545
15,PRODUCE,2015-01-04,1749.364,-9.675137771390384
15,PRODUCE,2015-01-11,0.0,-17.95192739069875
15,PRODUCE,2015-01-18,0.0,-17.937093482817694
15,PRODUCE,2015-01-25,0.0,-17.614171788713467
15,PRODUCE,2015-02-01,0.0,-14.563586602191096
15,PRODUCE,2015-02-08,0.0,-10.325009482345486
15,PRODUCE,2015-02-15,0.0,-8.953842942317966
16,AUTOMOTIVE,2015-02-01,87.0,5.901794145420208
16,BEAUTY,2014-10-19,14.0,7.4193983542425475
16,BEAUTY,2015-11-22,14.0,8.093889113719143
16,BEAUTY,2015-11-29,12.0,6.7449075947659525
16,BEAUTY,2015-12-06,17.0,10.117361392148927
16,BEAUTY,2015-12-13,19.0,11.46634291110212
16,BEAUTY,2016-04-03,18.0,5.395926075812762
16,BEAUTY,2017-03-26,15.0,8.768379873195737
16,BEAUTY,2017-05-21,18.0,10.117361392148927
16,BEAUTY,2017-05-28,20.0,5.73317145555106
16,BEAUTY,2017-06-04,23.0,6.7449075947659525
16,BEAUTY,2017-06-18,19.0,5.058680696074464
16,BEVERAGES,2014-01-05,10203.0,43.46476474777672
16,BEVERAGES,2014-01-12,10989.0,37.63769923955348
16,BEVERAGES,2014-01-19,10805.0,25.89492301733244
16,BEVERAGES,2014-01-26,10775.0,22.147509399634046
16,BEVERAGES,2014-02-02,8507.0,11.38584812910697
16,BEVERAGES,2014-03-09,11809.0,5.159499314859386
16,BEVERAGES,2014-07-06,12373.0,12.117525134614079
16,BEVERAGES,2014-07-13,12778.0,12.707522451218876
16,BEVERAGES,2014-07-20,11615.0,10.909851614946483
16,BEVERAGES,2014-07-27,11522.0,10.772913966154258
16,BEVERAGES,2014-08-03,8684.0,6.621080997453833
16,BEVERAGES,2014-09-07,13064.0,10.703435759933834
16,BEVERAGES,2014-09-14,11602.0,5.831135193793952
16,BEVERAGES,2015-01-11,4138.0,-6.460180478796424
16,BEVERAGES,2015-01-18,3679.0,-5.934467138780155
16,BEVERAGES,2015-01-25,3400.0,-6.140269441783036
16,BEVERAGES,2015-05-31,13378.0,11.72567092797319
16,BEVERAGES,2015-06-07,14483.0,12.935471814018511
16,BEVERAGES,2015-06-14,14229.0,12.063511096741008
16,BEVERAGES,2016-04-24,15182.0,11.10019078452911
16,BEVERAGES,2017-03-26,10496.0,7.568183080597678
16,BEVERAGES,2017-04-02,11324.0,8.333708050421931
16,BEVERAGES,2017-04-16,14152.0,18.923212974204475
16,BREAD/BAKERY,2013-05-05,1976.0,5.058680696074464
16,BREAD/BAKERY,2014-03-23,1320.0,-5.720680885931122
16,BREAD/BAKERY,2014-03-30,1328.0,-5.520831772012131
16,BREAD/BAKERY,2015-05-10,2142.0,5.616879945296474
16,CELEBRATION,2014-11-09,110.0,22.59544044246594
16,CELEBRATION,2015-12-27,18.0,-7.0821529745042495
16,CELEBRATION,2016-07-17,65.0,6.070416835289357
16,CELEBRATION,2017-07-09,67.0,5.058680696074464
16,CLEANING,2014-11-09,10192.0,6.154112768947036
16,CLEANING,2017-04-30,16780.0,23.424297162930618
16,CLEANING,2017-05-21,18906.0,18.885741265344667
16,CLEANING,2017-05-28,10808.0,7.54482018968241
16,DAIRY,2013-09-29,697.0,-5.695699746691249
16,DAIRY,2013-11-10,1850.0,15.358716668914969
16,DAIRY,2013-11-17,1739.0,13.798956787625343
16,DAIRY,2013-11-24,1818.0,14.31269391609335
16,DAIRY,2013-12-01,1957.0,14.519946531277977
16,DAIRY,2013-12-08,2141.0,16.776424708436043
16,DAIRY,2013-12-15,1632.0,9.196627974450719
16,DAIRY,2013-12-22,1745.0,8.209262533103297
16,DAIRY,2017-01-08,2333.0,5.1080336784751905
16,DELI,2013-05-05,1866.0,6.123793801866641
16,EGGS,2013-08-18,1286.0,11.588977594643318
16,EGGS,2013-08-25,1530.0,16.576121391985417
16,EGGS,2013-09-01,1499.0,15.942508860355888
16,EGGS,2013-09-08,1329.0,12.467859493355245
16,EGGS,2013-09-15,1403.0,13.9803539236967
16,EGGS,2013-09-22,1172.0,5.236500987209203
16,FROZEN FOODS,2013-12-22,1378.2350000000001,36.36607795453202
16,FROZEN FOODS,2013-12-29,1852.30899,48.132510747863634
16,FROZEN FOODS,2014-01-05,678.365,13.101224200728451
16,FROZEN FOODS,2014-12-14,451.699002,7.8952516599967035
16,FROZEN FOODS,2014-12-21,1334.415,40.972128542950074
16,FROZEN FOODS,2014-12-28,2735.553,67.56151831978595
16,FROZEN FOODS,2015-01-04,1290.62601,28.193310784482815
16,FROZEN FOODS,2015-12-20,668.219999,12.460876708903275
16,FROZEN FOODS,2015-12-27,1829.31701,42.35864702509861
16,FROZEN FOODS,2016-01-03,1152.759,24.59232759510614
16,FROZEN FOODS,2016-12-18,1496.257,29.905907988897415
16,FROZEN FOODS,2016-12-25,2040.0919999999999,42.91433703279961
16,FROZEN FOODS,2017-01-01,1467.2239960000002,26.924157405859475
16,GROCERY I,2013-05-05,21519.0,5.431378940962648
16,GROCERY I,2014-12-21,27536.915999999997,6.200667793239989
16,GROCERY I,2016-04-24,33440.0,18.813203735834342
16,GROCERY I,2017-04-02,23827.0,8.717726416950459
16,GROCERY I,2017-06-04,25031.0,7.60532102341842
16,GROCERY II,2013-12-22,139.0,12.950222581950628
16,GROCERY II,2014-01-05,156.0,6.947254822608931
16,GROCERY II,2014-12-28,315.0,15.79432528441027
16,GROCERY II,2015-01-04,124.0,5.058680696074464
16,GROCERY II,2016-01-03,100.0,5.193578847969783
16,GROCERY II,2016-09-25,66.0,5.126129772022124
16,GROCERY II,2016-12-18,158.0,14.838796708485093
16,GROCERY II,2016-12-25,152.0,12.140833670578713
16,GROCERY II,2017-01-01,117.0,8.768379873195737
16,GROCERY II,2017-05-14,79.0,6.295247088448222
16,HARDWARE,2014-01-05,12.0,6.070416835289357
16,HARDWARE,2014-12-07,15.0,6.070416835289357
16,HOME AND KITCHEN I,2015-06-21,224.0,5.648860110616485
16,HOME AND KITCHEN I,2016-10-02,210.0,5.886464809977558
16,HOME AND KITCHEN II,2015-05-31,226.0,11.803588290840416
16,HOME AND KITCHEN II,2017-06-04,254.0,8.228787265614462
16,HOME CARE,2014-11-09,2408.0,14.104792058466446
16,HOME CARE,2015-01-04,902.0,-8.153654117723397
16,HOME CARE,2015-01-11,0.0,-15.760885341693603
16,HOME CARE,2015-01-18,0.0,-13.682526835096645
16,HOME CARE,2015-01-25,0.0,-13.163687789345419
16,HOME CARE,2015-02-01,0.0,-13.020604226417753
16,HOME CARE,2015-07-05,2302.0,20.324654885561404
16,HOME CARE,2016-04-24,2601.0,16.767840280588157
16,HOME CARE,2017-03-05,1357.0,8.346823148522866
16,HOME CARE,2017-04-02,1352.0,8.363685417509782
16,HOME CARE,2017-04-09,1912.0,31.448131660596253
16,LINGERIE,2013-07-21,25.0,-6.4076622150276545
16,LINGERIE,2014-07-06,9.0,-7.0821529745042495
16,LINGERIE,2017-04-30,38.0,5.845586582130491
16,LINGERIE,2017-05-07,45.0,5.395926075812762
16,"LIQUOR,WINE,BEER",2015-11-22,367.0,6.928859620077751
16,"LIQUOR,WINE,BEER",2015-12-13,355.0,7.738893977152513
16,"LIQUOR,WINE,BEER",2015-12-27,391.0,7.725985063095545
16,"LIQUOR,WINE,BEER",2016-01-03,355.0,5.978440822633457
16,"LIQUOR,WINE,BEER",2016-05-08,376.0,9.937497189621837
16,"LIQUOR,WINE,BEER",2016-05-15,268.0,5.081163721390351
16,"LIQUOR,WINE,BEER",2017-06-25,901.0,14.906245784432755
16,"LIQUOR,WINE,BEER",2017-07-16,674.0,8.666184303578072
16,MAGAZINES,2015-10-04,9.0,5.395926075812762
16,MAGAZINES,2015-10-11,13.0,8.093889113719143
16,MAGAZINES,2015-10-18,11.0,6.7449075947659525
16,MAGAZINES,2015-10-25,10.0,6.070416835289357
16,MAGAZINES,2015-11-01,9.0,5.395926075812762
16,MAGAZINES,2015-11-08,9.0,5.395926075812762
16,PERSONAL CARE,2016-04-24,2567.0,10.179383530951373
16,PERSONAL CARE,2017-03-05,1214.0,6.099742520483992
16,PET SUPPLIES,2016-10-23,14.0,8.093889113719143
16,PLAYERS AND ELECTRONICS,2014-10-05,29.0,15.513287467961689
16,PLAYERS AND ELECTRONICS,2014-10-12,16.0,6.7449075947659525
16,PLAYERS AND ELECTRONICS,2014-10-19,24.0,12.140833670578713
16,PLAYERS AND ELECTRONICS,2014-10-26,19.0,8.768379873195737
16,PLAYERS AND ELECTRONICS,2014-11-02,19.0,8.768379873195737
16,PLAYERS AND ELECTRONICS,2014-11-09,23.0,10.791852151625523
16,PLAYERS AND ELECTRONICS,2017-01-01,58.0,5.530824227708081
16,POULTRY,2013-11-10,964.724,6.137374265170796
16,PREPARED FOODS,2013-09-29,128.0,-5.153109402401188
16,PREPARED FOODS,2014-09-28,245.0,-7.149602050451909
16,PREPARED FOODS,2014-11-02,419.0,13.489815189531903
16,PREPARED FOODS,2014-11-09,412.0,5.2995702530303905
16,PREPARED FOODS,2014-11-30,421.0,5.2995702530303905
16,PREPARED FOODS,2016-02-21,219.0,-5.106858607465649
16,PREPARED FOODS,2016-07-24,345.0,7.0821529745042495
16,PREPARED FOODS,2016-12-25,193.0,-11.466342911102117
16,PREPARED FOODS,2017-01-01,151.0,-10.791852151625523
16,PRODUCE,2015-01-04,2271.9880000000003,-14.507616232225063
16,PRODUCE,2015-01-11,0.0,-25.908307025452316
16,PRODUCE,2015-01-18,0.0,-22.61856215870473
16,PRODUCE,2015-01-25,0.0,-22.61856215870473
16,PRODUCE,2015-02-01,0.0,-8.65685980666248
16,PRODUCE,2015-02-08,0.0,-6.273841511210042
16,PRODUCE,2015-02-15,0.0,-5.599350751733447
16,PRODUCE,2015-07-26,4723.975,-6.6006339825723925
16,SEAFOOD,2013-07-21,2.0,-5.395926075812762
16,SEAFOOD,2013-07-28,1.0,-5.395926075812762
17,BABY CARE,2016-05-01,9.0,5.395926075812762
17,BEAUTY,2015-03-22,13.0,5.395926075812762
17,BEAUTY,2015-04-19,16.0,7.4193983542425475
17,BEAUTY,2016-02-07,31.0,8.43113449345744
17,BEVERAGES,2014-01-05,15140.0,13.736867037479726
17,BEVERAGES,2014-01-12,14478.0,12.438864471277675
17,BEVERAGES,2014-01-19,16257.0,15.408788899592077
17,BEVERAGES,2014-01-26,16368.0,12.895322171295557
17,BEVERAGES,2014-02-02,12507.0,6.257078231516601
17,BEVERAGES,2014-03-09,16040.0,7.880000364246187
17,BEVERAGES,2014-07-06,16115.0,7.4671008257186875
17,BEVERAGES,2014-07-13,15499.0,6.783735187827927
17,BEVERAGES,2014-07-20,17589.0,9.102297173528722
17,BEVERAGES,2014-07-27,15623.0,6.765985430999596
17,BEVERAGES,2015-01-11,9817.0,-5.348696963551818
17,BEVERAGES,2015-01-18,9661.0,-5.393012508817182
17,BEVERAGES,2015-05-17,13831.0,7.641526320704791
17,BEVERAGES,2015-05-24,13422.0,6.806519731448911
17,BEVERAGES,2015-05-31,21060.0,13.462517081222565
17,BEVERAGES,2015-06-07,20040.0,8.145773018294266
17,BEVERAGES,2015-06-14,21225.0,6.950595046178885
17,BEVERAGES,2015-06-21,21335.0,6.841836964112503
17,BEVERAGES,2015-06-28,20615.0,5.919574088909812
17,BEVERAGES,2016-04-24,37035.0,6.462408302673155
17,BREAD/BAKERY,2014-09-07,1949.0,7.467576265633732
17,BREAD/BAKERY,2014-09-14,2178.0,10.225761692779095
17,BREAD/BAKERY,2014-09-21,2087.0,9.057447341542849
17,BREAD/BAKERY,2014-09-28,1769.0,5.155036518856835
17,BREAD/BAKERY,2014-10-05,1990.0,5.537924130439413
17,BREAD/BAKERY,2015-12-27,1042.0,-5.781349366942244
17,CELEBRATION,2016-07-03,116.0,10.117361392148927
17,CELEBRATION,2016-08-07,112.0,5.781349366942244
17,DAIRY,2013-11-10,2436.0,10.828810549405063
17,DAIRY,2013-11-17,2627.0,10.377960094673977
17,DAIRY,2013-11-24,2406.0,6.947254822608931
17,DAIRY,2013-12-01,2756.0,8.989122303569896
17,DAIRY,2013-12-08,3101.0,10.871564695927303
17,DAIRY,2013-12-15,3156.0,11.208810075665602
17,DAIRY,2015-04-05,4728.0,5.2286523674625665
17,DAIRY,2016-08-14,4412.0,-8.567855593351345
17,DELI,2013-07-14,1419.0,-7.404069018799897
17,EGGS,2013-09-01,873.0,6.051145670732883
17,EGGS,2013-09-08,940.0,7.34231369601665
17,EGGS,2013-09-15,1066.0,9.731938101019445
17,EGGS,2016-04-17,1631.0,5.717112151753998
17,FROZEN FOODS,2013-09-15,176.0,-5.010502784683278
17,FROZEN FOODS,2013-12-22,1675.9779899999999,20.312705661097777
17,FROZEN FOODS,2013-12-29,1156.27899,12.590201790083107
17,FROZEN FOODS,2014-01-05,799.63899,6.878006339198694
17,FROZEN FOODS,2014-07-06,645.502,5.599110088480362
17,FROZEN FOODS,2014-12-21,1886.243024,11.162948730537575
17,FROZEN FOODS,2014-12-28,2624.254,16.398554490493197
17,FROZEN FOODS,2015-05-10,697.654,8.901406802303029
17,FROZEN FOODS,2015-10-25,487.0,-6.3084723974575665
17,FROZEN FOODS,2015-12-06,1037.831996,8.269097928123088
17,FROZEN FOODS,2015-12-13,963.534996,5.9565489925273
17,FROZEN FOODS,2015-12-20,2669.279,24.84302131466726
17,FROZEN FOODS,2015-12-27,3578.54508,26.2364622222103
17,FROZEN FOODS,2016-01-03,1726.705,8.931721793948007
17,FROZEN FOODS,2016-12-18,2250.47,14.799705058420985
17,FROZEN FOODS,2016-12-25,5721.038,49.485595279895875
17,FROZEN FOODS,2017-01-01,1934.00598,11.062399039447254
17,GROCERY I,2014-06-08,25139.0,5.21107609779721
17,GROCERY I,2014-12-07,28449.342,7.973874374652582
17,GROCERY I,2015-07-05,34275.0,6.732067345145456
17,GROCERY I,2016-04-24,58846.0,9.636999350258138
17,GROCERY II,2013-12-22,97.0,6.857322721345384
17,GROCERY II,2014-01-05,119.0,7.901177468154401
17,GROCERY II,2014-06-22,79.0,6.205314987184676
17,GROCERY II,2014-07-06,74.0,5.395926075812762
17,GROCERY II,2014-12-28,228.0,11.650294936413918
17,GROCERY II,2015-01-04,201.0,9.994726708607729
17,GROCERY II,2015-05-31,21.0,-5.395926075812762
17,GROCERY II,2015-12-27,173.0,9.143096961793846
17,GROCERY II,2016-01-03,338.0,21.508760885531427
17,GROCERY II,2016-12-25,170.0,10.716908733905901
17,GROCERY II,2017-01-01,250.0,13.673767214843703
17,GROCERY II,2017-01-08,125.0,5.947782151748158
17,HARDWARE,2014-08-31,23.0,5.395926075812762
17,HOME AND KITCHEN I,2014-12-28,402.0,8.415075189660378
17,HOME AND KITCHEN I,2015-10-04,347.0,6.604388686541661
17,HOME AND KITCHEN II,2016-08-21,206.0,5.246039240373518
17,HOME AND KITCHEN II,2016-09-25,732.0,17.567418417276777
17,HOME AND KITCHEN II,2016-10-02,583.0,12.346113466941157
17,HOME AND KITCHEN II,2016-10-09,469.0,5.9682212656716915
17,HOME CARE,2015-01-04,841.0,-5.915717119813073
17,HOME CARE,2015-01-11,0.0,-10.847544049196985
17,HOME CARE,2015-01-18,0.0,-10.332243404017579
17,HOME CARE,2015-01-25,0.0,-9.650838616844284
17,HOME CARE,2015-02-01,0.0,-7.772487476653113
17,HOME CARE,2016-04-03,2818.0,6.237301146912432
17,HOME CARE,2016-04-24,4112.0,8.764190489596503
17,LADIESWEAR,2017-05-21,31.0,20.234722784297855
17,LINGERIE,2014-08-24,139.0,5.733171455551059
17,LINGERIE,2016-09-11,139.0,9.021313907999462
17,LINGERIE,2017-01-08,65.0,6.520077341607086
17,LINGERIE,2017-03-05,79.0,8.993210126354603
17,"LIQUOR,WINE,BEER",2013-12-29,952.0,9.561898413756438
17,"LIQUOR,WINE,BEER",2014-01-05,784.0,5.79205556947362
17,"LIQUOR,WINE,BEER",2014-02-16,474.0,5.962498313773102
17,"LIQUOR,WINE,BEER",2014-12-21,323.0,5.118194586616516
17,"LIQUOR,WINE,BEER",2014-12-28,674.0,13.489815189531903
17,"LIQUOR,WINE,BEER",2015-01-04,613.0,11.775484509195557
17,"LIQUOR,WINE,BEER",2015-10-18,151.0,-5.470869493532383
17,"LIQUOR,WINE,BEER",2015-12-06,484.0,7.311479832726292
17,"LIQUOR,WINE,BEER",2015-12-27,795.0,15.594226359098881
17,"LIQUOR,WINE,BEER",2016-12-25,1153.0,9.640566200105129
17,"LIQUOR,WINE,BEER",2017-01-01,858.0,6.209966647594859
17,MAGAZINES,2015-10-04,15.0,8.093889113719143
17,MAGAZINES,2015-10-11,14.0,7.4193983542425475
17,MAGAZINES,2015-10-18,25.0,14.838796708485095
17,MAGAZINES,2015-10-25,18.0,5.058680696074464
17,MAGAZINES,2015-11-01,20.0,5.058680696074464
17,MAGAZINES,2016-05-29,43.0,5.620756328971626
17,MEATS,2014-09-07,2154.129,6.2847481677252155
17,MEATS,2016-02-07,7200.444989999999,22.642646270174804
17,PERSONAL CARE,2015-09-06,2239.0,6.070416835289357
17,PERSONAL CARE,2015-10-04,2270.0,5.348426726553847
17,PERSONAL CARE,2016-04-24,4763.0,6.157809325719879
17,PERSONAL CARE,2017-01-08,3373.0,5.50701867149126
17,POULTRY,2016-04-03,2780.032,5.730943245272578
17,POULTRY,2016-04-17,2787.214,5.679006212426401
17,PREPARED FOODS,2015-07-12,639.0,5.2995702530303905
17,PRODUCE,2015-01-04,3337.023,-5.62346561693934
17,PRODUCE,2015-01-11,0.0,-13.477741931165852
17,PRODUCE,2015-01-18,0.0,-13.039500996021703
17,PRODUCE,2015-01-25,0.0,-12.708409361845428
17,PRODUCE,2015-02-01,0.0,-12.089366951923845
17,PRODUCE,2015-02-08,0.0,-12.089366951923845
17,PRODUCE,2015-02-15,0.0,-11.870331666788786
17,PRODUCE,2017-01-08,13436.669,6.31718524305814
17,SCHOOL AND OFFICE SUPPLIES,2014-09-21,20.0,12.815324430055309
17,SCHOOL AND OFFICE SUPPLIES,2015-08-23,35.0,11.12909753136382
17,SCHOOL AND OFFICE SUPPLIES,2015-08-30,27.0,8.43113449345744
17,SCHOOL AND OFFICE SUPPLIES,2015-09-06,66.0,14.164305949008499
17,SCHOOL AND OFFICE SUPPLIES,2017-05-07,11.0,6.7449075947659525
17,SCHOOL AND OFFICE SUPPLIES,2017-08-13,90.0,30.014838796708485
17,SEAFOOD,2013-07-14,10.0,-6.7449075947659525
17,SEAFOOD,2013-07-21,0.0,-6.520077341607086
17,SEAFOOD,2015-02-01,131.0,5.283510949233329
17,SEAFOOD,2016-04-03,118.0,6.879805746661272
18,AUTOMOTIVE,2015-10-18,47.0,5.171095822653896
18,BEAUTY,2014-07-06,17.0,6.7449075947659525
18,BEAUTY,2014-08-17,19.0,6.7449075947659525
18,BEVERAGES,2013-06-16,10009.0,6.573792943962776
18,BEVERAGES,2014-01-05,11905.0,15.603219569225237
18,BEVERAGES,2014-01-12,14967.0,24.208597508880796
18,BEVERAGES,2014-01-19,13814.0,17.799858978811425
18,BEVERAGES,2014-01-26,14141.0,15.4101300576888
18,BEVERAGES,2014-02-02,10400.0,7.880892031779164
18,BEVERAGES,2014-03-09,16708.0,11.192331040064753
18,BEVERAGES,2014-07-06,13327.0,5.923460748029092
18,BEVERAGES,2014-07-20,12837.0,5.248027962352111
18,BEVERAGES,2014-07-27,14711.0,6.981356171062915
18,BEVERAGES,2014-09-07,18554.0,8.048197804206211
18,BEVERAGES,2015-01-04,8467.0,-5.238209331059529
18,BEVERAGES,2015-05-24,12746.0,6.406011748242638
18,BEVERAGES,2015-05-31,19819.0,14.09608665522783
18,BEVERAGES,2015-06-07,16743.0,10.711529434754738
18,BEVERAGES,2015-06-14,13862.0,7.541532896333742
18,BEVERAGES,2015-06-21,24936.0,15.995066581873544
18,BEVERAGES,2016-04-24,37197.0,32.66778313052802
18,BEVERAGES,2016-08-21,0.0,-5.286288917764947
18,BREAD/BAKERY,2013-12-29,3037.0,-7.098384035561173
18,BREAD/BAKERY,2014-09-07,7526.0,7.622095059162975
18,BREAD/BAKERY,2014-09-14,7663.0,5.712660834414566
18,BREAD/BAKERY,2015-12-06,4110.0,-6.400779656257486
18,BREAD/BAKERY,2016-08-14,3582.0,-7.240617671007787
18,BREAD/BAKERY,2016-08-21,0.0,-36.05681325057413
18,BREAD/BAKERY,2016-08-28,0.0,-13.287467961688925
18,BREAD/BAKERY,2016-09-04,0.0,-11.563082621624659
18,BREAD/BAKERY,2016-09-11,0.0,-9.676170518655676
18,BREAD/BAKERY,2016-09-18,0.0,-9.00973119927043
18,BREAD/BAKERY,2016-09-25,0.0,-5.23520757453123
18,CELEBRATION,2014-12-21,1826.0,99.59980214937723
18,CLEANING,2016-04-03,5553.0,5.801717264440957
18,CLEANING,2016-04-24,14709.0,55.75241911868735
18,CLEANING,2016-08-21,0.0,-5.662912001438914
18,DAIRY,2013-11-10,2844.0,7.848619746636744
18,DAIRY,2013-11-17,2763.0,7.194568101083682
18,DAIRY,2013-11-24,2724.0,6.567768607428664
18,DAIRY,2013-12-01,3180.0,5.637724649964748
18,DAIRY,2013-12-08,3454.0,6.800054637993598
18,DAIRY,2013-12-15,3283.0,6.074658915537637
18,DAIRY,2014-09-07,4967.0,5.01216409197263
18,DAIRY,2016-08-21,0.0,-8.396891116437859
18,DAIRY,2016-08-28,0.0,-7.501560118144795
18,DAIRY,2016-09-04,0.0,-7.436595002501157
18,DAIRY,2016-09-11,0.0,-6.056397396870675
18,DELI,2014-03-09,1608.6031,7.227794644146315
18,DELI,2014-03-16,1498.0879,5.069407700398283
18,DELI,2016-08-21,0.0,-7.6810558678342415
18,DELI,2016-08-28,0.0,-7.6810558678342415
18,DELI,2016-09-04,0.0,-7.6810558678342415
18,DELI,2016-09-11,0.0,-7.6810558678342415
18,DELI,2016-09-18,0.0,-7.6810558678342415
18,DELI,2016-09-25,0.0,-6.5670406364399145
18,EGGS,2016-08-21,0.0,-8.587266613706651
18,EGGS,2016-08-28,0.0,-7.753809739193128
18,EGGS,2016-09-04,0.0,-7.753809739193128
18,EGGS,2016-09-11,0.0,-7.408341128677358
18,EGGS,2016-09-18,0.0,-5.153273912342523
18,EGGS,2016-09-25,0.0,-5.153273912342523
18,FROZEN FOODS,2013-05-05,367.81,5.1700423955331996
18,FROZEN FOODS,2013-12-15,547.275,6.579661062495775
18,FROZEN FOODS,2013-12-22,2737.74702,62.1416871141712
18,FROZEN FOODS,2013-12-29,1361.925,26.679530293018495
18,FROZEN FOODS,2014-12-21,1940.2599799999998,25.11330606791847
18,FROZEN FOODS,2014-12-28,1414.174,16.43434134675541
18,FROZEN FOODS,2015-06-21,413.010002,6.108468912816785
18,FROZEN FOODS,2015-06-28,444.0,7.390508185879559
18,FROZEN FOODS,2015-12-06,826.634004,6.72820814944364
18,FROZEN FOODS,2015-12-13,772.74299,5.968754073938565
18,FROZEN FOODS,2015-12-20,2412.33398,29.074536784148822
18,FROZEN FOODS,2015-12-27,1848.23998,18.56607637454221
18,FROZEN FOODS,2016-08-14,215.0,-5.401703902114891
18,FROZEN FOODS,2016-08-21,0.0,-12.964878531595051
18,FROZEN FOODS,2016-08-28,0.0,-6.4450596089616905
18,FROZEN FOODS,2016-09-04,0.0,-5.534227178073381
18,FROZEN FOODS,2016-09-11,0.0,-5.107698694942015
18,GROCERY I,2013-12-15,27119.0,8.189279232264274
18,GROCERY I,2014-09-07,22267.135000000002,5.579232355613995
18,GROCERY I,2014-12-14,29669.198,7.130226248807636
18,GROCERY I,2014-12-21,27737.405,5.891206672590804
18,GROCERY I,2016-04-24,55214.188,16.42688357089257
18,GROCERY II,2014-02-23,89.0,-5.395926075812762
18,GROCERY II,2014-09-07,214.0,6.744907594765952
18,GROCERY II,2016-07-24,28.0,-5.32098265809314
18,HARDWARE,2013-04-28,10.0,6.070416835289357
18,HARDWARE,2013-06-09,16.0,8.768379873195737
18,HARDWARE,2014-06-15,18.0,8.093889113719143
18,HARDWARE,2014-06-22,15.0,5.395926075812762
18,HOME AND KITCHEN I,2015-01-18,452.0,12.965211265494553
18,HOME AND KITCHEN I,2015-02-08,478.0,9.392908354192585
18,HOME AND KITCHEN I,2015-05-17,508.0,17.916160798597062
18,HOME AND KITCHEN I,2015-12-27,251.0,5.096152404934275
18,HOME AND KITCHEN I,2016-02-14,296.0,5.564548765681911
18,HOME AND KITCHEN II,2016-08-21,0.0,-7.925266423849994
18,HOME AND KITCHEN II,2016-08-28,0.0,-6.340213139079995
18,HOME APPLIANCES,2017-05-21,9.0,5.395926075812762
18,HOME APPLIANCES,2017-05-28,9.0,5.395926075812762
18,HOME CARE,2015-01-04,339.0,-7.095292404883664
18,HOME CARE,2015-01-11,0.0,-10.012245949113614
18,HOME CARE,2015-01-18,0.0,-6.343557721358391
18,HOME CARE,2015-09-06,1826.0,7.095123950648031
18,HOME CARE,2016-04-03,1892.0,15.72082308626218
18,HOME CARE,2016-04-10,1678.0,10.14330334443649
18,HOME CARE,2016-04-17,1585.0,7.730701781693284
18,HOME CARE,2016-04-24,3891.0,67.3971920430844
18,HOME CARE,2016-08-21,0.0,-6.56140643226129
18,HOME CARE,2016-08-28,0.0,-6.487014069083724
18,HOME CARE,2016-09-04,0.0,-6.487014069083724
18,LADIESWEAR,2014-03-16,62.0,9.78011601241063
18,LADIESWEAR,2014-09-21,130.0,21.246458923512748
18,LADIESWEAR,2014-11-09,134.0,5.800620531498719
18,LADIESWEAR,2016-08-21,0.0,-8.479312404848626
18,LADIESWEAR,2016-08-28,0.0,-8.286600759283884
18,LADIESWEAR,2016-09-04,0.0,-7.0821529745042495
18,LAWN AND GARDEN,2014-01-26,14.0,8.768379873195737
18,LAWN AND GARDEN,2014-02-02,9.0,5.395926075812762
18,LAWN AND GARDEN,2014-02-09,10.0,5.395926075812762
18,LAWN AND GARDEN,2015-11-08,11.0,6.070416835289357
18,LAWN AND GARDEN,2016-01-24,20.0,12.140833670578713
18,LAWN AND GARDEN,2016-01-31,15.0,8.768379873195737
18,LAWN AND GARDEN,2016-02-14,16.0,8.768379873195737
18,LAWN AND GARDEN,2016-02-21,11.0,5.395926075812762
18,LAWN AND GARDEN,2016-07-03,24.0,5.058680696074464
18,LAWN AND GARDEN,2016-07-17,26.0,5.395926075812762
18,LAWN AND GARDEN,2017-02-19,170.0,6.196883852691219
18,LAWN AND GARDEN,2017-05-14,112.0,9.555285759251765
18,LINGERIE,2015-06-28,94.0,6.937619240330694
18,"LIQUOR,WINE,BEER",2014-12-07,428.0,5.227303385943613
18,"LIQUOR,WINE,BEER",2014-12-21,437.0,5.56454876568191
18,"LIQUOR,WINE,BEER",2014-12-28,872.0,11.588977594643318
18,"LIQUOR,WINE,BEER",2015-03-29,990.0,6.261690334245406
18,"LIQUOR,WINE,BEER",2015-08-09,1080.0,13.679515715634697
18,"LIQUOR,WINE,BEER",2015-11-01,1303.0,7.957168013825238
18,"LIQUOR,WINE,BEER",2016-06-05,883.0,9.284166924560193
18,MAGAZINES,2015-10-18,34.0,9.78011601241063
18,MAGAZINES,2015-11-08,23.0,5.73317145555106
18,MAGAZINES,2016-08-21,0.0,-6.070416835289357
18,MAGAZINES,2016-08-28,0.0,-6.070416835289357
18,MAGAZINES,2016-09-04,0.0,-6.070416835289357
18,MAGAZINES,2016-09-11,0.0,-5.73317145555106
18,MEATS,2014-08-24,801.059005,5.52733101022697
18,MEATS,2014-08-31,865.343,8.170364913419613
18,MEATS,2014-09-07,1065.967,7.254489422667108
18,MEATS,2016-08-21,0.0,-18.781575414794503
18,MEATS,2016-08-28,0.0,-18.58029019136089
18,MEATS,2016-09-04,0.0,-16.97027603105746
18,MEATS,2016-09-11,0.0,-16.836866678660364
18,MEATS,2016-09-18,0.0,-14.965190616892166
18,MEATS,2016-09-25,0.0,-13.696448994615432
18,MEATS,2016-10-02,0.0,-5.552740407182463
18,PERSONAL CARE,2013-12-08,1507.0,5.737334978757705
18,PERSONAL CARE,2014-10-05,1293.0,5.1598543099959535
18,PERSONAL CARE,2015-09-06,1555.0,5.295255813204315
18,PERSONAL CARE,2015-11-29,2227.0,5.1502506336193
18,PERSONAL CARE,2016-01-10,2565.0,9.994137118783012
18,PERSONAL CARE,2016-04-24,9517.0,56.76046217758654
18,PLAYERS AND ELECTRONICS,2014-09-21,39.0,12.478079050317012
18,PLAYERS AND ELECTRONICS,2014-12-28,71.0,7.419398354242547
18,PLAYERS AND ELECTRONICS,2015-01-11,0.0,-8.543549620036872
18,PLAYERS AND ELECTRONICS,2015-01-18,0.0,-6.4076622150276545
18,PLAYERS AND ELECTRONICS,2015-01-25,0.0,-6.239039525158506
18,PLAYERS AND ELECTRONICS,2015-02-01,0.0,-6.070416835289357
18,PLAYERS AND ELECTRONICS,2016-04-24,131.0,6.913530284635101
18,POULTRY,2013-11-10,1597.576,10.336131499090229
18,POULTRY,2013-11-17,1555.248,6.774464819163228
18,POULTRY,2013-12-15,1851.2279899999999,5.099788838350075
18,POULTRY,2013-12-22,2285.2110000000002,6.409150511111266
18,POULTRY,2015-03-15,4145.12899,14.305958896529487
18,POULTRY,2015-04-05,3021.7929999999997,8.100606401115902
18,POULTRY,2015-04-12,4171.357,14.25500515523816
18,POULTRY,2015-05-10,5381.97,29.24034457991935
18,POULTRY,2016-08-21,0.0,-9.147214236421046
18,POULTRY,2016-08-28,0.0,-7.903693077310547
18,POULTRY,2016-09-04,0.0,-7.903693077310547
18,POULTRY,2016-09-11,0.0,-7.847002382592568
18,POULTRY,2016-09-18,0.0,-5.389556026445702
18,POULTRY,2016-09-25,0.0,-5.239955822285593
18,PREPARED FOODS,2014-07-06,405.0,6.445133923887465
18,PREPARED FOODS,2014-09-07,504.0,8.479312404848626
18,PREPARED FOODS,2014-09-28,542.0,6.423721518824716
18,PREPARED FOODS,2014-10-05,507.0,5.171095822653896
18,PREPARED FOODS,2016-01-03,247.0,-6.070416835289357
18,PREPARED FOODS,2016-08-21,0.0,-9.766626197221099
18,PREPARED FOODS,2016-08-28,0.0,-9.766626197221099
18,PREPARED FOODS,2016-09-04,0.0,-9.739646566842035
18,PREPARED FOODS,2016-09-11,0.0,-9.658707675704843
18,PREPARED FOODS,2016-09-18,0.0,-9.550789154188589
18,PREPARED FOODS,2016-09-25,0.0,-9.388911371914205
18,PREPARED FOODS,2016-10-02,0.0,-6.99017696184835
18,PRODUCE,2015-01-11,0.0,-5.41530964296573
18,PRODUCE,2015-01-18,0.0,-5.373662765615209
18,PRODUCE,2015-01-25,0.0,-5.351586409437529
18,PRODUCE,2016-08-21,0.0,-11.119969081912998
18,PRODUCE,2016-08-28,0.0,-10.692307995408976
18,PRODUCE,2016-09-04,0.0,-10.59534437141433
18,PRODUCE,2016-09-11,0.0,-10.382563237894725
18,PRODUCE,2016-09-18,0.0,-7.310499772524693
18,PRODUCE,2016-09-25,0.0,-6.377709872099615
18,SCHOOL AND OFFICE SUPPLIES,2015-09-06,41.0,26.97963037906381
18,SCHOOL AND OFFICE SUPPLIES,2015-09-13,128.0,42.492917847025495
18,SCHOOL AND OFFICE SUPPLIES,2017-07-30,82.0,5.781349366942244
18,SCHOOL AND OFFICE SUPPLIES,2017-08-06,349.0,22.055847834884663
18,SCHOOL AND OFFICE SUPPLIES,2017-08-13,288.0,14.951211835064527
18,SEAFOOD,2013-07-21,14.052,-7.010286578721229
18,SEAFOOD,2014-09-14,107.4959997,5.18864232713671
18,SEAFOOD,2016-08-21,0.0,-7.1711877893059865
18,SEAFOOD,2016-08-28,0.0,-6.979563157386525
19,AUTOMOTIVE,2015-10-18,85.0,5.73317145555106
19,AUTOMOTIVE,2015-11-08,91.0,5.395926075812762
19,AUTOMOTIVE,2016-08-14,72.0,5.395926075812762
19,BABY CARE,2016-11-06,10.0,5.395926075812762
19,BABY CARE,2017-07-16,9.0,6.070416835289357
19,BABY CARE,2017-07-30,8.0,5.395926075812762
19,BEAUTY,2014-04-20,16.0,6.070416835289357
19,BEAUTY,2015-08-23,17.0,6.7449075947659525
19,BEAUTY,2017-06-04,46.0,6.576284904896803
19,BEVERAGES,2013-09-08,8620.0,5.1728055584193635
19,BEVERAGES,2014-09-07,20463.0,6.0837542231886115
19,BREAD/BAKERY,2014-09-07,1738.0,5.776686988420517
19,BREAD/BAKERY,2014-09-14,2262.0,11.477221794319483
19,BREAD/BAKERY,2014-09-21,2026.0,6.0704168352893575
19,CELEBRATION,2015-10-04,138.0,5.211974050500963
19,CELEBRATION,2017-04-16,75.0,5.395926075812762
19,CLEANING,2014-12-21,7635.0,5.953678049995331
19,DAIRY,2013-11-10,1706.0,34.39902873330636
19,DAIRY,2013-11-17,1898.0,40.029560290676194
19,DAIRY,2013-11-24,1707.0,34.19374893694392
19,DAIRY,2013-12-01,1898.0,39.677652068340585
19,DAIRY,2013-12-08,2300.0,26.290150936043286
19,DAIRY,2013-12-15,1911.0,18.170781060299475
19,DAIRY,2013-12-22,1837.0,9.628937049079669
19,DAIRY,2017-03-05,3716.0,6.68676183963866
19,DELI,2013-05-05,1295.0,5.152359968223991
19,EGGS,2014-02-23,289.0,5.227303385943613
19,EGGS,2014-03-02,356.0,10.370295426952651
19,EGGS,2014-03-09,474.0,19.981788749494132
19,EGGS,2014-03-16,330.0,7.840955078915419
19,EGGS,2015-02-22,508.0,-6.070416835289357
19,EGGS,2015-03-01,495.0,-6.696729683374767
19,FROZEN FOODS,2013-12-15,396.661,17.728796394948922
19,FROZEN FOODS,2013-12-22,2583.99001,75.7316620091009
19,FROZEN FOODS,2013-12-29,1211.364002,20.73555164445951
19,FROZEN FOODS,2014-01-05,532.249,5.933971832275601
19,FROZEN FOODS,2014-07-20,519.098,7.7326717675648
19,FROZEN FOODS,2014-12-21,3181.2419,26.14851522597677
19,FROZEN FOODS,2014-12-28,2794.131,21.86036441305759
19,FROZEN FOODS,2015-12-13,734.5250100000001,9.737864986090722
19,FROZEN FOODS,2015-12-20,3155.676,59.624411770270314
19,FROZEN FOODS,2015-12-27,4510.97899,62.017079353683386
19,FROZEN FOODS,2016-01-03,1723.138,15.599963175246835
19,FROZEN FOODS,2016-02-07,655.23,5.21033338033745
19,FROZEN FOODS,2016-12-11,762.442996,6.1297826304730405
19,FROZEN FOODS,2016-12-18,2303.64792,23.145085768230654
19,FROZEN FOODS,2016-12-25,6035.67303,67.6100785705295
19,FROZEN FOODS,2017-01-01,3013.192,24.432472266066256
19,GROCERY I,2013-12-22,23908.0,5.714033949765152
19,GROCERY I,2014-12-21,26761.455,8.449912803518076
19,GROCERY II,2013-07-28,263.0,27.114528530959127
19,GROCERY II,2013-12-22,103.0,10.791852151625523
19,GROCERY II,2013-12-29,134.0,17.536759746391475
19,GROCERY II,2014-01-05,151.0,12.815324430055309
19,GROCERY II,2014-07-20,184.0,8.633481721300418
19,GROCERY II,2014-08-03,188.0,6.214950569462913
19,GROCERY II,2015-01-04,218.0,5.518560759353961
19,GROCERY II,2015-07-26,553.0,55.19582715050137
19,GROCERY II,2015-12-27,138.0,5.171095822653896
19,GROCERY II,2016-01-03,190.0,8.037681550429426
19,GROCERY II,2016-05-08,112.0,8.363685417509782
19,GROCERY II,2016-05-22,139.0,12.005935518683396
19,GROCERY II,2016-05-29,168.0,15.917981923647647
19,GROCERY II,2016-06-05,125.0,5.620756328971627
19,GROCERY II,2016-12-25,127.0,7.901177468154401
19,GROCERY II,2017-01-01,134.0,6.2203036707286
19,GROCERY II,2017-07-16,264.0,6.0382982276952335
19,GROCERY II,2017-07-30,701.0,14.117789344906665
19,HARDWARE,2014-12-07,21.0,7.4193983542425475
19,HARDWARE,2015-05-10,17.0,6.7449075947659525
19,HARDWARE,2015-05-17,15.0,5.395926075812762
19,HOME AND KITCHEN I,2016-07-31,479.0,13.312317621248589
19,HOME AND KITCHEN I,2016-12-25,230.0,5.759113407838621
19,HOME AND KITCHEN I,2017-01-01,294.0,8.820263777770862
19,HOME AND KITCHEN I,2017-02-26,240.0,5.508341202392194
19,HOME AND KITCHEN II,2014-12-28,122.0,5.480237420747336
19,HOME AND KITCHEN II,2015-01-11,167.0,7.217051126399569
19,HOME AND KITCHEN II,2015-06-21,192.0,9.358559287737759
19,HOME AND KITCHEN II,2015-06-28,186.0,6.438320885912955
19,HOME AND KITCHEN II,2017-08-06,242.0,5.901794145420208
19,HOME CARE,2014-11-09,1586.0,5.092405234048294
19,HOME CARE,2015-01-04,803.0,-6.205314987184676
19,HOME CARE,2015-01-11,0.0,-13.552075875022052
19,HOME CARE,2015-01-18,0.0,-13.500191970446927
19,HOME CARE,2015-01-25,0.0,-9.165974426150363
19,HOME CARE,2015-02-01,0.0,-6.9661405638742755
19,LADIESWEAR,2014-03-16,68.0,5.877705189724615
19,LINGERIE,2013-09-08,80.0,6.295247088448222
19,LINGERIE,2014-09-07,125.0,11.016682404784389
19,LINGERIE,2014-09-14,89.0,5.227303385943613
19,LINGERIE,2016-09-04,45.0,5.845586582130491
19,LINGERIE,2016-09-11,92.0,16.41260848059715
19,LINGERIE,2016-09-18,104.0,19.11057151850353
19,"LIQUOR,WINE,BEER",2013-07-28,342.0,6.438320885912955
19,"LIQUOR,WINE,BEER",2014-02-16,387.0,5.747834298148377
19,"LIQUOR,WINE,BEER",2014-03-02,986.0,10.117361392148927
19,"LIQUOR,WINE,BEER",2014-12-28,716.0,12.410629974369353
19,"LIQUOR,WINE,BEER",2015-01-04,610.0,10.027429290885383
19,"LIQUOR,WINE,BEER",2015-02-15,1190.0,26.61644304703795
19,"LIQUOR,WINE,BEER",2015-05-31,367.0,5.57188018698057
19,"LIQUOR,WINE,BEER",2015-07-26,694.0,5.955880668585784
19,"LIQUOR,WINE,BEER",2015-12-27,906.0,6.0960304084340375
19,"LIQUOR,WINE,BEER",2016-02-07,1718.0,19.060609240023783
19,"LIQUOR,WINE,BEER",2016-05-08,349.0,5.0280220251891645
19,"LIQUOR,WINE,BEER",2016-12-25,830.0,12.488298607278779
19,"LIQUOR,WINE,BEER",2017-01-01,905.0,14.021232151543767
19,"LIQUOR,WINE,BEER",2017-02-26,850.0,6.378755468192943
19,"LIQUOR,WINE,BEER",2017-07-30,672.0,10.370295426952651
19,MAGAZINES,2015-10-25,26.0,7.0821529745042495
19,MAGAZINES,2015-11-08,20.0,5.058680696074464
19,PERSONAL CARE,2015-10-04,1983.0,6.424810285183839
19,PERSONAL CARE,2015-11-08,2020.0,12.24302924019638
19,PERSONAL CARE,2015-12-06,1877.0,6.276893598394437
19,PLAYERS AND ELECTRONICS,2014-12-28,37.0,5.620756328971626
19,PLAYERS AND ELECTRONICS,2016-12-11,55.0,5.73317145555106
19,PLAYERS AND ELECTRONICS,2016-12-25,66.0,5.845586582130491
19,PLAYERS AND ELECTRONICS,2017-01-08,63.0,5.171095822653896
19,POULTRY,2013-11-10,1234.362002,6.1657371783961485
19,PREPARED FOODS,2016-03-06,369.0,6.520077341607087
19,PREPARED FOODS,2016-10-02,368.0,6.1266243985790725
19,PREPARED FOODS,2016-10-09,352.0,5.227303385943612
19,PRODUCE,2015-01-11,0.0,-11.457288879803892
19,PRODUCE,2015-01-18,0.0,-11.457288879803892
19,PRODUCE,2015-01-25,0.0,-8.854739623652069
19,PRODUCE,2015-02-01,0.0,-5.526283197355795
19,PRODUCE,2016-12-25,4641.886,6.72094984992871
19,SCHOOL AND OFFICE SUPPLIES,2015-08-30,13.0,8.093889113719143
19,SCHOOL AND OFFICE SUPPLIES,2015-09-06,63.0,20.571968164036154
19,SCHOOL AND OFFICE SUPPLIES,2015-09-13,21.0,6.4076622150276545
19,SEAFOOD,2014-03-09,78.0,5.530824227708081
19,SEAFOOD,2015-04-26,87.0,5.684993544159874
20,BABY CARE,2016-02-21,9.0,5.395926075812762
20,BABY CARE,2016-02-28,10.0,6.070416835289357
20,BABY CARE,2016-03-06,10.0,5.395926075812762
20,BEVERAGES,2015-04-05,8936.0,7.729878227652409
20,BEVERAGES,2016-03-06,27687.0,10.056733009274629
20,BEVERAGES,2016-04-24,58374.0,15.883506096461529
20,BEVERAGES,2017-04-02,32587.0,5.238702122554814
20,BEVERAGES,2017-04-09,33890.0,5.55000555000555
20,CLEANING,2016-06-19,16235.0,6.179620101109377
20,CLEANING,2017-07-30,19648.0,6.51165430618615
20,CLEANING,2017-08-06,19413.0,6.05130420864971
20,DAIRY,2017-03-05,8388.0,5.297361523568331
20,EGGS,2016-03-06,1232.0,5.074739999871526
20,FROZEN FOODS,2015-12-20,3574.1769600000002,17.75355588970479
20,FROZEN FOODS,2015-12-27,5713.63803,23.628617551056045
20,FROZEN FOODS,2016-01-03,2768.54204,9.508626828339137
20,FROZEN FOODS,2016-12-11,1197.35,11.2651193691233
20,FROZEN FOODS,2016-12-18,2625.82597,25.304086157771362
20,FROZEN FOODS,2016-12-25,6900.767,76.66007046758956
20,FROZEN FOODS,2017-01-01,3344.60603,22.792268194912253
20,GROCERY I,2016-04-24,139934.244,30.070357981389986
20,GROCERY II,2016-01-03,395.0,9.274247942803184
20,GROCERY II,2017-05-07,173.0,7.588021044111696
20,HARDWARE,2015-11-15,13.0,5.395926075812762
20,HARDWARE,2016-01-10,16.0,8.093889113719143
20,HOME AND KITCHEN I,2017-02-26,1381.0,28.02625397135508
20,HOME AND KITCHEN II,2015-04-12,84.0,-7.284500202347228
20,HOME AND KITCHEN II,2016-03-06,206.0,5.032738743786903
20,HOME AND KITCHEN II,2017-03-05,193.0,8.026440037771483
20,HOME AND KITCHEN II,2017-06-04,227.0,7.11281164538955
20,HOME CARE,2016-04-03,2995.0,6.101935095077983
20,HOME CARE,2016-04-24,3842.0,11.441128303271219
20,HOME CARE,2017-04-02,3258.0,6.724468480842418
20,HOME CARE,2017-04-09,3029.0,5.1642827846793855
20,LADIESWEAR,2016-08-14,14.0,-6.610009442870633
20,LAWN AND GARDEN,2017-02-19,128.0,8.382956582066255
20,LAWN AND GARDEN,2017-05-14,152.0,17.19951436665318
20,"LIQUOR,WINE,BEER",2015-12-27,1148.0,11.995355271475917
20,"LIQUOR,WINE,BEER",2016-01-03,910.0,8.781605182205082
20,"LIQUOR,WINE,BEER",2016-12-25,1251.0,10.401912181303116
20,"LIQUOR,WINE,BEER",2017-01-01,1106.0,7.987897708658535
20,MAGAZINES,2015-10-18,12.0,7.4193983542425475
20,MAGAZINES,2015-10-25,17.0,10.791852151625523
20,MAGAZINES,2015-11-01,12.0,7.4193983542425475
20,MAGAZINES,2015-12-20,31.0,8.768379873195737
20,MAGAZINES,2016-02-21,16.0,8.093889113719143
20,MAGAZINES,2016-02-28,23.0,12.815324430055309
20,MAGAZINES,2016-04-17,17.0,6.7449075947659525
20,MAGAZINES,2016-04-24,27.0,13.489815189531905
20,MAGAZINES,2016-06-26,16.0,6.070416835289357
20,MAGAZINES,2016-08-21,19.0,7.4193983542425475
20,PERSONAL CARE,2015-12-06,3278.0,5.1295666676118135
20,PERSONAL CARE,2017-01-08,4752.0,5.135038140543513
20,PLAYERS AND ELECTRONICS,2016-01-31,48.0,8.768379873195737
20,PLAYERS AND ELECTRONICS,2016-12-11,16.0,-10.117361392148927
20,POULTRY,2015-09-06,3043.044,5.648531793525603
20,POULTRY,2015-11-08,3197.30899,5.887289172566167
20,POULTRY,2016-02-07,20939.43,96.5804457235109
20,POULTRY,2016-02-14,7537.977999999999,27.370572153822643
20,POULTRY,2016-10-30,2037.46998,-5.204994495064785
20,POULTRY,2016-11-06,3046.61899,5.747449853977363
20,PREPARED FOODS,2017-02-05,945.831005,5.259899610522283
20,SCHOOL AND OFFICE SUPPLIES,2015-08-16,32.0,10.117361392148927
20,SCHOOL AND OFFICE SUPPLIES,2015-08-23,28.0,5.620756328971626
20,SCHOOL AND OFFICE SUPPLIES,2015-08-30,44.0,9.218040379513468
20,SCHOOL AND OFFICE SUPPLIES,2015-09-06,288.0,63.85179189711768
20,SCHOOL AND OFFICE SUPPLIES,2015-09-13,214.0,47.214353163361665
20,SCHOOL AND OFFICE SUPPLIES,2016-08-14,196.0,31.701065695399976
20,SCHOOL AND OFFICE SUPPLIES,2016-08-21,515.0,85.49170376365845
20,SCHOOL AND OFFICE SUPPLIES,2016-08-28,96.0,14.838796708485095
20,SCHOOL AND OFFICE SUPPLIES,2016-09-04,105.0,10.904267278204955
20,SCHOOL AND OFFICE SUPPLIES,2016-09-11,1312.0,109.52043707001215
20,SCHOOL AND OFFICE SUPPLIES,2016-09-18,79.0,5.480237420747336
20,SCHOOL AND OFFICE SUPPLIES,2017-04-02,44.0,8.318719366878007
20,SCHOOL AND OFFICE SUPPLIES,2017-04-09,77.0,15.513287467961689
20,SCHOOL AND OFFICE SUPPLIES,2017-04-16,105.0,10.904267278204955
20,SCHOOL AND OFFICE SUPPLIES,2017-08-06,168.0,10.522055847834885
20,SCHOOL AND OFFICE SUPPLIES,2017-08-13,627.0,34.567651423175505
20,SEAFOOD,2015-08-23,12.511,-5.295411635438835
21,AUTOMOTIVE,2016-11-06,100.0,8.318719366878007
21,AUTOMOTIVE,2017-01-01,92.0,5.845586582130491
21,AUTOMOTIVE,2017-01-08,90.0,5.395926075812762
21,BABY CARE,2016-08-21,13.0,5.395926075812762
21,BEVERAGES,2016-04-24,31662.0,6.473269677980157
21,BREAD/BAKERY,2017-01-08,4384.0,6.457187760303908
21,CLEANING,2017-01-08,12493.0,5.90306198519366
21,CLEANING,2017-04-23,12895.0,5.251233338631313
21,CLEANING,2017-05-21,21323.0,9.445891867877155
21,DAIRY,2017-01-08,6142.0,6.748230209344654
21,DELI,2017-01-08,3068.6440000000002,5.504668575265718
21,FROZEN FOODS,2015-12-20,2675.661,34.48446432960702
21,FROZEN FOODS,2015-12-27,3998.961,54.35387111074232
21,FROZEN FOODS,2016-01-03,1827.6470100000001,14.231777844846528
21,FROZEN FOODS,2016-11-06,620.1949999999999,5.414204287504213
21,FROZEN FOODS,2016-12-11,789.95299,5.886394396333511
21,FROZEN FOODS,2016-12-18,2923.1839999999997,47.62935305162409
21,FROZEN FOODS,2016-12-25,6166.73096,84.90069338269949
21,FROZEN FOODS,2017-01-01,2590.748,31.114807370644623
21,FROZEN FOODS,2017-06-25,1493.5339999999999,8.512732910704587
21,GROCERY I,2016-04-24,52717.474,6.974122135467812
21,GROCERY II,2016-12-25,146.0,5.463375151760421
21,GROCERY II,2017-01-01,371.0,15.87647479998755
21,GROCERY II,2017-01-08,181.0,5.810997312413743
21,GROCERY II,2017-01-15,177.0,5.155036518856835
21,GROCERY II,2017-05-28,182.0,5.283510949233329
21,HOME AND KITCHEN I,2017-02-26,879.0,10.28990553992201
21,HOME AND KITCHEN I,2017-06-18,417.0,5.966649026139112
21,HOME AND KITCHEN II,2017-07-02,769.0,14.008654235283132
21,HOME CARE,2016-04-24,4294.0,6.07528680467186
21,HOME CARE,2017-05-07,2911.0,5.222088251205392
21,LADIESWEAR,2017-01-01,32.0,-5.395926075812762
21,LADIESWEAR,2017-01-08,26.0,-9.442870632672333
21,LAWN AND GARDEN,2016-07-17,37.0,9.442870632672333
21,LAWN AND GARDEN,2016-07-31,31.0,7.0821529745042495
21,LAWN AND GARDEN,2016-08-14,26.0,5.395926075812762
21,LAWN AND GARDEN,2017-02-19,130.0,26.979630379063806
21,LAWN AND GARDEN,2017-05-14,127.0,18.37987319573722
21,LINGERIE,2017-01-29,78.0,5.620756328971626
21,"LIQUOR,WINE,BEER",2015-12-20,474.0,6.196883852691219
21,"LIQUOR,WINE,BEER",2015-12-27,765.0,8.168832531438765
21,"LIQUOR,WINE,BEER",2016-01-03,872.0,8.932889814531492
21,"LIQUOR,WINE,BEER",2016-07-03,547.0,5.134832878596015
21,"LIQUOR,WINE,BEER",2016-07-24,726.0,8.833653172499924
21,"LIQUOR,WINE,BEER",2016-12-25,948.0,6.668550150296904
21,"LIQUOR,WINE,BEER",2017-01-01,1067.0,8.132067835953666
21,MAGAZINES,2015-10-11,36.0,7.194568101083682
21,PERSONAL CARE,2016-04-24,4071.0,5.038277950681044
21,PLAYERS AND ELECTRONICS,2016-04-24,108.0,5.480237420747336
21,PLAYERS AND ELECTRONICS,2016-09-11,73.0,5.395926075812762
21,PLAYERS AND ELECTRONICS,2016-10-16,94.0,6.475111290975314
21,PLAYERS AND ELECTRONICS,2016-10-23,170.0,5.974061012506986
21,POULTRY,2016-05-15,2161.848,6.578115658817639
21,PREPARED FOODS,2017-01-08,1156.981,8.510960750171797
21,PREPARED FOODS,2017-01-15,1143.673,7.584552065348524
21,PREPARED FOODS,2017-01-29,1119.84599,5.939780605085388
21,PREPARED FOODS,2017-02-19,1143.499995,5.714804596596089
21,SCHOOL AND OFFICE SUPPLIES,2016-01-24,2.0,-6.7449075947659525
21,SCHOOL AND OFFICE SUPPLIES,2016-01-31,0.0,-8.093889113719143
21,SCHOOL AND OFFICE SUPPLIES,2016-02-07,4.0,-5.395926075812762
21,SCHOOL AND OFFICE SUPPLIES,2016-02-21,24.0,8.768379873195737
21,SCHOOL AND OFFICE SUPPLIES,2016-04-24,129.0,7.284500202347228
21,SCHOOL AND OFFICE SUPPLIES,2016-05-08,144.0,6.0704168352893575
21,SCHOOL AND OFFICE SUPPLIES,2016-10-30,21.0,6.070416835289357
21,SCHOOL AND OFFICE SUPPLIES,2017-03-26,67.0,10.623229461756374
21,SCHOOL AND OFFICE SUPPLIES,2017-04-02,111.0,18.042627815998923
21,SCHOOL AND OFFICE SUPPLIES,2017-04-09,255.0,42.32429515715635
21,SCHOOL AND OFFICE SUPPLIES,2017-04-16,383.0,63.907999460407396
21,SCHOOL AND OFFICE SUPPLIES,2017-04-23,314.0,52.273033859436126
21,SCHOOL AND OFFICE SUPPLIES,2017-04-30,614.0,81.4784837447727
21,SCHOOL AND OFFICE SUPPLIES,2017-05-07,233.0,21.390992657686304
22,BEVERAGES,2017-03-05,12266.0,5.225034919263758
22,BEVERAGES,2017-04-02,11344.0,5.2087960175433405
22,BEVERAGES,2017-08-06,13663.0,6.414380250480609
22,BEVERAGES,2017-08-13,13591.0,6.2209008294355295
22,CELEBRATION,2016-08-14,97.0,8.262511803588291
22,CELEBRATION,2016-08-21,80.0,5.395926075812762
22,DAIRY,2015-12-06,1749.0,7.018919465803319
22,DAIRY,2017-01-08,3054.0,6.485012072765796
22,DAIRY,2017-03-05,2834.0,7.276900306465802
22,DELI,2017-01-08,1640.0,5.493836024769041
22,FROZEN FOODS,2015-12-20,5133.36097,14.51004326972757
22,FROZEN FOODS,2015-12-27,3679.364025,9.896828964463289
22,FROZEN FOODS,2016-12-18,1066.263,15.995451240933217
22,FROZEN FOODS,2016-12-25,5935.313,120.028859029951
22,FROZEN FOODS,2017-01-01,1739.83501,28.00531276533276
22,GROCERY II,2016-12-25,133.0,14.434102252799137
22,GROCERY II,2017-06-18,99.0,5.935518683394038
22,GROCERY II,2017-07-30,162.0,5.958001708709924
22,HOME AND KITCHEN II,2017-04-30,174.0,12.815324430055309
22,HOME AND KITCHEN II,2017-05-28,179.0,8.768379873195737
22,HOME CARE,2017-05-07,1799.0,5.093269965791213
22,LINGERIE,2016-03-20,18.0,-5.227303385943613
22,"LIQUOR,WINE,BEER",2016-12-25,607.0,8.479312404848626
22,"LIQUOR,WINE,BEER",2017-01-01,652.0,8.96109151876048
22,"LIQUOR,WINE,BEER",2017-05-07,599.0,5.2975628400557575
22,"LIQUOR,WINE,BEER",2017-08-13,1372.0,9.30427664099906
22,MAGAZINES,2016-02-21,27.0,9.442870632672333
22,PERSONAL CARE,2017-05-07,1612.0,7.003223204778266
22,PET SUPPLIES,2017-01-01,17.0,6.070416835289357
22,POULTRY,2016-04-03,875.002,6.250151989305558
22,POULTRY,2016-04-10,932.9110000000001,7.296526916914331
22,PREPARED FOODS,2017-01-08,530.0,6.7449075947659525
22,PRODUCE,2017-05-07,3755.453,6.2527312944560185
22,PRODUCE,2017-07-09,3624.611,9.076026320286509
22,PRODUCE,2017-07-16,4056.651,15.607908441789753
22,PRODUCE,2017-07-23,3958.774,5.071529865715907
22,PRODUCE,2017-07-30,4125.742,5.987418337833178
22,SCHOOL AND OFFICE SUPPLIES,2016-08-07,13.0,8.768379873195737
22,SCHOOL AND OFFICE SUPPLIES,2016-08-14,22.0,14.838796708485095
22,SCHOOL AND OFFICE SUPPLIES,2016-08-21,42.0,28.328611898016998
22,SCHOOL AND OFFICE SUPPLIES,2016-08-28,50.0,33.72453797382976
22,SCHOOL AND OFFICE SUPPLIES,2016-09-04,60.0,40.46944556859571
22,SCHOOL AND OFFICE SUPPLIES,2016-09-11,49.0,33.050047214353164
22,SCHOOL AND OFFICE SUPPLIES,2017-08-13,49.0,32.37555645487657
23,AUTOMOTIVE,2015-01-04,29.0,7.4193983542425475
23,BEAUTY,2013-08-25,16.0,8.093889113719143
23,BEAUTY,2013-09-08,12.0,5.395926075812762
23,BEAUTY,2017-08-13,25.0,5.73317145555106
23,BEVERAGES,2014-01-05,8860.0,7.794906402394425
23,BEVERAGES,2014-01-12,11305.0,12.146172647566654
23,BEVERAGES,2014-01-19,10199.0,10.177869798012264
23,BEVERAGES,2014-01-26,10650.0,9.162745700082285
23,BEVERAGES,2014-09-07,11372.0,8.268585691216511
23,BEVERAGES,2015-01-04,7332.0,-5.411521237881584
23,BEVERAGES,2015-01-11,4431.0,-10.77040880378089
23,BEVERAGES,2015-01-18,4218.0,-11.127148136105218
23,BEVERAGES,2015-01-25,4647.0,-10.191438411975836
23,BEVERAGES,2015-02-01,4253.0,-7.42343722106576
23,BEVERAGES,2015-02-08,4189.0,-7.509599713294307
23,BEVERAGES,2015-02-15,4243.0,-7.221493879905103
23,BEVERAGES,2015-05-17,5749.0,12.538136446708762
23,BEVERAGES,2015-05-24,5452.0,9.62766262157003
23,BEVERAGES,2015-05-31,9795.0,34.26540320548552
23,BEVERAGES,2015-06-07,10295.0,37.38969530834409
23,BEVERAGES,2015-06-14,9145.0,28.209233002534415
23,BEVERAGES,2015-06-21,9478.0,29.95813382135426
23,BEVERAGES,2015-06-28,9053.0,27.18854344615833
23,BREAD/BAKERY,2014-06-29,2161.64399,5.883353732314459
23,CELEBRATION,2014-11-09,54.0,-12.140833670578713
23,CELEBRATION,2015-01-11,0.0,-6.937619240330694
23,CELEBRATION,2016-03-06,353.0,6.04715853323844
23,CELEBRATION,2016-10-23,180.0,5.150656708730364
23,CELEBRATION,2016-12-25,227.0,6.3113063922452834
23,CELEBRATION,2017-06-04,179.0,7.0821529745042495
23,CELEBRATION,2017-07-23,156.0,5.021208987214654
23,CLEANING,2014-09-07,4510.0,5.220277440532398
23,CLEANING,2014-11-09,4680.0,6.166772658071728
23,DAIRY,2013-12-08,3632.0,5.870113518838732
23,DAIRY,2014-04-20,3911.0,16.42866778439421
23,DAIRY,2014-05-11,3339.0,-5.745662025170996
23,DELI,2015-09-06,1186.045,11.850410585324639
23,DELI,2016-08-14,708.959,-5.547976511149303
23,EGGS,2014-09-07,447.0,5.395926075812762
23,FROZEN FOODS,2013-09-29,544.99,6.61517373369761
23,FROZEN FOODS,2013-12-08,655.903,6.520992299157861
23,FROZEN FOODS,2013-12-15,2256.946,57.38767835536039
23,FROZEN FOODS,2013-12-22,3892.32098,40.92924206732314
23,FROZEN FOODS,2013-12-29,5409.643,50.96936796181527
23,FROZEN FOODS,2014-01-05,1188.973,6.970683009262322
23,FROZEN FOODS,2014-11-09,559.691996,6.960338211235658
23,FROZEN FOODS,2014-12-14,1622.12499,16.047837401808295
23,FROZEN FOODS,2014-12-21,5074.34298,52.49521545978549
23,FROZEN FOODS,2014-12-28,5200.029,29.59459695551346
23,FROZEN FOODS,2015-12-06,790.691,6.292445509213495
23,FROZEN FOODS,2015-12-13,1613.33999,21.689675996633472
23,FROZEN FOODS,2015-12-20,7401.73212,101.99047112368126
23,FROZEN FOODS,2015-12-27,5409.3281,35.34346103984147
23,FROZEN FOODS,2016-01-03,1838.16698,8.090159773791575
23,FROZEN FOODS,2016-12-11,1147.0230000000001,9.215735632235667
23,FROZEN FOODS,2016-12-18,3344.256,33.798504768288495
23,FROZEN FOODS,2016-12-25,7507.714,67.80055062322991
23,FROZEN FOODS,2017-01-01,2223.30499,14.93691635354611
23,GROCERY I,2014-12-21,18182.0,10.02795215193924
23,GROCERY I,2014-12-28,16118.0,5.553988556821419
23,GROCERY I,2015-12-20,19775.0,6.292229232701123
23,GROCERY II,2013-09-29,224.0,5.106858607465649
23,GROCERY II,2014-12-07,264.0,8.618493037756494
23,GROCERY II,2014-12-14,228.0,5.77064316441087
23,GROCERY II,2014-12-21,264.0,8.46860620231725
23,GROCERY II,2014-12-28,303.0,7.626933972543038
23,GROCERY II,2015-12-20,416.0,16.86226898691488
23,GROCERY II,2015-12-27,376.0,10.522055847834887
23,GROCERY II,2016-01-03,258.0,5.171095822653897
23,GROCERY II,2016-12-25,379.0,5.4996938849630075
23,GROCERY II,2017-05-07,340.0,5.395926075812762
23,HOME AND KITCHEN I,2014-11-09,90.0,5.20321443024802
23,HOME AND KITCHEN II,2014-12-28,77.0,6.879805746661272
23,HOME AND KITCHEN II,2015-05-31,249.0,51.4861279733801
23,HOME AND KITCHEN II,2015-06-07,74.0,12.140833670578713
23,HOME AND KITCHEN II,2015-06-14,59.0,6.576284904896803
23,HOME AND KITCHEN II,2015-07-26,190.0,18.548495885606368
23,HOME AND KITCHEN II,2015-08-02,311.0,14.216189853583623
23,HOME AND KITCHEN II,2015-08-16,266.0,6.841263417548323
23,HOME AND KITCHEN II,2015-10-04,192.0,5.016525023607177
23,HOME AND KITCHEN II,2015-10-11,605.0,12.303641784935133
23,HOME AND KITCHEN II,2015-10-18,406.0,5.257568996945768
23,HOME AND KITCHEN II,2016-10-23,196.0,5.058680696074464
23,HOME AND KITCHEN II,2016-10-30,631.0,21.742408011363185
23,HOME AND KITCHEN II,2016-11-06,305.0,5.962498313773102
23,HOME AND KITCHEN II,2017-05-28,188.0,8.479312404848626
23,HOME AND KITCHEN II,2017-06-18,163.0,5.142992041009038
23,HOME CARE,2014-11-02,907.0,-5.058680696074464
23,HOME CARE,2014-11-09,1067.0,21.920949682989345
23,HOME CARE,2015-01-04,498.0,-7.845392518122502
23,HOME CARE,2015-01-11,0.0,-16.099029443296626
23,HOME CARE,2015-01-18,0.0,-16.099029443296626
23,HOME CARE,2015-01-25,0.0,-11.061648455416162
23,HOME CARE,2015-02-01,0.0,-10.67140737314756
23,HOME CARE,2015-02-08,0.0,-10.117361392148927
23,HOME CARE,2015-02-15,0.0,-10.071633205065769
23,HOME CARE,2016-04-24,1412.0,6.221833128233083
23,LADIESWEAR,2014-03-16,73.0,9.173074328881695
23,LADIESWEAR,2016-05-15,95.0,6.576284904896803
23,LADIESWEAR,2016-05-22,112.0,9.105625252934034
23,LAWN AND GARDEN,2014-03-23,12.0,6.7449075947659525
23,LAWN AND GARDEN,2015-03-22,18.0,5.395926075812762
23,LAWN AND GARDEN,2016-11-06,24.0,5.395926075812762
23,LAWN AND GARDEN,2017-02-19,97.0,19.785062277980124
23,LAWN AND GARDEN,2017-05-14,201.0,31.195197625792527
23,LINGERIE,2015-08-16,75.0,5.6657223796034
23,"LIQUOR,WINE,BEER",2013-10-13,571.0,11.391399493382497
23,"LIQUOR,WINE,BEER",2013-12-22,672.0,5.334608734042162
23,"LIQUOR,WINE,BEER",2013-12-29,705.0,5.255407167588471
23,"LIQUOR,WINE,BEER",2014-01-05,765.0,6.0985206169342145
23,"LIQUOR,WINE,BEER",2014-12-28,731.0,8.985957537543026
23,"LIQUOR,WINE,BEER",2015-01-04,1339.0,20.214884820783837
23,"LIQUOR,WINE,BEER",2015-02-15,792.0,9.14530117996207
23,"LIQUOR,WINE,BEER",2015-12-27,977.0,7.6839045344294465
23,"LIQUOR,WINE,BEER",2016-01-03,1084.0,8.966759508335912
23,"LIQUOR,WINE,BEER",2016-06-19,672.0,5.2093648019149805
23,"LIQUOR,WINE,BEER",2016-11-13,749.0,5.100836368541751
23,"LIQUOR,WINE,BEER",2016-12-25,1160.0,8.083010230501777
23,"LIQUOR,WINE,BEER",2017-01-01,1526.0,8.666421967693461
23,MAGAZINES,2014-03-30,22.0,13.489815189531905
23,MAGAZINES,2015-10-04,32.0,5.620756328971626
23,MEATS,2013-06-02,13285.384,7.822740086144335
23,MEATS,2017-01-08,5484.4941,5.308222731219019
23,PERSONAL CARE,2016-01-10,1507.0,6.184737302997254
23,PERSONAL CARE,2016-04-24,1578.0,7.4633868820344995
23,PET SUPPLIES,2015-11-15,28.0,6.7449075947659525
23,PET SUPPLIES,2015-11-22,25.0,5.73317145555106
23,POULTRY,2013-11-10,2499.073,9.306953148755225
23,POULTRY,2013-11-17,2680.75002,8.989696738127872
23,POULTRY,2013-11-24,2789.551,8.794022326939789
23,POULTRY,2013-12-01,2500.507,5.300193396991338
23,POULTRY,2013-12-08,2457.235,5.093368530177454
23,POULTRY,2015-11-22,1971.52602,-10.662467689490946
23,POULTRY,2015-11-29,1971.54398,-9.280188424449163
23,POULTRY,2016-08-28,1894.217,-5.358508729967328
23,POULTRY,2016-09-04,1657.904,-7.4315458776962044
23,POULTRY,2017-01-08,2402.895,5.3102700015035404
23,PREPARED FOODS,2013-04-28,226.0,-5.102669223866417
23,PREPARED FOODS,2013-07-21,353.969,5.018885741265344
23,PRODUCE,2014-01-05,6136.334,1027.8116147308783
23,PRODUCE,2014-01-12,9778.9369,1642.0371138540404
23,PRODUCE,2014-01-19,9430.3427,1582.9189767975179
23,PRODUCE,2014-01-26,8875.354299999999,661.9268177525968
23,PRODUCE,2014-02-02,6407.2571,390.05537569135305
23,PRODUCE,2014-03-02,2446.982,202.4300215837043
23,PRODUCE,2014-03-09,9986.29,267.64575745312294
23,PRODUCE,2014-07-06,7977.984,144.7053204560287
23,PRODUCE,2014-07-13,8873.0,161.02099671504772
23,PRODUCE,2014-07-20,9053.615099999999,164.277057105669
23,PRODUCE,2014-07-27,8806.536,159.77293359729623
23,PRODUCE,2014-08-03,5201.343,93.869845158797
23,PRODUCE,2014-09-07,9221.236,213.05153574568445
23,PRODUCE,2014-09-14,8916.184,106.21042184579214
23,PRODUCE,2014-11-09,10348.481,5.682102642783477
23,PRODUCE,2015-01-04,5401.419,-10.191686435727464
23,PRODUCE,2015-01-11,39.0,-24.766504899228334
23,PRODUCE,2015-01-18,26.0,-23.60558336007131
23,PRODUCE,2015-01-25,35.0,-23.350602713466145
23,PRODUCE,2015-02-01,13.0,-20.76144742130445
23,PRODUCE,2015-02-08,54.0,-9.398753875509122
23,PRODUCE,2015-02-15,39.0,-8.738183574569426
23,PRODUCE,2015-06-07,9500.16,709.426383080774
23,PRODUCE,2015-06-14,8245.759,615.4172849498628
23,PRODUCE,2015-06-21,9064.251,676.5330425528726
23,PRODUCE,2015-06-28,8362.832,467.46886100993754
23,PRODUCE,2015-07-05,8433.192000000001,403.9810371740765
23,PRODUCE,2015-07-12,8891.551,121.25073987506781
23,PRODUCE,2015-07-19,8392.486,99.99910870863927
23,PRODUCE,2016-01-10,10957.98,6.352077465065473
23,PRODUCE,2016-12-25,11106.49,5.758202514913794
23,PRODUCE,2017-08-13,7794.977,-5.231065228243812
23,SEAFOOD,2016-05-08,82.6779995,-6.548667355841162
24,AUTOMOTIVE,2013-04-28,59.0,5.2610279239174425
24,AUTOMOTIVE,2013-06-23,76.0,6.879805746661272
24,AUTOMOTIVE,2014-03-30,56.0,6.913530284635101
24,BEAUTY,2013-10-13,45.0,12.140833670578713
24,BEAUTY,2013-10-20,39.0,8.093889113719143
24,BEAUTY,2014-04-20,0.0,-10.791852151625523
24,BEAUTY,2014-04-27,0.0,-10.791852151625523
24,BEAUTY,2014-05-04,0.0,-7.194568101083682
24,BEAUTY,2014-05-11,0.0,-6.969737847924817
24,BEVERAGES,2013-10-06,11188.0,-7.128733828059263
24,BEVERAGES,2014-01-05,20519.0,7.677830955020265
24,BEVERAGES,2014-01-12,25439.0,12.051023759670146
24,BEVERAGES,2014-01-19,24245.0,9.420807850820296
24,BEVERAGES,2014-01-26,24890.0,9.92510000743831
24,BEVERAGES,2014-02-02,20180.0,5.30164242126227
24,BEVERAGES,2015-05-31,26946.0,5.886061406413279
24,BEVERAGES,2015-06-07,27535.0,5.424195973308288
24,BEVERAGES,2016-04-24,54878.0,13.225394004904189
24,BEVERAGES,2016-11-20,32378.0,6.429255341786218
24,BREAD/BAKERY,2013-05-05,4686.38,5.38353397275432
24,BREAD/BAKERY,2014-04-20,0.0,-17.665639432792723
24,BREAD/BAKERY,2014-04-27,0.0,-13.197788560143326
24,BREAD/BAKERY,2014-05-04,0.0,-12.902768926704098
24,BREAD/BAKERY,2014-05-11,0.0,-10.427689479475978
24,BREAD/BAKERY,2014-05-18,0.0,-10.16740855418798
24,BREAD/BAKERY,2014-05-25,0.0,-7.052257996927739
24,CELEBRATION,2017-03-12,152.0,5.492281898595133
24,CLEANING,2014-04-20,0.0,-14.706022936934584
24,CLEANING,2014-04-27,0.0,-14.649372794406366
24,CLEANING,2014-05-04,0.0,-13.71354062572193
24,CLEANING,2014-05-11,0.0,-12.46655585966536
24,CLEANING,2014-05-18,0.0,-11.637923893775989
24,CLEANING,2014-05-25,0.0,-7.22026298715898
24,CLEANING,2014-06-01,0.0,-5.663706825572947
24,CLEANING,2014-12-21,10436.0,6.640488523215183
24,CLEANING,2015-12-20,10627.0,5.125704225801633
24,CLEANING,2016-12-18,9126.0,5.286321327397815
24,CLEANING,2016-12-25,10233.0,7.537673985051239
24,DAIRY,2013-11-10,6525.0,7.978859681870421
24,DAIRY,2013-11-17,6660.0,5.865597651783375
24,DAIRY,2013-11-24,6496.0,5.258920140294078
24,DAIRY,2014-04-20,0.0,-24.23371776109985
24,DAIRY,2014-04-27,0.0,-23.565620278964264
24,DAIRY,2014-05-04,0.0,-14.107773486509014
24,DAIRY,2014-05-11,0.0,-12.140833670578715
24,DAIRY,2014-05-18,0.0,-5.5229457897547185
24,DAIRY,2015-10-11,7535.0,-5.810997312413743
24,DELI,2014-04-20,0.0,-11.128651067880163
24,DELI,2014-04-27,0.0,-10.811925743359708
24,DELI,2014-05-04,0.0,-9.659286994102965
24,DELI,2014-05-11,0.0,-9.206480888587139
24,DELI,2014-05-18,0.0,-8.9742479411237
24,DELI,2014-05-25,0.0,-8.845302220688412
24,DELI,2014-06-01,0.0,-8.670191273708474
24,DELI,2014-12-21,2452.56,5.680815959084646
24,DELI,2015-11-01,1577.69,-5.411381483689804
24,DELI,2016-03-27,1370.4769999999999,-9.641678626120994
24,DELI,2016-04-17,1584.6970000000001,-5.394925219670032
24,EGGS,2014-04-20,0.0,-23.86777528420588
24,EGGS,2014-04-27,0.0,-23.791128606992633
24,EGGS,2014-05-04,0.0,-22.756731711036434
24,EGGS,2014-05-11,0.0,-22.756731711036434
24,EGGS,2014-05-18,0.0,-20.936193174153516
24,EGGS,2014-05-25,0.0,-20.598947794415217
24,EGGS,2014-06-01,0.0,-20.531498718467557
24,EGGS,2017-06-11,2031.0,8.289136438830788
24,EGGS,2017-06-18,2034.0,8.342385709315783
24,FROZEN FOODS,2013-12-08,1456.306,6.0346595510506384
24,FROZEN FOODS,2013-12-15,2876.19698,25.791360630343238
24,FROZEN FOODS,2013-12-22,7623.804,75.38912567168218
24,FROZEN FOODS,2013-12-29,6779.003000000001,40.635591283286125
24,FROZEN FOODS,2014-01-05,2202.287,7.575353553095598
24,FROZEN FOODS,2014-04-20,0.0,-10.144299234736035
24,FROZEN FOODS,2014-04-27,0.0,-10.144299234736035
24,FROZEN FOODS,2014-05-04,0.0,-10.144299234736035
24,FROZEN FOODS,2014-05-11,0.0,-8.7400201855399
24,FROZEN FOODS,2014-05-18,0.0,-6.778138204814818
24,FROZEN FOODS,2014-12-07,1531.80701,5.719660699407888
24,FROZEN FOODS,2014-12-14,3574.98,28.49367218359292
24,FROZEN FOODS,2014-12-21,6495.445,61.04632620490535
24,FROZEN FOODS,2014-12-28,7644.63,46.842194606130995
24,FROZEN FOODS,2015-01-04,3761.61204,18.188346504691037
24,FROZEN FOODS,2015-05-10,1548.13199,5.1279204828134475
24,FROZEN FOODS,2015-12-06,3743.62598,13.719461119873321
24,FROZEN FOODS,2015-12-13,4944.28994,19.676264661826153
24,FROZEN FOODS,2015-12-20,10530.001,43.57694438084252
24,FROZEN FOODS,2015-12-27,15378.983,50.37961084464677
24,FROZEN FOODS,2016-01-03,5302.428,10.015380237452284
24,FROZEN FOODS,2016-05-08,1866.528,6.420602311444306
24,FROZEN FOODS,2016-11-27,1772.3750100000002,6.559727958781626
24,FROZEN FOODS,2016-12-11,3929.989,23.75141744862148
24,FROZEN FOODS,2016-12-18,6483.51396,46.10105932861662
24,FROZEN FOODS,2016-12-25,11726.3109,70.24785414967899
24,FROZEN FOODS,2017-01-01,5486.22604,16.07111049277716
24,GROCERY I,2013-12-08,35482.0,5.508162197413565
24,GROCERY I,2014-04-20,0.0,-25.26022368530262
24,GROCERY I,2014-04-27,0.0,-23.56467442423436
24,GROCERY I,2014-05-04,0.0,-22.25383225057061
24,GROCERY I,2014-05-11,0.0,-21.045474303264672
24,GROCERY I,2014-05-18,0.0,-12.39790373362451
24,GROCERY I,2014-05-25,0.0,-10.25448784896755
24,GROCERY I,2014-06-01,0.0,-6.295611481078949
24,GROCERY I,2014-12-14,37522.0,7.122880261892281
24,GROCERY I,2014-12-21,40432.0,8.803540121300513
24,GROCERY I,2015-12-06,62336.0,22.102247151640285
24,GROCERY I,2015-12-13,39064.0,7.167186300508673
24,GROCERY I,2015-12-20,49358.0,13.423713811581296
24,GROCERY I,2015-12-27,41172.0,6.716847932087569
24,GROCERY I,2016-04-24,49592.0,10.341121752872638
24,GROCERY I,2016-11-20,47134.0,13.99301799006871
24,GROCERY I,2016-12-11,63737.0,25.6931938409683
24,GROCERY I,2016-12-18,37081.0,6.712213627499436
24,GROCERY I,2016-12-25,43428.0,8.080632612943266
24,GROCERY I,2017-05-21,36194.0,8.826981285007163
24,GROCERY II,2013-12-08,2681.0,115.51778407302488
24,GROCERY II,2014-12-28,308.0,6.205314987184677
24,GROCERY II,2015-01-04,365.0,7.062315010990232
24,GROCERY II,2015-12-06,3026.0,161.09087638832682
24,GROCERY II,2015-12-27,266.0,6.315686202371755
24,GROCERY II,2016-12-11,2936.0,172.0564610083024
24,HARDWARE,2013-05-12,12.0,7.4193983542425475
24,HARDWARE,2013-05-26,9.0,5.395926075812762
24,HARDWARE,2014-09-21,18.0,8.768379873195737
24,HOME AND KITCHEN I,2014-03-16,159.0,5.283510949233329
24,HOME AND KITCHEN I,2014-12-28,343.0,5.163343055303591
24,HOME AND KITCHEN I,2015-12-20,368.0,6.0704168352893575
24,HOME AND KITCHEN I,2016-05-08,240.0,6.32335087009308
24,HOME AND KITCHEN I,2016-05-29,118.0,-5.2995702530303905
24,HOME AND KITCHEN II,2015-01-04,343.0,9.29298379723309
24,HOME AND KITCHEN II,2015-01-11,327.0,8.581021328896684
24,HOME AND KITCHEN II,2015-01-25,435.0,10.239996075690128
24,HOME AND KITCHEN II,2015-02-01,460.0,9.157509157509159
24,HOME AND KITCHEN II,2015-02-22,882.0,15.618676649129908
24,HOME AND KITCHEN II,2015-08-09,1116.0,9.892531138990062
24,HOME AND KITCHEN II,2015-08-16,965.0,8.105722284938029
24,HOME AND KITCHEN II,2015-08-23,968.0,8.082055942500254
24,HOME AND KITCHEN II,2015-08-30,744.0,5.206595336310559
24,HOME AND KITCHEN II,2016-02-07,1030.0,5.987146371156443
24,HOME AND KITCHEN II,2016-12-11,647.0,10.89561996077577
24,HOME AND KITCHEN II,2017-08-13,164.0,-7.644228607401413
24,HOME APPLIANCES,2015-02-08,11.0,5.395926075812762
24,HOME APPLIANCES,2015-10-18,10.0,6.7449075947659525
24,HOME CARE,2015-01-04,910.0,-8.803418354207508
24,HOME CARE,2015-01-11,0.0,-16.546922657808942
24,HOME CARE,2015-01-18,0.0,-16.546922657808942
24,HOME CARE,2015-01-25,0.0,-16.476845695785396
24,HOME CARE,2015-02-01,0.0,-16.371730252750083
24,HOME CARE,2015-02-08,0.0,-12.0360584069707
24,HOME CARE,2016-04-24,3456.0,8.751928879062163
24,LADIESWEAR,2016-07-24,56.0,-5.106858607465649
24,LADIESWEAR,2017-01-22,164.0,5.986105490354783
24,LAWN AND GARDEN,2013-05-12,62.0,15.513287467961689
24,LAWN AND GARDEN,2013-05-19,18.0,-7.0821529745042495
24,LAWN AND GARDEN,2014-03-09,77.0,5.126129772022124
24,LAWN AND GARDEN,2014-12-21,90.0,5.058680696074464
24,LAWN AND GARDEN,2014-12-28,109.0,8.262511803588291
24,LAWN AND GARDEN,2015-01-04,95.0,5.56454876568191
24,LAWN AND GARDEN,2015-09-13,112.0,6.610009442870633
24,LAWN AND GARDEN,2016-02-14,82.0,5.395926075812762
24,LAWN AND GARDEN,2016-03-13,86.0,5.227303385943613
24,LAWN AND GARDEN,2016-05-08,117.0,8.093889113719143
24,LAWN AND GARDEN,2016-06-19,104.0,5.6657223796034
24,LAWN AND GARDEN,2016-12-11,335.0,10.027429290885383
24,LAWN AND GARDEN,2016-12-18,345.0,10.477089797203114
24,LAWN AND GARDEN,2016-12-25,384.0,12.230765771842261
24,LAWN AND GARDEN,2017-01-01,392.0,9.442870632672333
24,LAWN AND GARDEN,2017-01-08,344.0,7.824092809928505
24,LAWN AND GARDEN,2017-01-15,312.0,6.239039525158506
24,LINGERIE,2015-07-05,82.0,6.4076622150276545
24,LINGERIE,2016-12-18,160.0,5.227303385943612
24,"LIQUOR,WINE,BEER",2013-12-29,1627.0,6.1675892328410695
24,"LIQUOR,WINE,BEER",2014-04-20,0.0,-8.59975718332659
24,"LIQUOR,WINE,BEER",2014-04-27,0.0,-8.59975718332659
24,"LIQUOR,WINE,BEER",2014-05-04,0.0,-5.520831772012131
24,"LIQUOR,WINE,BEER",2014-12-21,1341.0,7.658733785024564
24,"LIQUOR,WINE,BEER",2014-12-28,1750.0,10.071787692184294
24,"LIQUOR,WINE,BEER",2015-01-04,1743.0,7.81404720287247
24,"LIQUOR,WINE,BEER",2015-06-14,1074.0,5.258529809993455
24,"LIQUOR,WINE,BEER",2015-11-29,1308.0,6.260414232325018
24,"LIQUOR,WINE,BEER",2015-12-27,1686.0,5.733171455551059
24,"LIQUOR,WINE,BEER",2016-05-08,1010.0,13.077626392073984
24,"LIQUOR,WINE,BEER",2016-12-11,4044.0,67.4899541755066
24,"LIQUOR,WINE,BEER",2016-12-18,1210.0,9.4837488605194
24,"LIQUOR,WINE,BEER",2016-12-25,1747.0,20.459553037456722
24,"LIQUOR,WINE,BEER",2017-01-01,1718.0,19.74418405013306
24,MAGAZINES,2015-04-26,58.0,7.824092809928505
24,MAGAZINES,2015-05-03,54.0,7.284500202347228
24,MAGAZINES,2015-05-10,77.0,10.387157695939566
24,MAGAZINES,2015-05-17,55.0,7.4193983542425475
24,MAGAZINES,2015-10-18,134.0,7.503709699177121
24,MAGAZINES,2015-10-25,116.0,5.986105490354783
24,MAGAZINES,2016-03-27,70.0,-5.227303385943613
24,MEATS,2014-04-20,0.0,-22.314995451157266
24,MEATS,2014-04-27,0.0,-19.1081228107413
24,MEATS,2014-05-04,0.0,-16.64582104158239
24,MEATS,2014-05-11,0.0,-16.64582104158239
24,MEATS,2014-05-18,0.0,-9.785682332862109
24,MEATS,2014-05-25,0.0,-8.72518065764548
24,MEATS,2014-06-01,0.0,-7.21126322603485
24,PERSONAL CARE,2014-04-20,0.0,-5.915615677376696
24,PERSONAL CARE,2016-04-24,3721.0,5.9036471420121766
24,PERSONAL CARE,2016-12-25,2706.0,5.653596703028539
24,PET SUPPLIES,2015-01-04,39.0,-5.935518683394038
24,PET SUPPLIES,2015-01-11,0.0,-10.926750303520842
24,PET SUPPLIES,2015-01-18,0.0,-10.926750303520842
24,PET SUPPLIES,2015-01-25,0.0,-10.926750303520842
24,PET SUPPLIES,2015-02-01,0.0,-6.829218939700526
24,PET SUPPLIES,2015-02-08,0.0,-6.829218939700526
24,PET SUPPLIES,2015-07-19,90.0,9.442870632672333
24,PLAYERS AND ELECTRONICS,2016-04-24,159.0,5.328476999865102
24,PLAYERS AND ELECTRONICS,2016-05-01,155.0,5.058680696074465
24,PLAYERS AND ELECTRONICS,2017-01-01,19.0,-6.576284904896803
24,PLAYERS AND ELECTRONICS,2017-01-08,5.0,-7.503709699177121
24,POULTRY,2013-11-10,4050.97696,10.253006973121526
24,POULTRY,2013-11-17,4216.605,10.677366917516375
24,POULTRY,2013-11-24,4112.418970000001,10.10804984265349
24,POULTRY,2013-12-01,4158.095,10.005127298800828
24,POULTRY,2013-12-08,4291.39103,7.669270484367229
24,POULTRY,2013-12-15,4273.631,6.93755361532102
24,POULTRY,2013-12-22,5722.313,5.4106326580244
24,POULTRY,2014-04-20,0.0,-14.3672510002988
24,POULTRY,2014-04-27,0.0,-14.23738538524058
24,POULTRY,2014-05-04,0.0,-14.07320217091108
24,POULTRY,2014-05-11,0.0,-13.733962482864541
24,POULTRY,2014-05-18,0.0,-12.158990556701935
24,POULTRY,2014-05-25,0.0,-8.432162465407554
24,POULTRY,2014-06-01,0.0,-5.382451998695878
24,POULTRY,2017-08-13,3379.972,-5.6946976160612195
24,PREPARED FOODS,2013-10-06,866.458004,-5.792649458856067
24,PREPARED FOODS,2014-04-20,0.0,-15.802926910955676
24,PREPARED FOODS,2014-04-27,0.0,-15.712110579524168
24,PREPARED FOODS,2014-05-04,0.0,-13.216184050127483
24,PREPARED FOODS,2014-05-11,0.0,-13.201424525711564
24,PREPARED FOODS,2014-05-18,0.0,-9.362581378749656
24,PREPARED FOODS,2014-05-25,0.0,-7.404420406183915
24,PREPARED FOODS,2014-06-01,0.0,-7.404420406183915
24,PREPARED FOODS,2016-01-03,775.404004,-5.576513927497808
24,PRODUCE,2014-01-05,15106.499,1130.4839096482156
24,PRODUCE,2014-01-12,26128.7475,1956.4539397754697
24,PRODUCE,2014-01-19,25702.4074,1924.5025555705445
24,PRODUCE,2014-01-26,26016.468,1753.2353972750575
24,PRODUCE,2014-02-02,18120.675,1220.6040064751114
24,PRODUCE,2014-03-02,6137.907,317.2652512737499
24,PRODUCE,2014-03-09,25200.176,998.7690940398822
24,PRODUCE,2014-09-14,26074.052,585.5490804442646
24,PRODUCE,2014-09-21,25370.35,427.1271752326993
24,PRODUCE,2014-09-28,24997.75,400.77197073352477
24,PRODUCE,2014-10-05,25990.505100000002,407.0081958470193
24,PRODUCE,2015-01-04,14066.944,-5.915729316971542
24,PRODUCE,2015-01-11,36.0,-12.272520440874375
24,PRODUCE,2015-01-18,42.0,-12.269802110108932
24,PRODUCE,2015-01-25,30.0,-12.18770815854843
24,PRODUCE,2015-02-01,28.0,-11.263853905157713
24,PRODUCE,2015-02-08,18.0,-7.366246165215584
24,PRODUCE,2015-02-15,58.0,-6.536326827797615
24,PRODUCE,2015-06-07,28717.483,3224.5697873105805
24,PRODUCE,2015-06-14,27366.078999999998,2304.488651692972
24,PRODUCE,2015-06-21,28647.1251,2412.495371307163
24,PRODUCE,2015-06-28,28354.667999999998,2387.7536085255633
24,PRODUCE,2015-07-05,29812.596,1673.7823193488916
24,PRODUCE,2015-07-12,28084.427,1576.646150906066
24,PRODUCE,2015-07-19,28262.253,1001.9827543362657
24,SEAFOOD,2013-10-13,100.292001,-8.546947172495035
24,SEAFOOD,2013-10-20,153.63500100000002,-5.9319783991232455
24,SEAFOOD,2013-10-27,164.864998,-5.354697975070279
24,SEAFOOD,2014-04-20,0.0,-5.5772584800434375
24,SEAFOOD,2014-04-27,0.0,-5.134658292760805
25,AUTOMOTIVE,2013-11-03,2.0,-6.070416835289357
25,AUTOMOTIVE,2013-12-22,17.0,6.7449075947659525
25,AUTOMOTIVE,2014-01-05,16.0,5.395926075812762
25,AUTOMOTIVE,2015-11-01,40.0,6.969737847924817
25,AUTOMOTIVE,2015-12-27,29.0,6.4076622150276545
25,AUTOMOTIVE,2017-03-05,45.0,6.070416835289357
25,BEAUTY,2013-12-29,37.0,6.295247088448222
25,BEAUTY,2014-10-05,21.0,6.7449075947659525
25,BEAUTY,2014-12-28,48.0,6.4076622150276545
25,BEAUTY,2015-11-01,50.0,7.194568101083682
25,BEAUTY,2016-01-03,73.0,18.21125050586807
25,BEAUTY,2016-11-06,84.0,6.295247088448222
25,BEAUTY,2017-01-01,106.0,5.518560759353961
25,BEAUTY,2017-02-26,70.0,6.0704168352893575
25,BEVERAGES,2013-10-13,10605.0,8.23154028912253
25,BEVERAGES,2013-12-22,7929.0,5.219162980225792
25,BEVERAGES,2013-12-29,27845.0,34.571398594061485
25,BEVERAGES,2014-01-05,26624.0,26.865562088858205
25,BEVERAGES,2014-01-12,14077.0,11.308879075709603
25,BEVERAGES,2014-01-19,13405.0,10.475684608120869
25,BEVERAGES,2014-01-26,13824.0,10.807970496980662
25,BEVERAGES,2014-02-02,11943.0,8.384019330111649
25,BEVERAGES,2014-11-02,15225.0,9.039538784581278
25,BEVERAGES,2014-12-28,31847.0,38.84963272166854
25,BEVERAGES,2015-01-04,44970.0,56.9712384964079
25,BEVERAGES,2015-02-15,21456.0,19.273453293357342
25,BEVERAGES,2015-02-22,13194.0,5.257897376088648
25,BEVERAGES,2015-08-09,20932.0,6.027494696049938
25,BEVERAGES,2015-12-27,23245.0,6.5241838302492585
25,BEVERAGES,2016-01-03,48963.0,18.816905571095585
25,BEVERAGES,2016-02-07,36643.0,11.942745341804383
25,BEVERAGES,2016-08-28,0.0,-6.545725453011133
25,BREAD/BAKERY,2013-12-29,4091.4849999999997,18.143097705594833
25,BREAD/BAKERY,2014-01-05,2847.59199,9.72920937661661
25,BREAD/BAKERY,2014-12-28,3864.01103,9.378229267544874
25,BREAD/BAKERY,2015-01-04,6079.137,17.758271976968196
25,BREAD/BAKERY,2015-12-27,2780.1760000000004,5.289522501770397
25,BREAD/BAKERY,2016-01-03,5724.014999999999,19.818636198240494
25,BREAD/BAKERY,2016-02-07,4234.10098,14.52916104705997
25,CLEANING,2013-12-29,9109.0,14.06529813110368
25,CLEANING,2014-01-05,6430.0,7.254363381179125
25,CLEANING,2014-12-28,8399.0,12.030500305602605
25,CLEANING,2015-01-04,9740.0,14.643111117772749
25,CLEANING,2015-02-15,7462.0,5.810278366853811
25,CLEANING,2016-01-03,8718.0,8.489331705005199
25,CLEANING,2016-02-07,8619.0,10.627577897884807
25,CLEANING,2016-08-28,0.0,-5.536864443464587
25,DAIRY,2013-10-13,3190.0,7.270014494761154
25,DAIRY,2013-12-29,8078.0,13.383885551024362
25,DAIRY,2014-01-05,6511.0,9.522468921057769
25,DAIRY,2014-12-28,7281.0,10.269121813031163
25,DAIRY,2015-01-04,10020.0,15.899011871037368
25,DAIRY,2015-02-15,6766.0,10.433789155853997
25,DAIRY,2015-11-01,5412.0,5.059641509122151
25,DAIRY,2015-12-27,5432.0,6.330203028868682
25,DAIRY,2016-01-03,9854.0,16.631083108225024
25,DAIRY,2016-02-07,7752.0,9.295201058112369
25,DAIRY,2016-08-14,5274.0,5.054243256867381
25,DAIRY,2016-08-28,0.0,-6.82034406128636
25,DAIRY,2016-09-04,0.0,-6.689439604677416
25,DAIRY,2016-09-11,0.0,-6.689439604677416
25,DAIRY,2016-09-18,0.0,-5.894462724121549
25,DELI,2013-12-29,2276.322,9.927268689926706
25,DELI,2014-01-05,1606.5339,5.808739913364349
25,DELI,2014-03-02,1758.983316,6.348643740813248
25,DELI,2014-12-28,1803.55598,5.923675728413465
25,DELI,2015-01-04,2876.9,11.130178704896192
25,DELI,2015-02-15,2186.377,6.775965399713103
25,DELI,2015-10-11,1416.46699,5.025217701031766
25,DELI,2016-01-03,2402.768,10.055740906246596
25,DELI,2016-02-07,1909.36599,13.943169503355833
25,DELI,2017-02-26,2047.746,6.9205296457615635
25,EGGS,2013-10-13,1159.0,6.244149303639389
25,EGGS,2013-12-29,2207.0,24.07088897882099
25,EGGS,2014-01-05,1341.0,9.682943614858917
25,EGGS,2014-03-02,1824.0,5.391038461613656
25,EGGS,2014-12-28,1799.0,15.07968626544102
25,EGGS,2015-01-04,2406.0,22.246150584879846
25,EGGS,2015-02-15,1787.0,14.513595806594592
25,EGGS,2015-12-27,1109.0,5.6891829277591075
25,EGGS,2016-01-03,2070.0,15.044076504847537
25,EGGS,2016-02-07,1777.0,11.873021163139477
25,EGGS,2017-02-26,1777.0,6.042773771376382
25,FROZEN FOODS,2013-10-13,1294.973996,8.225417819433886
25,FROZEN FOODS,2013-12-15,1193.4850000000001,5.917762880191322
25,FROZEN FOODS,2013-12-22,2680.0059,16.573563489072146
25,FROZEN FOODS,2013-12-29,5022.6939999999995,34.42269699639531
25,FROZEN FOODS,2014-01-05,3937.471,24.66775792964475
25,FROZEN FOODS,2014-10-12,1270.405996,5.2401039467026465
25,FROZEN FOODS,2014-12-14,1933.928066,7.9944133848363945
25,FROZEN FOODS,2014-12-21,2076.47196,8.589713689159137
25,FROZEN FOODS,2014-12-28,2935.13,13.211764297345507
25,FROZEN FOODS,2015-01-04,7846.65604,41.157592630924256
25,FROZEN FOODS,2015-02-15,3198.038,8.437513648414845
25,FROZEN FOODS,2015-04-05,3130.886,11.261355097369188
25,FROZEN FOODS,2015-05-03,2446.549,7.366212859185327
25,FROZEN FOODS,2015-05-10,786.42,-8.50843595317752
25,FROZEN FOODS,2015-05-17,796.36,-7.444581856037459
25,FROZEN FOODS,2015-05-24,907.725,-5.109106608440411
25,FROZEN FOODS,2015-05-31,760.8620040000001,-6.141961514442961
25,FROZEN FOODS,2015-06-07,729.585,-6.0341925047250955
25,FROZEN FOODS,2015-10-11,1881.831,6.485907451425473
25,FROZEN FOODS,2015-12-20,6026.23,14.233037918043342
25,FROZEN FOODS,2015-12-27,4459.224,8.75679778084145
25,FROZEN FOODS,2016-01-03,7788.996999999999,16.219619477774078
25,FROZEN FOODS,2016-02-07,4070.009,15.920625353632937
25,FROZEN FOODS,2016-02-14,2341.073,6.200436407870963
25,FROZEN FOODS,2016-03-27,3320.957,12.260757490692328
25,FROZEN FOODS,2016-04-24,750.0,-7.152224254671772
25,FROZEN FOODS,2016-05-01,823.519,-6.5802433049759
25,FROZEN FOODS,2016-08-14,1426.438,7.5034952651384526
25,FROZEN FOODS,2016-08-28,0.0,-7.082556340953465
25,FROZEN FOODS,2016-09-04,0.0,-6.321447616563387
25,FROZEN FOODS,2016-09-11,0.0,-6.321447616563387
25,FROZEN FOODS,2016-09-18,0.0,-6.321447616563387
25,FROZEN FOODS,2016-09-25,0.0,-5.073013614904331
25,FROZEN FOODS,2016-12-18,4989.378,5.699993401299488
25,FROZEN FOODS,2017-01-01,7674.157,9.066078007372976
25,GROCERY I,2013-12-22,14112.0,6.261505335294212
25,GROCERY I,2013-12-29,30183.0,22.819065633012162
25,GROCERY I,2014-01-05,21625.0,13.712923924672706
25,GROCERY I,2014-03-02,23275.0,6.024018122653385
25,GROCERY I,2014-12-28,28929.0,10.584986543392185
25,GROCERY I,2015-01-04,34206.0,13.18031784736701
25,GROCERY I,2015-02-15,22908.0,10.000706943500829
25,GROCERY I,2015-12-27,20034.0,5.286841101101575
25,GROCERY I,2016-01-03,32402.0,10.905886601483962
25,GROCERY I,2016-02-07,26973.0,17.453420690442968
25,GROCERY I,2016-02-14,16850.0,6.2048705122196175
25,GROCERY I,2016-08-28,0.0,-7.60001512665469
25,GROCERY I,2017-02-26,25914.0,5.170170051023242
25,GROCERY II,2013-10-13,139.0,5.56454876568191
25,GROCERY II,2013-12-29,228.0,12.515550759176822
25,GROCERY II,2014-01-05,279.0,9.802599037726518
25,GROCERY II,2014-03-02,188.0,5.440892126444535
25,GROCERY II,2014-12-28,211.0,9.93340936683713
25,GROCERY II,2015-01-04,205.0,8.768379873195737
25,GROCERY II,2015-04-05,192.0,8.768379873195737
25,GROCERY II,2015-12-27,171.0,5.2995702530303905
25,GROCERY II,2016-01-03,301.0,10.93638588579908
25,GROCERY II,2017-01-01,266.0,7.11962468336406
25,HARDWARE,2014-09-07,13.0,5.395926075812762
25,HARDWARE,2016-01-03,22.0,6.070416835289357
25,HARDWARE,2016-11-06,32.0,21.583704303251046
25,HARDWARE,2017-08-13,15.0,6.070416835289357
25,HOME AND KITCHEN I,2014-09-28,367.0,176.04208822339135
25,HOME AND KITCHEN I,2014-10-26,264.0,70.1470389855659
25,HOME AND KITCHEN I,2014-11-02,226.0,44.51639012545528
25,HOME AND KITCHEN I,2014-11-09,176.0,10.791852151625523
25,HOME AND KITCHEN I,2014-12-14,990.0,9.960783180127576
25,HOME AND KITCHEN I,2015-11-01,200.0,7.486847430190207
25,HOME AND KITCHEN I,2015-11-08,1556.0,98.88034533926886
25,HOME AND KITCHEN I,2015-12-27,445.0,16.717735252741324
25,HOME AND KITCHEN I,2016-01-03,728.0,30.352084176446784
25,HOME AND KITCHEN I,2016-12-25,961.0,6.580032075782784
25,HOME AND KITCHEN II,2014-12-28,149.0,6.928859620077751
25,HOME AND KITCHEN II,2015-01-04,184.0,7.033975063113064
25,HOME AND KITCHEN II,2015-03-01,327.0,11.171253203831109
25,HOME AND KITCHEN II,2015-05-31,326.0,6.259274247942804
25,HOME AND KITCHEN II,2015-10-11,395.0,19.80550139190366
25,HOME AND KITCHEN II,2015-10-18,347.0,16.371730252750083
25,HOME AND KITCHEN II,2015-11-29,363.0,6.81717446185273
25,HOME AND KITCHEN II,2016-08-28,0.0,-5.328476999865102
25,HOME AND KITCHEN II,2016-10-30,388.0,7.269511518803304
25,HOME AND KITCHEN II,2016-11-06,573.0,8.987981515816024
25,HOME APPLIANCES,2015-01-04,8.0,5.395926075812762
25,HOME CARE,2014-12-28,1794.0,18.33388518940927
25,HOME CARE,2015-01-04,1156.0,8.348696733965856
25,HOME CARE,2015-01-11,0.0,-8.978221442810678
25,HOME CARE,2015-01-18,0.0,-8.963232759266754
25,HOME CARE,2015-01-25,0.0,-7.958990961823823
25,HOME CARE,2016-01-03,2017.0,11.19004549155749
25,HOME CARE,2016-02-07,1519.0,9.936694224431983
25,LAWN AND GARDEN,2013-12-29,79.0,16.187778227438287
25,LAWN AND GARDEN,2014-01-05,52.0,7.0821529745042495
25,LAWN AND GARDEN,2014-03-02,82.0,15.850532847699988
25,LAWN AND GARDEN,2014-03-09,57.0,7.0821529745042495
25,LAWN AND GARDEN,2014-03-16,86.0,8.43113449345744
25,LAWN AND GARDEN,2014-11-02,93.0,7.4193983542425475
25,LAWN AND GARDEN,2014-12-28,116.0,12.309456360447863
25,LAWN AND GARDEN,2015-01-04,125.0,6.913530284635101
25,LAWN AND GARDEN,2015-02-15,90.0,6.205314987184676
25,LAWN AND GARDEN,2016-01-03,121.0,5.2610279239174425
25,LAWN AND GARDEN,2016-11-06,181.0,8.720201961804552
25,LAWN AND GARDEN,2017-01-01,596.0,8.46179316434274
25,LINGERIE,2013-12-29,288.0,9.363518778616262
25,LINGERIE,2014-01-05,218.0,6.427500178541671
25,LINGERIE,2014-10-05,95.0,5.620756328971626
25,LINGERIE,2014-10-12,104.0,5.2995702530303905
25,LINGERIE,2014-11-02,103.0,5.588637721377503
25,LINGERIE,2014-12-28,338.0,21.883477974129534
25,LINGERIE,2015-01-04,180.0,7.848619746636745
25,LINGERIE,2015-02-15,199.0,11.016682404784389
25,LINGERIE,2016-01-03,143.0,6.4076622150276545
25,LINGERIE,2017-02-26,145.0,6.315686202371755
25,"LIQUOR,WINE,BEER",2013-10-13,1197.0,7.155467187490836
25,"LIQUOR,WINE,BEER",2013-12-29,2787.0,16.791269959601557
25,"LIQUOR,WINE,BEER",2014-01-05,4075.0,21.23482977248729
25,"LIQUOR,WINE,BEER",2014-10-12,1966.0,8.388212354218021
25,"LIQUOR,WINE,BEER",2014-12-28,2781.0,14.17656941736262
25,"LIQUOR,WINE,BEER",2015-01-04,7189.0,26.88211364275394
25,"LIQUOR,WINE,BEER",2015-02-15,3536.0,7.508373731024566
25,"LIQUOR,WINE,BEER",2016-01-03,5282.0,12.167388424888815
25,"LIQUOR,WINE,BEER",2016-02-07,7351.0,21.329548364897548
25,"LIQUOR,WINE,BEER",2016-02-14,4407.0,9.957988048137581
25,MAGAZINES,2014-12-28,67.0,9.611493322541481
25,MAGAZINES,2015-10-11,80.0,10.454606771887226
25,MAGAZINES,2015-11-01,72.0,8.768379873195737
25,MAGAZINES,2015-12-27,90.0,6.969737847924817
25,MAGAZINES,2016-02-07,127.0,10.791852151625523
25,MEATS,2013-12-29,2642.083,12.209570242028702
25,MEATS,2014-01-05,2132.314,7.762395923637228
25,MEATS,2014-03-02,2840.54574,6.386241015942592
25,MEATS,2014-12-28,2422.441,5.8876803341038695
25,MEATS,2015-01-04,3964.54097,12.630548246551024
25,MEATS,2015-02-15,3153.329,5.255603273721772
25,MEATS,2015-10-11,2057.95198,7.845553622820426
25,MEATS,2015-11-01,1994.627,7.164221005983956
25,MEATS,2015-12-27,1846.732,5.683947677024974
25,MEATS,2016-01-03,2981.179,13.026939265984202
25,MEATS,2016-02-07,2801.183,6.324070359326905
25,MEATS,2016-08-28,0.0,-6.218265853895672
25,MEATS,2016-09-04,0.0,-5.977334073290843
25,MEATS,2016-09-11,0.0,-5.977334073290843
25,MEATS,2016-09-18,0.0,-5.977334073290843
25,PERSONAL CARE,2013-12-15,725.0,8.655964746616306
25,PERSONAL CARE,2013-12-22,1022.0,19.710118860260504
25,PERSONAL CARE,2013-12-29,2066.0,58.45586582130492
25,PERSONAL CARE,2014-01-05,1126.0,7.277400299615895
25,PERSONAL CARE,2014-12-28,1916.0,6.683590252995352
25,PERSONAL CARE,2015-01-04,2138.0,7.4653863605704975
25,PERSONAL CARE,2016-01-03,1902.0,8.78288505081889
25,PERSONAL CARE,2016-02-07,1664.0,12.229917355792603
25,PERSONAL CARE,2016-08-28,0.0,-6.648551771983581
25,PERSONAL CARE,2016-09-04,0.0,-5.151423175502496
25,PET SUPPLIES,2015-01-11,0.0,-5.395926075812762
25,PLAYERS AND ELECTRONICS,2014-11-02,51.0,12.478079050317012
25,PLAYERS AND ELECTRONICS,2014-11-09,32.0,6.070416835289357
25,PLAYERS AND ELECTRONICS,2014-12-28,80.0,5.20321443024802
25,PLAYERS AND ELECTRONICS,2016-01-03,108.0,8.286600759283884
25,POULTRY,2013-10-13,985.543018,8.302135991178957
25,POULTRY,2013-11-10,978.7259899999999,6.5499068504391635
25,POULTRY,2013-12-29,2609.002,6.210837774201105
25,POULTRY,2014-03-02,2536.8902,5.151731995384873
25,POULTRY,2014-12-28,2541.128,10.806073639530108
25,POULTRY,2015-01-04,2926.77198,13.222715580978258
25,POULTRY,2015-02-15,2363.19698,8.588627613814996
25,POULTRY,2015-10-11,1494.47401,5.873768412674815
25,POULTRY,2015-11-01,1674.123,8.041137460208507
25,POULTRY,2016-01-03,2462.45802,11.361003838343567
25,POULTRY,2016-02-07,2473.47201,20.32986414662444
25,POULTRY,2016-02-14,1495.243,6.298584269105429
25,PREPARED FOODS,2013-12-29,896.4789949999999,17.314847635434074
25,PREPARED FOODS,2014-01-05,503.237005,5.678917077878282
25,PREPARED FOODS,2014-12-28,725.8430040000001,11.386578012926778
25,PREPARED FOODS,2015-01-04,954.792996,10.2264903924763
25,PREPARED FOODS,2015-02-15,853.4590000000001,7.398816721852134
25,PREPARED FOODS,2016-01-03,904.632996,12.174718562686234
25,PREPARED FOODS,2016-02-07,721.983,14.30019802908728
25,PREPARED FOODS,2016-03-27,475.296996,7.938703844477398
25,PREPARED FOODS,2016-05-01,279.271998,-5.258918149491399
25,PREPARED FOODS,2016-05-08,252.383,-6.880731285482433
25,PREPARED FOODS,2016-05-15,256.186,-6.443336272612819
25,PRODUCE,2013-10-13,187.0,7.700436170691129
25,PRODUCE,2013-12-29,256.0,23.944421961419128
25,PRODUCE,2014-01-05,7021.7004,672.245707348095
25,PRODUCE,2014-01-12,8933.13393,856.4234578250564
25,PRODUCE,2014-01-19,7836.465,750.7530207550443
25,PRODUCE,2014-01-26,7244.2363,373.5244892029595
25,PRODUCE,2014-02-02,5622.1607,221.08064132168448
25,PRODUCE,2014-02-23,32.0,-6.841263417548323
25,PRODUCE,2014-03-02,8139.637,76.34700554602402
25,PRODUCE,2014-03-09,11009.3874,34.37469400176327
25,PRODUCE,2014-07-06,6670.99297,29.40687843014051
25,PRODUCE,2014-07-13,7434.0509999999995,32.79290204974192
25,PRODUCE,2014-07-20,8012.737999999999,35.36079043217108
25,PRODUCE,2014-07-27,8901.6579,39.30531844838726
25,PRODUCE,2014-08-03,4442.1852,19.516679446491583
25,PRODUCE,2014-09-07,7150.597,108.69413990164699
25,PRODUCE,2014-09-14,6905.274,104.8415253301939
25,PRODUCE,2014-11-02,10696.943,6.133718305851251
25,PRODUCE,2014-12-28,20657.1267,39.88044872889991
25,PRODUCE,2015-01-04,16924.683,28.82933876195512
25,PRODUCE,2015-01-11,77.0,-20.781488290131808
25,PRODUCE,2015-01-18,76.0,-20.72412919738162
25,PRODUCE,2015-01-25,98.0,-19.640183304910217
25,PRODUCE,2015-06-07,8391.5379,223.40585188182922
25,PRODUCE,2015-06-14,8159.129,98.69797530137474
25,PRODUCE,2015-06-21,8295.233,92.00315886505689
25,PRODUCE,2015-06-28,7899.0,80.81436976621113
25,PRODUCE,2015-07-05,8970.435000000001,80.7514465092369
25,PRODUCE,2015-07-12,8545.8041,76.8810462627743
25,PRODUCE,2015-07-19,9047.5579,73.83223915943462
25,PRODUCE,2015-12-27,14868.522,6.752665091169564
25,PRODUCE,2016-01-03,27193.532,18.13759932935595
25,PRODUCE,2016-02-07,21372.917,10.771466497318949
25,PRODUCE,2016-08-28,0.0,-6.734257242406851
25,PRODUCE,2016-09-04,0.0,-6.371693571088656
25,PRODUCE,2016-09-11,0.0,-6.371693571088656
25,PRODUCE,2016-09-18,0.0,-5.155907025401742
25,PRODUCE,2016-09-25,0.0,-5.055016609134702
25,SCHOOL AND OFFICE SUPPLIES,2017-01-01,20.0,6.070416835289357
25,SCHOOL AND OFFICE SUPPLIES,2017-04-23,120.0,19.39160933495211
25,SEAFOOD,2013-12-29,105.0,8.575668227630995
25,SEAFOOD,2014-10-12,50.0,5.620756328971626
25,SEAFOOD,2014-12-28,112.512,14.75650883582895
25,SEAFOOD,2015-01-04,178.837,11.529070551733442
25,SEAFOOD,2015-02-15,116.664998,9.75752034713791
25,SEAFOOD,2016-01-03,108.666,7.194503863868493
25,SEAFOOD,2016-02-07,111.0,12.983947119924458
25,SEAFOOD,2016-02-14,70.163,6.097902333738028
25,SEAFOOD,2016-02-21,67.0,5.56454876568191
25,SEAFOOD,2017-01-01,167.644,10.565493052745179
26,AUTOMOTIVE,2014-01-26,35.0,10.117361392148927
26,AUTOMOTIVE,2015-07-05,24.0,5.395926075812762
26,AUTOMOTIVE,2015-09-27,24.0,6.070416835289357
26,AUTOMOTIVE,2015-10-04,32.0,10.791852151625523
26,AUTOMOTIVE,2015-10-11,27.0,7.4193983542425475
26,AUTOMOTIVE,2015-10-25,36.0,6.7449075947659525
26,BEAUTY,2014-12-21,13.0,5.395926075812762
26,BEAUTY,2014-12-28,19.0,9.442870632672333
26,BEAUTY,2015-01-04,13.0,5.395926075812762
26,BEAUTY,2015-10-04,16.0,7.4193983542425475
26,BEAUTY,2016-12-25,20.0,6.070416835289357
26,BEAUTY,2017-01-08,21.0,6.7449075947659525
26,BEVERAGES,2014-07-06,8160.0,10.698818943421855
26,BEVERAGES,2014-07-13,6202.0,6.558841178358615
26,BEVERAGES,2014-07-20,7096.0,8.292641876699706
26,BEVERAGES,2014-12-21,19969.0,11.737689768362817
26,BEVERAGES,2015-05-31,6837.0,7.1911871950211435
26,BEVERAGES,2015-06-07,7511.0,6.4667129624526485
26,BEVERAGES,2015-12-20,11323.0,8.678447771932191
26,BEVERAGES,2016-06-05,8711.0,6.921559936533632
26,BEVERAGES,2016-11-06,8346.0,5.249539345047237
26,BEVERAGES,2016-11-20,9710.0,6.249089884157329
26,BEVERAGES,2016-12-25,12875.0,5.693871858454185
26,BREAD/BAKERY,2014-12-28,2328.433,7.642269282508664
26,BREAD/BAKERY,2015-01-04,2242.593,5.8410007433171405
26,BREAD/BAKERY,2015-12-27,2113.0879999999997,5.238142567013209
26,BREAD/BAKERY,2016-06-05,1766.196,5.614637338751727
26,BREAD/BAKERY,2017-03-19,1763.0,5.050033378645277
26,BREAD/BAKERY,2017-04-16,1155.0,-5.465104615246259
26,CELEBRATION,2014-12-28,122.0,7.869058860560277
26,CELEBRATION,2015-01-11,0.0,-5.845586582130491
26,CELEBRATION,2015-01-18,0.0,-5.733171455551059
26,CELEBRATION,2015-01-25,0.0,-5.508341202392194
26,CELEBRATION,2017-04-02,23.0,-5.395926075812762
26,CELEBRATION,2017-07-16,71.0,5.395926075812762
26,CLEANING,2013-12-29,5725.0,5.847508208225866
26,CLEANING,2014-12-28,6647.0,8.734412712646556
26,CLEANING,2015-12-27,5103.0,6.3456090651558075
26,CLEANING,2016-12-25,5212.0,5.786665550268169
26,CLEANING,2017-07-02,5215.0,5.5449983088854875
26,DAIRY,2013-11-17,1829.0,6.1014279046905795
26,DAIRY,2013-11-24,1893.0,6.239039525158506
26,DAIRY,2013-12-01,1751.0,5.036686432178489
26,DAIRY,2013-12-08,2219.0,7.419398354242547
26,DAIRY,2013-12-22,2701.0,5.060279015409717
26,DAIRY,2014-12-14,3209.0,8.057570380516557
26,DAIRY,2015-12-20,4295.0,20.62937163292778
26,DAIRY,2015-12-27,2484.0,7.426573787854001
26,DAIRY,2016-01-03,2213.0,5.374399774978403
26,DAIRY,2016-12-25,2963.0,5.359357299696561
26,DELI,2013-06-02,875.624,5.320194746646791
26,DELI,2013-07-14,598.9,-5.979731944390919
26,DELI,2013-12-29,1108.001,7.954926775263381
26,DELI,2014-12-21,921.995,6.890740211903743
26,DELI,2014-12-28,1166.363,11.747216770192933
26,DELI,2015-01-04,970.769,7.497879276166391
26,DELI,2015-12-27,874.419004,6.439846229613554
26,EGGS,2014-07-06,414.0,6.014209271999641
26,EGGS,2016-06-05,322.0,5.32098265809314
26,EGGS,2017-01-08,323.0,6.475111290975314
26,FROZEN FOODS,2013-05-12,386.11199999999997,8.536840472467443
26,FROZEN FOODS,2013-12-08,890.8639999999999,11.637966341388353
26,FROZEN FOODS,2013-12-15,3620.862,60.545228609372074
26,FROZEN FOODS,2013-12-22,4340.15,65.75663204212226
26,FROZEN FOODS,2013-12-29,6193.60006,81.43982808433765
26,FROZEN FOODS,2014-01-05,1338.287001,14.38651303315247
26,FROZEN FOODS,2014-12-07,514.149996,5.273710779513894
26,FROZEN FOODS,2014-12-14,1087.210994,16.573609854747342
26,FROZEN FOODS,2014-12-21,7717.959,119.01223755328088
26,FROZEN FOODS,2014-12-28,5009.951999999999,75.80438151992777
26,FROZEN FOODS,2015-01-04,2143.665,29.991727121050225
26,FROZEN FOODS,2015-12-06,3371.1730000000002,62.11424315446306
26,FROZEN FOODS,2015-12-13,1536.634,21.507243050956106
26,FROZEN FOODS,2015-12-20,3366.04601,51.58824368959885
26,FROZEN FOODS,2015-12-27,9288.157,148.76997489754666
26,FROZEN FOODS,2016-01-03,4031.64397,46.21577261036506
26,FROZEN FOODS,2016-11-27,576.654,10.204788105470154
26,FROZEN FOODS,2016-12-04,461.634001,5.611695792140764
26,FROZEN FOODS,2016-12-11,616.33299,6.971576474030587
26,FROZEN FOODS,2016-12-18,4125.082,49.02825965042452
26,FROZEN FOODS,2016-12-25,6175.463,74.78422675743639
26,FROZEN FOODS,2017-01-01,4871.80203,52.84172578473307
26,GROCERY I,2013-12-22,21403.0,5.38924794948131
26,GROCERY I,2014-12-07,15000.0,5.30121035214158
26,GROCERY I,2014-12-14,29104.0,18.79485243959959
26,GROCERY I,2014-12-21,58781.0,45.23039464877043
26,GROCERY I,2014-12-28,22867.0,9.532659072432264
26,GROCERY I,2015-10-04,12162.0,5.31843888673451
26,GROCERY I,2015-12-06,22008.0,14.422936696307803
26,GROCERY I,2015-12-20,49468.0,45.321905272330206
26,GROCERY I,2015-12-27,20564.0,5.681972487009931
26,GROCERY I,2016-12-04,18708.0,5.71717190730301
26,GROCERY I,2016-12-11,19364.0,6.128768128899891
26,GROCERY I,2016-12-25,36508.0,12.282632709011073
26,GROCERY II,2016-12-25,70.0,12.140833670578713
26,GROCERY II,2017-07-16,128.0,13.085120733845947
26,GROCERY II,2017-07-23,142.0,7.284500202347228
26,GROCERY II,2017-07-30,213.0,11.938486442735735
26,GROCERY II,2017-08-06,162.0,7.664667721324946
26,HARDWARE,2015-08-02,13.0,5.395926075812762
26,HARDWARE,2017-05-07,18.0,7.4193983542425475
26,HOME AND KITCHEN I,2014-12-28,150.0,7.4193983542425475
26,HOME AND KITCHEN I,2015-12-20,149.0,5.59827330365574
26,HOME AND KITCHEN I,2015-12-27,230.0,6.576284904896803
26,HOME AND KITCHEN I,2016-01-03,220.0,6.070416835289357
26,HOME AND KITCHEN I,2016-07-10,204.0,8.40047582257214
26,HOME AND KITCHEN I,2016-07-17,259.0,7.840955078915419
26,HOME AND KITCHEN I,2016-12-25,282.0,11.185305094653536
26,HOME AND KITCHEN I,2017-01-01,327.0,7.4500570251278475
26,HOME AND KITCHEN II,2015-08-09,61.0,7.0821529745042495
26,HOME AND KITCHEN II,2015-08-23,70.0,6.744907594765952
26,HOME AND KITCHEN II,2015-09-06,80.0,6.7449075947659525
26,HOME AND KITCHEN II,2015-12-27,193.0,5.058680696074465
26,HOME AND KITCHEN II,2016-11-06,92.0,8.43113449345744
26,HOME AND KITCHEN II,2016-12-18,136.0,6.2203036707286
26,HOME CARE,2014-12-28,1296.0,5.3790638068258465
26,HOME CARE,2015-01-11,0.0,-5.547686496694996
26,HOME CARE,2015-01-18,0.0,-5.547686496694996
26,HOME CARE,2015-01-25,0.0,-5.454944017266964
26,HOME CARE,2015-02-01,0.0,-5.100836368541751
26,HOME CARE,2015-12-27,1010.0,5.477330132990971
26,HOME CARE,2016-12-25,969.0,6.4900999745192385
26,HOME CARE,2017-08-06,920.0,5.214965140343431
26,LADIESWEAR,2014-03-16,25.0,7.7566437339808445
26,LAWN AND GARDEN,2014-05-25,14.0,8.093889113719143
26,LAWN AND GARDEN,2015-02-15,14.0,8.768379873195737
26,LAWN AND GARDEN,2015-07-12,9.0,5.395926075812762
26,LAWN AND GARDEN,2015-07-19,16.0,5.058680696074464
26,LAWN AND GARDEN,2015-11-15,11.0,5.395926075812762
26,LAWN AND GARDEN,2016-02-28,12.0,5.395926075812762
26,LAWN AND GARDEN,2016-06-05,18.0,5.058680696074464
26,LAWN AND GARDEN,2016-10-02,15.0,8.093889113719143
26,LAWN AND GARDEN,2016-11-27,13.0,6.070416835289357
26,LAWN AND GARDEN,2016-12-04,20.0,5.395926075812762
26,LAWN AND GARDEN,2016-12-11,43.0,13.152569809793606
26,LAWN AND GARDEN,2016-12-18,42.0,12.478079050317012
26,LAWN AND GARDEN,2016-12-25,48.0,14.501551328746796
26,LAWN AND GARDEN,2017-01-01,51.0,7.7566437339808445
26,LAWN AND GARDEN,2017-01-08,44.0,6.576284904896803
26,LAWN AND GARDEN,2017-02-19,215.0,6.665555740709881
26,LAWN AND GARDEN,2017-05-14,326.0,19.290435721030622
26,LINGERIE,2015-04-26,35.0,6.070416835289357
26,LINGERIE,2015-09-27,4.0,-6.7449075947659525
26,LINGERIE,2016-12-25,39.0,6.295247088448222
26,"LIQUOR,WINE,BEER",2013-12-15,4965.0,120.65890252859091
26,"LIQUOR,WINE,BEER",2013-12-22,567.0,10.791852151625523
26,"LIQUOR,WINE,BEER",2013-12-29,887.0,18.78581670838517
26,"LIQUOR,WINE,BEER",2014-01-05,667.0,12.990192404734426
26,"LIQUOR,WINE,BEER",2014-12-14,3132.0,112.15282461741386
26,"LIQUOR,WINE,BEER",2014-12-21,298.0,5.024956158100634
26,"LIQUOR,WINE,BEER",2014-12-28,683.0,15.007419398354243
26,"LIQUOR,WINE,BEER",2015-01-04,873.0,17.736608860310465
26,"LIQUOR,WINE,BEER",2015-11-29,633.0,20.108255766895994
26,"LIQUOR,WINE,BEER",2015-12-06,342.0,7.714488061513558
26,"LIQUOR,WINE,BEER",2015-12-27,591.0,8.173240967775213
26,"LIQUOR,WINE,BEER",2016-01-03,631.0,8.74854190968172
26,"LIQUOR,WINE,BEER",2016-11-20,1601.0,54.034204175847236
26,"LIQUOR,WINE,BEER",2016-12-25,576.0,6.2352923542725245
26,"LIQUOR,WINE,BEER",2017-01-01,847.0,10.087384025061079
26,MEATS,2016-03-27,1323.015,-5.365701470188239
26,PERSONAL CARE,2013-10-13,639.0,-5.101602835313884
26,PERSONAL CARE,2013-11-17,1529.0,6.694002631786586
26,PERSONAL CARE,2013-12-29,2011.0,5.706311204067478
26,PERSONAL CARE,2014-12-28,2636.0,5.4882248113200855
26,PERSONAL CARE,2015-12-06,1302.0,6.668260917552703
26,PERSONAL CARE,2015-12-20,1327.0,11.887899635774989
26,PERSONAL CARE,2015-12-27,1955.0,16.003826202126486
26,PERSONAL CARE,2016-01-03,1501.0,5.904388340648964
26,PERSONAL CARE,2016-04-24,1912.0,8.688505967468245
26,PERSONAL CARE,2016-10-09,1947.0,5.5982733036557395
26,PERSONAL CARE,2016-12-04,2487.0,6.1614523979181
26,PERSONAL CARE,2016-12-18,2341.0,5.557307300472806
26,PERSONAL CARE,2017-03-26,2847.0,7.21663732838762
26,PLAYERS AND ELECTRONICS,2014-12-28,56.0,8.993210126354603
26,PLAYERS AND ELECTRONICS,2015-12-20,26.0,5.73317145555106
26,PLAYERS AND ELECTRONICS,2015-12-27,28.0,6.4076622150276545
26,PLAYERS AND ELECTRONICS,2016-01-03,32.0,7.4193983542425475
26,PLAYERS AND ELECTRONICS,2016-12-25,29.0,6.4076622150276545
26,POULTRY,2013-05-05,1458.804,5.1976179006728485
26,POULTRY,2013-12-22,2160.824,6.42060261536864
26,POULTRY,2014-12-28,2681.72804,10.57784182271973
26,POULTRY,2015-12-27,2802.67,15.97614529726757
26,POULTRY,2016-12-25,2441.541,9.1856111829646
26,PRODUCE,2014-01-05,2287.815,769.5315661675436
26,PRODUCE,2014-01-12,3826.8151,859.0348262062142
26,PRODUCE,2014-01-19,4104.98978,921.5769099330006
26,PRODUCE,2014-01-26,3955.517,887.9709069652412
26,PRODUCE,2014-02-02,2271.9168,509.2218175277665
26,PRODUCE,2014-03-02,1281.985,123.14129617852807
26,PRODUCE,2014-03-09,4043.3512,389.1186525601742
26,PRODUCE,2014-07-06,4072.936,549.0268447322272
26,PRODUCE,2014-07-13,3694.2540400000003,497.94334817213013
26,PRODUCE,2014-07-20,4435.334,597.913665182787
26,PRODUCE,2014-07-27,3153.321,424.9724807770134
26,PRODUCE,2014-08-03,2267.659,305.0936193174154
26,PRODUCE,2014-09-07,3722.179,626.6320990152435
26,PRODUCE,2014-09-14,3316.865,445.9550789154189
26,PRODUCE,2014-12-28,5898.32,6.085067687203731
26,PRODUCE,2015-01-11,5.0,-8.173822490517358
26,PRODUCE,2015-01-18,1.0,-6.130326521711249
26,PRODUCE,2015-06-07,4082.085,2751.979630379064
26,PRODUCE,2015-06-14,3553.28,2395.3055443140433
26,PRODUCE,2015-06-21,4098.108,2762.7869958181577
26,PRODUCE,2015-06-28,3590.58,2420.46404964252
26,PRODUCE,2015-07-05,3855.163,1299.1241737488197
26,PRODUCE,2015-07-12,3930.609,1324.5679886685552
26,PRODUCE,2015-07-19,3874.6639999999998,652.3445298799406
26,PRODUCE,2015-12-27,5718.369000000001,5.007649811723688
26,PRODUCE,2016-12-25,6071.231,11.675356943521813
26,PRODUCE,2017-01-01,5992.542,9.706805020196397
26,SCHOOL AND OFFICE SUPPLIES,2016-04-17,50.0,33.050047214353164
26,SCHOOL AND OFFICE SUPPLIES,2016-04-24,28.0,18.21125050586807
26,SCHOOL AND OFFICE SUPPLIES,2016-05-01,66.0,43.84189936597869
26,SCHOOL AND OFFICE SUPPLIES,2016-05-08,159.0,106.56953999730204
26,SCHOOL AND OFFICE SUPPLIES,2016-05-15,106.0,70.1470389855659
26,SCHOOL AND OFFICE SUPPLIES,2016-05-22,68.0,21.920949682989345
26,SCHOOL AND OFFICE SUPPLIES,2017-04-02,9.0,5.395926075812762
26,SCHOOL AND OFFICE SUPPLIES,2017-04-16,29.0,18.21125050586807
26,SCHOOL AND OFFICE SUPPLIES,2017-04-23,21.0,12.815324430055309
26,SCHOOL AND OFFICE SUPPLIES,2017-05-07,65.0,10.117361392148927
26,SEAFOOD,2016-10-02,32.0870003,6.215121619910529
27,AUTOMOTIVE,2013-09-29,14.0,-5.395926075812762
27,AUTOMOTIVE,2013-10-06,11.0,-7.4193983542425475
27,AUTOMOTIVE,2014-12-07,43.0,5.058680696074464
27,BEAUTY,2014-07-27,25.0,5.395926075812762
27,BEAUTY,2015-05-03,33.0,9.442870632672333
27,BEVERAGES,2013-05-05,9923.0,6.5252504270779985
27,BEVERAGES,2013-05-19,10562.0,5.928747045650283
27,BEVERAGES,2013-06-02,10626.0,5.179701765358542
27,BEVERAGES,2014-01-05,16552.0,8.102254890580868
27,BEVERAGES,2014-01-12,17831.0,9.347709920870209
27,BEVERAGES,2014-01-19,18656.0,5.3981375209258
27,BEVERAGES,2014-03-09,17773.0,6.177790924802447
27,BEVERAGES,2014-07-06,20107.0,15.812354125465463
27,BEVERAGES,2014-07-13,18999.0,14.049769782304926
27,BEVERAGES,2014-07-20,19779.0,14.946969754816246
27,BEVERAGES,2014-07-27,18694.0,13.101664846814241
27,BEVERAGES,2014-08-03,14807.0,6.620826747503748
27,BEVERAGES,2014-09-07,19158.0,10.134835246021378
27,BEVERAGES,2014-09-14,18546.0,5.464140827545172
27,BEVERAGES,2015-05-31,22368.0,5.683812873764992
27,BEVERAGES,2015-06-07,20890.0,5.001057421524218
27,BEVERAGES,2016-01-31,18663.0,-6.179638350318237
27,BEVERAGES,2016-02-07,18575.0,-6.348261040187387
27,BEVERAGES,2016-04-24,36613.0,8.81291227497127
27,BREAD/BAKERY,2013-05-05,4085.13,7.764241663830497
27,BREAD/BAKERY,2013-11-03,3128.7929999999997,-6.472201087924408
27,BREAD/BAKERY,2013-11-10,3064.714,-6.084680878041713
27,BREAD/BAKERY,2016-04-24,5462.281,6.5640124919062215
27,CELEBRATION,2016-12-18,162.0,7.4193983542425475
27,CELEBRATION,2016-12-25,194.0,8.43113449345744
27,CLEANING,2016-04-24,8903.0,5.071105525854296
27,CLEANING,2017-08-13,5356.0,-6.183652510237982
27,DAIRY,2013-11-03,2424.0,-5.30945290152089
27,DAIRY,2013-11-10,3614.0,5.119211918078774
27,DAIRY,2013-11-17,4059.0,8.326749018776539
27,DAIRY,2013-12-08,4346.0,5.117954126452711
27,DAIRY,2016-11-06,8292.0,5.779618424018011
27,DAIRY,2016-11-13,8292.0,5.134022748994722
27,DAIRY,2017-01-08,9406.0,7.17026212776921
27,DELI,2013-05-05,1695.442,8.537401371970406
27,EGGS,2015-08-09,1301.0,-5.002473132784748
27,EGGS,2016-11-06,1746.0,7.62467815060499
27,EGGS,2016-11-13,1718.0,6.803558965155222
27,FROZEN FOODS,2013-11-03,669.9,-5.038817448153139
27,FROZEN FOODS,2013-12-15,1600.587005,8.697659253189833
27,FROZEN FOODS,2013-12-22,2926.661,13.978061117733734
27,FROZEN FOODS,2013-12-29,2283.899,8.910871820884818
27,FROZEN FOODS,2014-12-14,2199.978,10.543583432771594
27,FROZEN FOODS,2014-12-21,3016.171,13.990983469849935
27,FROZEN FOODS,2014-12-28,3366.712,15.120707387174278
27,FROZEN FOODS,2015-01-04,2387.71103,5.4726487559641095
27,FROZEN FOODS,2015-08-09,921.957,-8.425491668317726
27,FROZEN FOODS,2015-12-13,1784.867,7.253116669362935
27,FROZEN FOODS,2015-12-20,5635.335,45.88942471713361
27,FROZEN FOODS,2015-12-27,4999.41,36.27618184560978
27,FROZEN FOODS,2016-01-03,2686.528,13.9869086538581
27,FROZEN FOODS,2016-12-18,4675.8809,12.280402162807746
27,FROZEN FOODS,2016-12-25,4803.903,11.022252154308774
27,GROCERY I,2014-11-09,23984.0,5.985727412574806
27,GROCERY I,2014-12-07,25313.0,6.602762847934107
27,GROCERY I,2016-04-17,31569.0,6.8263555355329375
27,GROCERY I,2016-04-24,41634.0,11.395244538134902
27,HARDWARE,2013-09-01,14.0,6.7449075947659525
27,HARDWARE,2015-06-28,24.0,5.058680696074464
27,HARDWARE,2016-12-25,34.0,6.070416835289357
27,HARDWARE,2017-06-25,15.0,-5.395926075812762
27,HARDWARE,2017-07-16,10.0,-8.093889113719143
27,HARDWARE,2017-08-06,12.0,-6.7449075947659525
27,HOME AND KITCHEN I,2015-12-27,180.0,6.145360253008978
27,HOME AND KITCHEN I,2016-05-08,224.0,6.295247088448223
27,HOME AND KITCHEN I,2016-12-25,221.0,5.171095822653896
27,HOME AND KITCHEN I,2017-01-01,295.0,5.3316888606245145
27,HOME AND KITCHEN I,2017-01-15,523.0,6.833656378907609
27,HOME AND KITCHEN I,2017-07-02,299.0,5.324927048499435
27,HOME AND KITCHEN I,2017-07-09,397.0,8.30688619565912
27,HOME AND KITCHEN II,2014-12-28,135.0,5.986105490354783
27,HOME AND KITCHEN II,2015-02-08,742.0,23.323180472427527
27,HOME AND KITCHEN II,2015-02-22,428.0,8.560844254895247
27,HOME AND KITCHEN II,2015-07-19,440.0,14.703898556589776
27,HOME AND KITCHEN II,2015-08-16,250.0,5.440892126444535
27,HOME AND KITCHEN II,2015-10-25,477.0,5.7249459584842715
27,HOME AND KITCHEN II,2016-12-18,388.0,12.622612784490567
27,HOME APPLIANCES,2016-09-04,8.0,5.395926075812762
27,HOME CARE,2015-01-04,578.0,-8.147420126376016
27,HOME CARE,2015-01-11,0.0,-14.110774936351628
27,HOME CARE,2015-01-18,0.0,-13.83241367053589
27,HOME CARE,2015-01-25,0.0,-13.725351645222144
27,HOME CARE,2015-02-01,0.0,-10.608657130533114
27,HOME CARE,2015-02-08,0.0,-7.883497500671397
27,HOME CARE,2015-02-15,0.0,-5.754103927396885
27,HOME CARE,2016-04-24,2379.0,12.936732766761097
27,HOME CARE,2016-11-06,1859.0,5.119998037845064
27,HOME CARE,2016-11-20,1906.0,5.62586610745251
27,LADIESWEAR,2014-09-28,37.0,5.56454876568191
27,LADIESWEAR,2014-10-12,55.0,5.508341202392194
27,LAWN AND GARDEN,2014-05-11,94.0,5.058680696074464
27,LAWN AND GARDEN,2016-12-04,190.0,7.554296506137867
27,LAWN AND GARDEN,2016-12-11,266.0,10.510814335176942
27,LAWN AND GARDEN,2016-12-18,289.0,11.803588290840416
27,LAWN AND GARDEN,2016-12-25,299.0,9.39790458204056
27,LAWN AND GARDEN,2017-01-01,306.0,7.284500202347228
27,LAWN AND GARDEN,2017-05-14,650.0,9.539226455454703
27,"LIQUOR,WINE,BEER",2013-07-14,1319.0,13.197535860425381
27,"LIQUOR,WINE,BEER",2013-07-21,1204.0,5.28351094923333
27,"LIQUOR,WINE,BEER",2013-07-28,1958.0,8.35116909413805
27,"LIQUOR,WINE,BEER",2013-12-29,3494.0,8.573681509635483
27,"LIQUOR,WINE,BEER",2014-01-05,2519.0,5.065634209058759
27,"LIQUOR,WINE,BEER",2014-12-21,1689.0,5.404151572879549
27,"LIQUOR,WINE,BEER",2014-12-28,2225.0,5.570614330065692
27,"LIQUOR,WINE,BEER",2015-01-04,2404.0,5.656330736117017
27,MAGAZINES,2014-03-30,13.0,8.093889113719143
27,MAGAZINES,2015-04-19,11.0,7.4193983542425475
27,MAGAZINES,2015-04-26,15.0,10.117361392148927
27,MAGAZINES,2015-05-10,15.0,10.117361392148927
27,MAGAZINES,2015-05-17,18.0,12.140833670578713
27,MAGAZINES,2015-10-04,36.0,5.845586582130491
27,MAGAZINES,2015-10-11,43.0,6.969737847924817
27,MAGAZINES,2015-10-25,44.0,7.194568101083682
27,MAGAZINES,2016-05-29,18.0,-5.395926075812762
27,MAGAZINES,2017-04-16,63.0,10.454606771887226
27,MEATS,2013-11-24,1318.684,-7.30152774073187
27,MEATS,2015-01-04,1377.114,-5.767765396490616
27,MEATS,2016-04-24,2779.629,6.479078832672528
27,PERSONAL CARE,2016-04-24,2746.0,6.940913456494194
27,PERSONAL CARE,2017-01-08,2287.0,5.599841886817313
27,PET SUPPLIES,2015-08-16,104.0,5.492281898595133
27,PET SUPPLIES,2015-12-13,39.0,-8.093889113719143
27,PET SUPPLIES,2016-01-10,63.0,8.093889113719143
27,PET SUPPLIES,2016-01-17,85.0,11.12909753136382
27,PET SUPPLIES,2016-01-24,75.0,7.7566437339808445
27,PET SUPPLIES,2016-01-31,70.0,6.070416835289357
27,PET SUPPLIES,2017-02-05,100.0,6.913530284635101
27,PET SUPPLIES,2017-02-12,98.0,6.576284904896803
27,PLAYERS AND ELECTRONICS,2015-01-11,0.0,-5.620756328971626
27,PLAYERS AND ELECTRONICS,2015-01-18,0.0,-5.058680696074464
27,PLAYERS AND ELECTRONICS,2015-12-27,117.0,5.492281898595133
27,PLAYERS AND ELECTRONICS,2016-04-17,127.0,10.623229461756374
27,PLAYERS AND ELECTRONICS,2016-04-24,145.0,13.489815189531905
27,POULTRY,2013-11-10,2331.8450199999997,5.280067216634807
27,POULTRY,2013-11-17,2418.308,6.077879155572282
27,POULTRY,2013-12-08,2470.556,5.353607715127614
27,POULTRY,2013-12-22,2621.281,5.546541362477318
27,PREPARED FOODS,2013-10-06,400.867001,-5.525143220249028
27,PREPARED FOODS,2016-04-24,818.216,5.963264813167767
27,PRODUCE,2014-01-05,10116.737,565.6581343585592
27,PRODUCE,2014-01-12,15557.294600000001,804.4233415309905
27,PRODUCE,2014-01-19,15242.3197,682.9587526417556
27,PRODUCE,2014-01-26,13813.472999999998,488.24160259004447
27,PRODUCE,2014-02-02,9623.0707,306.9919221701901
27,PRODUCE,2014-03-02,4974.145,118.20799849684919
27,PRODUCE,2014-03-09,16329.268100000001,274.20187677053826
27,PRODUCE,2014-07-06,15290.548999999999,540.2510880600936
27,PRODUCE,2014-07-13,15488.797,547.2887956434997
27,PRODUCE,2014-07-20,16391.8839,579.2769423558898
27,PRODUCE,2014-07-27,15582.222,550.4633396522468
27,PRODUCE,2014-08-03,8571.363000000001,301.33275824121216
27,PRODUCE,2014-09-07,16429.3711,479.28055589768866
27,PRODUCE,2014-09-14,16030.688,214.57828139754486
27,PRODUCE,2014-11-09,17981.888,5.837724526867409
27,PRODUCE,2015-01-04,9216.387,-8.76196912032906
27,PRODUCE,2015-01-11,74.0,-15.676771209153602
27,PRODUCE,2015-01-18,67.0,-15.683325990629667
27,PRODUCE,2015-01-25,76.0,-15.18571600928471
27,PRODUCE,2015-02-01,85.0,-14.328503849437004
27,PRODUCE,2015-02-08,54.0,-8.626982573074033
27,PRODUCE,2015-02-15,131.0,-8.58071791111944
27,PRODUCE,2015-06-07,20360.639,1052.8094615488385
27,PRODUCE,2015-06-14,19562.299,1011.3884651703349
27,PRODUCE,2015-06-21,19834.0891,1025.1786933557473
27,PRODUCE,2015-06-28,19274.0501,809.264556353703
27,PRODUCE,2015-07-05,20488.473,859.995657965736
27,PRODUCE,2015-07-12,20287.7969,851.5360220221233
27,PRODUCE,2015-07-19,20061.347,841.9055628625389
27,PRODUCE,2016-04-24,22795.994,5.14296528260821
27,PRODUCE,2017-01-08,26384.463,6.837737853845104
27,SCHOOL AND OFFICE SUPPLIES,2016-04-03,10.0,6.070416835289357
27,SCHOOL AND OFFICE SUPPLIES,2016-04-10,11.0,6.7449075947659525
27,SCHOOL AND OFFICE SUPPLIES,2016-04-17,13.0,8.093889113719143
27,SCHOOL AND OFFICE SUPPLIES,2016-04-24,14.0,8.768379873195737
27,SCHOOL AND OFFICE SUPPLIES,2016-05-01,19.0,5.73317145555106
27,SCHOOL AND OFFICE SUPPLIES,2016-05-08,34.0,6.969737847924817
27,SCHOOL AND OFFICE SUPPLIES,2017-04-09,73.0,11.12909753136382
27,SCHOOL AND OFFICE SUPPLIES,2017-04-16,90.0,13.995683259139351
27,SCHOOL AND OFFICE SUPPLIES,2017-04-30,93.0,14.501551328746796
27,SEAFOOD,2013-06-16,83.4300005,-5.1338538568643415
27,SEAFOOD,2014-12-21,126.819,-6.204628014338154
27,SEAFOOD,2016-10-16,214.00400000000002,5.562495941695471
27,SEAFOOD,2016-11-13,243.274,5.400431876387311
28,AUTOMOTIVE,2015-07-05,74.0,5.73317145555106
28,BABY CARE,2017-02-05,9.0,5.395926075812762
28,BEAUTY,2014-09-07,24.0,5.395926075812762
28,BEAUTY,2015-04-26,1.0,-5.395926075812762
28,BEAUTY,2017-02-05,56.0,12.140833670578713
28,BEAUTY,2017-02-12,39.0,6.4076622150276545
28,BEAUTY,2017-05-28,28.0,7.4193983542425475
28,BEAUTY,2017-06-04,36.0,12.140833670578713
28,BEVERAGES,2014-01-05,14870.0,6.225034318358743
28,BEVERAGES,2014-01-12,15773.0,6.7673159256455735
28,BEVERAGES,2014-01-19,15583.0,6.5626531702783675
28,BEVERAGES,2014-01-26,14203.0,5.382843280909121
28,BEVERAGES,2014-07-06,19038.0,11.762510282180562
28,BEVERAGES,2014-07-13,18000.0,10.709696134305817
28,BEVERAGES,2014-07-20,18733.0,11.432871941082979
28,BEVERAGES,2014-07-27,16122.0,8.546254344886904
28,BEVERAGES,2014-08-03,12896.0,5.083530355634128
28,BEVERAGES,2014-09-07,20038.0,10.323646002597988
28,BEVERAGES,2014-09-14,17185.0,5.656385166903906
28,BEVERAGES,2015-05-31,23053.0,9.353866914859891
28,BEVERAGES,2015-06-07,22896.0,9.230351551365075
28,BEVERAGES,2015-06-14,20213.0,7.45330453245681
28,BEVERAGES,2016-04-24,42576.0,9.486568894234106
28,CELEBRATION,2016-06-05,107.0,6.239039525158506
28,CELEBRATION,2016-06-19,100.0,5.73317145555106
28,CELEBRATION,2016-07-03,106.0,6.070416835289357
28,DAIRY,2013-11-10,3416.0,24.429726288359607
28,DAIRY,2013-11-17,3659.0,23.31040064751113
28,DAIRY,2013-11-24,3768.0,15.110238111689089
28,DAIRY,2013-12-01,3627.0,7.670053704048039
28,DAIRY,2013-12-08,4185.0,7.913789486843192
28,DAIRY,2013-12-15,4142.0,6.229120543401497
28,DELI,2014-03-09,1909.87798,6.529590195596757
28,DELI,2014-05-04,1912.934,5.0328901667377375
28,DELI,2014-05-18,2084.8509999999997,5.215656589697993
28,DELI,2016-07-03,3268.562,5.282717835300617
28,FROZEN FOODS,2013-12-15,1126.471001,30.272077933093
28,FROZEN FOODS,2013-12-22,2724.4630500000003,51.371403693280065
28,FROZEN FOODS,2013-12-29,3303.4539800000002,52.87944749463416
28,FROZEN FOODS,2014-01-05,1309.598958,15.186193663243605
28,FROZEN FOODS,2014-12-14,1336.446,14.148636017383502
28,FROZEN FOODS,2014-12-21,4438.2731,62.476650424381084
28,FROZEN FOODS,2014-12-28,6348.0621,82.265834922457
28,FROZEN FOODS,2015-01-04,2575.031,29.513120465513335
28,FROZEN FOODS,2015-12-13,1124.3719999999998,6.253843608440815
28,FROZEN FOODS,2015-12-20,2906.632,27.09897532539025
28,FROZEN FOODS,2015-12-27,6800.317,57.1068720209078
28,FROZEN FOODS,2016-01-03,3074.39997,19.37890388354468
28,FROZEN FOODS,2016-12-11,1111.655,5.311025211223942
28,FROZEN FOODS,2016-12-18,2914.969,23.306436265809012
28,FROZEN FOODS,2016-12-25,6973.7649,59.58239868814282
28,FROZEN FOODS,2017-01-01,3846.508,30.374941514889215
28,GROCERY I,2014-12-21,33424.689,7.146179568199906
28,GROCERY I,2015-04-05,30392.444,8.732745699740748
28,GROCERY I,2015-04-12,30941.77,9.595526816071061
28,GROCERY I,2015-04-26,20788.898,-6.7642104857991
28,GROCERY I,2015-05-17,35420.325,15.621956407687577
28,GROCERY I,2016-04-24,63418.57,16.919312408149633
28,GROCERY II,2015-01-04,77.0,6.7449075947659525
28,GROCERY II,2015-08-23,92.0,5.171095822653896
28,GROCERY II,2016-01-03,119.0,7.033975063113064
28,GROCERY II,2017-04-16,24.0,-18.885741265344667
28,GROCERY II,2017-04-30,74.0,7.4193983542425475
28,GROCERY II,2017-05-07,101.0,16.525023607176582
28,GROCERY II,2017-05-21,91.0,8.768379873195737
28,GROCERY II,2017-05-28,94.0,5.6657223796034
28,HARDWARE,2014-06-08,15.0,5.395926075812762
28,HARDWARE,2015-12-20,22.0,8.093889113719143
28,HOME AND KITCHEN I,2014-11-09,203.0,6.45584012641884
28,HOME AND KITCHEN I,2014-11-16,231.0,7.672332389046271
28,HOME AND KITCHEN I,2015-11-22,1215.0,30.117478694889712
28,HOME AND KITCHEN I,2016-11-20,721.0,9.78011601241063
28,HOME AND KITCHEN II,2014-12-14,182.0,6.867542278307152
28,HOME APPLIANCES,2015-01-11,10.0,6.7449075947659525
28,HOME APPLIANCES,2015-11-22,11.0,6.070416835289357
28,HOME CARE,2015-01-04,873.0,-5.077770057191726
28,HOME CARE,2015-01-11,0.0,-10.378249327418176
28,HOME CARE,2015-01-18,0.0,-9.091689493440716
28,HOME CARE,2015-01-25,0.0,-8.902163164331592
28,HOME CARE,2015-02-01,0.0,-8.686788249065504
28,HOME CARE,2015-02-08,0.0,-5.620756328971627
28,HOME CARE,2015-02-15,0.0,-5.609877445754262
28,HOME CARE,2016-04-24,3823.0,5.772316008556397
28,LAWN AND GARDEN,2014-08-17,20.0,12.815324430055309
28,LAWN AND GARDEN,2014-08-24,26.0,16.86226898691488
28,LAWN AND GARDEN,2014-08-31,24.0,7.7566437339808445
28,LAWN AND GARDEN,2014-09-07,18.0,5.395926075812762
28,LAWN AND GARDEN,2017-05-14,163.0,10.538918116821801
28,LINGERIE,2015-10-04,87.0,11.803588290840416
28,LINGERIE,2016-05-01,70.0,7.925266423849994
28,LINGERIE,2016-05-08,87.0,7.194568101083682
28,LINGERIE,2016-10-09,75.0,6.0704168352893575
28,"LIQUOR,WINE,BEER",2013-09-22,1726.0,7.87293524423543
28,"LIQUOR,WINE,BEER",2013-11-03,5581.0,12.3589021116125
28,"LIQUOR,WINE,BEER",2014-12-28,2587.0,9.659119578458721
28,"LIQUOR,WINE,BEER",2015-01-04,2621.0,8.28274652637259
28,"LIQUOR,WINE,BEER",2016-01-03,1735.0,6.994043821239289
28,"LIQUOR,WINE,BEER",2016-05-08,1132.0,5.612726677073096
28,"LIQUOR,WINE,BEER",2016-05-15,1260.0,7.154419841591028
28,"LIQUOR,WINE,BEER",2016-12-25,1190.0,10.004946265569496
28,"LIQUOR,WINE,BEER",2017-01-01,1291.0,11.897267562989944
28,MAGAZINES,2015-10-18,18.0,10.791852151625523
28,MAGAZINES,2015-10-25,26.0,16.187778227438287
28,MEATS,2015-11-29,1338.54398,-5.3598995813094605
28,MEATS,2015-12-13,1265.4569999999999,-6.451921144249561
28,MEATS,2015-12-27,1048.101,-7.789316376509856
28,MEATS,2016-01-03,959.433,-9.11479746908162
28,PERSONAL CARE,2015-04-19,3011.0,6.326913321287499
28,PERSONAL CARE,2016-04-24,5494.0,16.311884527181977
28,PERSONAL CARE,2016-06-05,3699.0,8.810979289583734
28,PET SUPPLIES,2014-11-09,32.0,5.395926075812762
28,PET SUPPLIES,2016-12-04,49.0,7.7566437339808445
28,PET SUPPLIES,2016-12-25,44.0,5.058680696074464
28,PET SUPPLIES,2017-02-05,84.0,6.475111290975314
28,PLAYERS AND ELECTRONICS,2014-10-12,26.0,8.768379873195737
28,PLAYERS AND ELECTRONICS,2014-10-19,27.0,9.442870632672333
28,PLAYERS AND ELECTRONICS,2014-10-26,25.0,8.093889113719143
28,PLAYERS AND ELECTRONICS,2014-11-09,33.0,13.489815189531905
28,PLAYERS AND ELECTRONICS,2015-08-02,36.0,9.442870632672333
28,PLAYERS AND ELECTRONICS,2016-04-03,73.0,7.644228607401412
28,PLAYERS AND ELECTRONICS,2016-04-17,90.0,11.466342911102117
28,POULTRY,2013-12-22,2186.03499,5.106997866620689
28,PRODUCE,2015-01-04,5861.739,-7.888035798774166
28,PRODUCE,2015-01-11,0.0,-20.471546696314487
28,PRODUCE,2015-01-18,0.0,-16.278508139902403
28,PRODUCE,2015-01-25,0.0,-16.25496476329424
28,PRODUCE,2015-02-01,0.0,-15.97711967675778
28,PRODUCE,2015-02-08,0.0,-11.345420574945809
28,PRODUCE,2015-02-15,0.0,-11.24464033904413
28,SCHOOL AND OFFICE SUPPLIES,2015-10-11,25.0,6.4076622150276545
28,SCHOOL AND OFFICE SUPPLIES,2015-10-18,34.0,6.295247088448222
28,SCHOOL AND OFFICE SUPPLIES,2015-11-08,31.0,5.620756328971626
28,SCHOOL AND OFFICE SUPPLIES,2016-04-17,44.0,6.070416835289357
28,SCHOOL AND OFFICE SUPPLIES,2016-04-24,180.0,23.202482125994877
28,SCHOOL AND OFFICE SUPPLIES,2016-05-01,328.0,42.76271415081614
28,SCHOOL AND OFFICE SUPPLIES,2016-05-08,319.0,41.41373263186295
28,SCHOOL AND OFFICE SUPPLIES,2016-05-15,179.0,22.258195062727644
28,SCHOOL AND OFFICE SUPPLIES,2017-03-26,50.0,6.576284904896803
28,SCHOOL AND OFFICE SUPPLIES,2017-04-02,609.0,100.83636854175099
28,SCHOOL AND OFFICE SUPPLIES,2017-04-09,492.0,81.10751382706057
28,SCHOOL AND OFFICE SUPPLIES,2017-04-16,432.0,55.982733036557406
28,SCHOOL AND OFFICE SUPPLIES,2017-04-23,461.0,59.894779441521656
28,SCHOOL AND OFFICE SUPPLIES,2017-04-30,537.0,58.11862044156662
28,SCHOOL AND OFFICE SUPPLIES,2017-05-07,237.0,24.056837087998563
28,SEAFOOD,2014-09-14,59.059,6.4334250926330645
29,AUTOMOTIVE,2015-08-16,17.0,-5.058680696074464
29,BEVERAGES,2016-04-24,36730.0,13.058542287561739
29,BEVERAGES,2016-09-04,26887.0,5.170691087724718
29,BREAD/BAKERY,2016-04-24,4761.0,8.22878726561446
29,CELEBRATION,2016-08-21,111.0,5.126129772022124
29,CLEANING,2016-04-24,10764.0,10.943612572507757
29,DAIRY,2017-05-07,7243.0,9.57159024325947
29,FROZEN FOODS,2015-12-13,1236.74099,9.75020527113053
29,FROZEN FOODS,2015-12-20,3128.507,34.48869016351562
29,FROZEN FOODS,2015-12-27,3745.98698,29.90072205662261
29,FROZEN FOODS,2016-01-03,2182.027002,15.22127303131003
29,FROZEN FOODS,2016-09-11,621.3109999999999,5.596389136215945
29,FROZEN FOODS,2016-10-02,520.587996,-5.053996429307129
29,FROZEN FOODS,2016-12-11,1082.55,7.979068703002619
29,FROZEN FOODS,2016-12-18,2424.66504,27.7433626778195
29,FROZEN FOODS,2016-12-25,5261.4449,67.63995335703116
29,FROZEN FOODS,2017-01-01,3269.297,38.73869557859918
29,FROZEN FOODS,2017-01-08,1008.5699999999999,5.035250841031455
29,GROCERY I,2016-04-17,27729.549,7.280847783049998
29,GROCERY I,2016-04-24,60626.737,25.391640418742398
29,GROCERY I,2016-12-18,34037.609,5.179086404482151
29,GROCERY I,2016-12-25,37293.181,5.127580575272786
29,GROCERY I,2017-07-23,23185.007,-6.904176336420456
29,GROCERY II,2015-08-23,94.0,6.295247088448222
29,GROCERY II,2015-09-06,97.0,6.744907594765952
29,GROCERY II,2016-01-03,178.0,7.869058860560277
29,GROCERY II,2016-12-25,118.0,13.939475695849634
29,GROCERY II,2017-01-01,131.0,7.226686708677805
29,HOME AND KITCHEN II,2015-10-11,260.0,5.76383012643636
29,HOME AND KITCHEN II,2015-10-25,269.0,5.777159983343012
29,HOME CARE,2016-04-24,3703.0,11.568051835150177
29,LAWN AND GARDEN,2015-12-06,16.0,5.058680696074464
29,LAWN AND GARDEN,2016-12-04,23.0,6.7449075947659525
29,LAWN AND GARDEN,2016-12-11,37.0,11.46634291110212
29,LAWN AND GARDEN,2017-02-19,90.0,18.436080759026936
29,LAWN AND GARDEN,2017-03-12,39.0,6.744907594765952
29,LAWN AND GARDEN,2017-03-19,34.0,5.620756328971626
29,LAWN AND GARDEN,2017-04-23,41.0,6.295247088448222
29,LAWN AND GARDEN,2017-05-14,109.0,5.935518683394038
29,LINGERIE,2016-05-01,59.0,7.644228607401412
29,LINGERIE,2016-05-08,54.0,6.520077341607086
29,LINGERIE,2016-05-15,67.0,9.442870632672333
29,LINGERIE,2016-12-25,58.0,7.644228607401412
29,"LIQUOR,WINE,BEER",2015-10-11,1295.0,6.7355396675509995
29,"LIQUOR,WINE,BEER",2015-12-27,1606.0,10.435335607330751
29,"LIQUOR,WINE,BEER",2016-01-03,1723.0,8.43113449345744
29,"LIQUOR,WINE,BEER",2016-02-07,1727.0,11.707232468058045
29,"LIQUOR,WINE,BEER",2016-05-08,1480.0,7.330008012625167
29,"LIQUOR,WINE,BEER",2016-05-15,3809.0,26.25638125143228
29,"LIQUOR,WINE,BEER",2016-06-19,4427.0,10.24518826995296
29,"LIQUOR,WINE,BEER",2017-01-01,3451.0,10.31007303771367
29,MAGAZINES,2015-10-18,18.0,10.117361392148927
29,MAGAZINES,2016-02-28,24.0,5.73317145555106
29,MAGAZINES,2016-08-14,26.0,6.4076622150276545
29,MEATS,2016-12-25,654.599,-5.5450562191526345
29,MEATS,2017-01-01,652.979,-5.092667495423955
29,PERSONAL CARE,2016-04-24,5388.0,12.287614043107299
29,PERSONAL CARE,2017-01-08,2808.0,8.857770214813119
29,PERSONAL CARE,2017-02-05,2499.0,5.891636152054597
29,PLAYERS AND ELECTRONICS,2016-12-25,93.0,5.2995702530303905
29,PLAYERS AND ELECTRONICS,2017-05-28,29.0,-6.520077341607086
29,PLAYERS AND ELECTRONICS,2017-06-04,33.0,-5.620756328971626
29,POULTRY,2015-09-06,1572.06399,5.027869226758805
29,POULTRY,2017-01-08,1659.56799,5.193619514698236
29,PREPARED FOODS,2015-07-05,567.966996,5.313866504202708
29,SCHOOL AND OFFICE SUPPLIES,2016-04-17,57.0,10.342191645307793
29,SCHOOL AND OFFICE SUPPLIES,2016-04-24,80.0,11.634965600971267
29,SCHOOL AND OFFICE SUPPLIES,2016-05-01,150.0,23.269931201942534
29,SCHOOL AND OFFICE SUPPLIES,2016-05-08,134.0,20.571968164036154
29,SCHOOL AND OFFICE SUPPLIES,2016-05-15,63.0,8.43113449345744
29,SCHOOL AND OFFICE SUPPLIES,2017-03-26,112.0,17.536759746391475
29,SCHOOL AND OFFICE SUPPLIES,2017-04-02,323.0,52.77890192904358
29,SCHOOL AND OFFICE SUPPLIES,2017-04-09,191.0,24.28166734115743
29,SCHOOL AND OFFICE SUPPLIES,2017-04-16,167.0,21.04411169566977
29,SCHOOL AND OFFICE SUPPLIES,2017-04-23,244.0,30.89167678402806
29,SCHOOL AND OFFICE SUPPLIES,2017-04-30,323.0,15.565171372536813
29,SCHOOL AND OFFICE SUPPLIES,2017-05-14,33.0,-9.712666936462972
30,AUTOMOTIVE,2013-12-22,10.0,-6.070416835289357
30,AUTOMOTIVE,2013-12-29,28.0,6.070416835289357
30,BEAUTY,2015-06-07,15.0,8.768379873195737
30,BEVERAGES,2013-07-14,0.0,-10.384418647170117
30,BEVERAGES,2013-07-21,0.0,-10.172142367537889
30,BEVERAGES,2013-07-28,0.0,-10.165294745614268
30,BEVERAGES,2014-01-05,6270.0,7.967914185879156
30,BEVERAGES,2014-01-12,7690.0,11.314123206628802
30,BEVERAGES,2014-01-19,7653.0,11.146156636175487
30,BEVERAGES,2014-01-26,7492.0,10.66062826845887
30,BEVERAGES,2014-07-06,8439.0,12.987360534699135
30,BEVERAGES,2014-07-13,6904.0,8.773841336835224
30,BEVERAGES,2014-07-20,7786.0,11.084040456338055
30,BEVERAGES,2014-07-27,7128.0,9.235335014371842
30,BEVERAGES,2014-09-07,7953.0,6.5444693030347
30,BEVERAGES,2014-09-14,7362.0,5.1669704969078625
30,BEVERAGES,2016-04-24,18417.0,22.36840597113885
30,BEVERAGES,2017-07-23,12136.0,5.506328655369033
30,BREAD/BAKERY,2013-05-05,1081.0,6.960291198632428
30,BREAD/BAKERY,2013-06-02,1227.0,5.437221428433778
30,BREAD/BAKERY,2013-07-14,0.0,-5.2662163143749545
30,BREAD/BAKERY,2016-04-24,1568.0,5.561784459290613
30,BREAD/BAKERY,2017-02-26,609.0,-5.0146921682825125
30,BREAD/BAKERY,2017-04-09,392.0,-6.364912800694631
30,CELEBRATION,2015-01-11,0.0,-6.520077341607086
30,CELEBRATION,2017-02-26,7.0,-6.7449075947659525
30,CELEBRATION,2017-03-26,47.0,12.815324430055309
30,CELEBRATION,2017-04-09,8.0,-13.489815189531905
30,CELEBRATION,2017-04-16,17.0,-6.7449075947659525
30,CELEBRATION,2017-04-23,11.0,-10.791852151625523
30,CLEANING,2013-07-14,0.0,-20.48131080389145
30,CLEANING,2013-07-21,0.0,-11.270780501549734
30,CLEANING,2013-07-28,0.0,-10.979432422012506
30,CLEANING,2014-07-20,4732.0,9.894301455944069
30,CLEANING,2015-07-05,4179.0,7.787302404866145
30,CLEANING,2016-04-24,5880.0,11.54128632882174
30,CLEANING,2017-02-26,2106.0,-5.700108183027697
30,CLEANING,2017-04-09,1510.0,-5.491866571772794
30,CLEANING,2017-05-14,8045.0,15.22378001868863
30,CLEANING,2017-05-21,6086.0,8.67534666499207
30,CLEANING,2017-05-28,9530.0,14.598069366719036
30,CLEANING,2017-06-25,7436.0,5.160307422790227
30,CLEANING,2017-07-02,13804.0,8.60424523971094
30,DAIRY,2013-07-14,0.0,-15.8083771752327
30,DAIRY,2013-07-21,0.0,-15.471131795494403
30,DAIRY,2013-07-28,0.0,-11.787528987043354
30,DAIRY,2013-12-08,1569.0,6.429006859314888
30,DAIRY,2013-12-15,1688.0,6.392999372430338
30,DAIRY,2016-11-13,2309.0,6.331954068555792
30,DELI,2013-07-14,0.0,-7.485524899289272
30,DELI,2013-07-21,0.0,-7.485524899289272
30,DELI,2013-07-28,0.0,-6.697574909890401
30,DELI,2017-02-26,546.0,-7.5384261353266515
30,DELI,2017-04-09,370.0,-5.6657223796034
30,EGGS,2013-04-28,349.0,6.239039525158506
30,EGGS,2013-05-05,366.0,6.475111290975314
30,EGGS,2013-05-12,403.0,9.555285759251765
30,EGGS,2013-05-19,487.0,7.944002278279899
30,EGGS,2013-07-14,0.0,-14.203981876036533
30,EGGS,2013-07-21,0.0,-7.789280383632938
30,EGGS,2013-07-28,0.0,-5.030576914429606
30,EGGS,2016-12-18,1468.0,5.48895928401643
30,FROZEN FOODS,2013-12-15,730.557017,31.950215822737817
30,FROZEN FOODS,2013-12-22,5078.817,291.0340603766743
30,FROZEN FOODS,2013-12-29,2329.07604,99.13782513955604
30,FROZEN FOODS,2014-01-05,702.70398,23.494948185771005
30,FROZEN FOODS,2014-01-12,322.0,5.312420345571658
30,FROZEN FOODS,2014-12-14,1275.749028,35.76125235461542
30,FROZEN FOODS,2014-12-21,4596.615,159.31429799795862
30,FROZEN FOODS,2014-12-28,2393.172,60.54562086414661
30,FROZEN FOODS,2015-01-04,940.737002,12.543679491687238
30,FROZEN FOODS,2015-12-20,4465.623,113.6431789667466
30,FROZEN FOODS,2015-12-27,2383.26498,51.40753563813675
30,FROZEN FOODS,2016-01-03,1089.892,18.17369852339022
30,FROZEN FOODS,2016-12-18,4327.8470099999995,63.96330505345772
30,FROZEN FOODS,2016-12-25,1737.976,19.109227105128152
30,FROZEN FOODS,2017-01-01,1372.790995,12.756718903420019
30,GROCERY I,2013-07-14,0.0,-8.08628207507843
30,GROCERY I,2013-07-21,0.0,-6.544475756503637
30,GROCERY I,2013-07-28,0.0,-5.35062445763896
30,GROCERY I,2014-12-21,15009.0,6.206762910103052
30,GROCERY I,2015-12-20,16309.871,7.613558807591793
30,GROCERY I,2015-12-27,15009.856,5.755829772250764
30,GROCERY I,2016-04-17,12836.0,6.959518290963051
30,GROCERY I,2016-04-24,34326.0,116.65113294008479
30,GROCERY I,2016-05-01,14054.0,6.121923402376661
30,GROCERY I,2016-06-05,13347.0,5.663581139097126
30,GROCERY I,2016-12-11,15343.594,7.505192753782819
30,GROCERY I,2016-12-18,16935.109,10.78795165613265
30,GROCERY I,2016-12-25,16602.771,9.947750686763605
30,GROCERY I,2017-02-26,7757.0,-6.663906395013567
30,GROCERY I,2017-04-09,5532.0,-10.129823115187756
30,GROCERY I,2017-05-14,18237.0,6.634663191323097
30,GROCERY I,2017-05-21,19672.0,7.430654829495412
30,GROCERY I,2017-06-04,19818.0,5.267059955099754
30,GROCERY II,2013-05-05,49.0,6.894794430205196
30,GROCERY II,2013-05-12,49.0,5.171095822653896
30,GROCERY II,2013-07-14,0.0,-6.070416835289357
30,GROCERY II,2013-07-21,0.0,-5.620756328971626
30,GROCERY II,2013-12-01,269.0,39.963577498988265
30,GROCERY II,2014-01-05,80.0,7.925266423849994
30,GROCERY II,2015-01-04,56.0,5.530824227708081
30,GROCERY II,2015-05-24,4.0,-5.171095822653896
30,GROCERY II,2017-05-14,84.0,12.140833670578713
30,HARDWARE,2016-03-27,18.0,7.4193983542425475
30,HARDWARE,2017-05-28,13.0,6.7449075947659525
30,HOME AND KITCHEN I,2014-11-16,120.0,6.913530284635101
30,HOME AND KITCHEN I,2015-09-27,225.0,9.565505316213532
30,HOME AND KITCHEN I,2016-12-25,177.0,9.173074328881695
30,HOME AND KITCHEN I,2017-01-01,155.0,6.205314987184676
30,HOME AND KITCHEN I,2017-01-08,184.0,10.11736139214893
30,HOME AND KITCHEN II,2015-04-05,81.0,7.588021044111696
30,HOME AND KITCHEN II,2015-06-07,101.0,5.20321443024802
30,HOME AND KITCHEN II,2017-01-29,79.0,7.194568101083682
30,HOME AND KITCHEN II,2017-02-05,87.0,8.993210126354603
30,HOME AND KITCHEN II,2017-02-26,31.0,-5.171095822653896
30,HOME CARE,2014-11-09,826.0,6.359484303636469
30,HOME CARE,2015-01-04,428.0,-6.036692297315527
30,HOME CARE,2015-01-11,0.0,-12.967084850937542
30,HOME CARE,2015-01-18,0.0,-12.06240451250004
30,HOME CARE,2015-01-25,0.0,-10.461489330657395
30,HOME CARE,2015-02-01,0.0,-6.09509332648972
30,HOME CARE,2015-02-08,0.0,-5.989152888364466
30,HOME CARE,2015-02-15,0.0,-5.6368156327686885
30,HOME CARE,2016-04-24,1916.0,9.670867509115126
30,HOME CARE,2017-02-05,1004.0,6.176915376259346
30,HOME CARE,2017-04-09,417.0,-9.510319708619994
30,HOME CARE,2017-07-16,1467.0,6.959031645393443
30,HOME CARE,2017-07-23,1401.0,6.166772658071728
30,LADIESWEAR,2016-05-29,12.0,7.4193983542425475
30,LADIESWEAR,2016-06-05,14.0,8.768379873195737
30,LADIESWEAR,2016-06-19,10.0,6.070416835289357
30,LADIESWEAR,2017-01-15,18.0,5.058680696074464
30,LINGERIE,2015-08-30,48.0,5.395926075812762
30,"LIQUOR,WINE,BEER",2013-11-03,858.0,7.1423753637432315
30,"LIQUOR,WINE,BEER",2013-12-29,1249.0,8.361955954023943
30,"LIQUOR,WINE,BEER",2014-05-25,544.0,5.279634565558176
30,"LIQUOR,WINE,BEER",2015-01-04,970.0,7.030708764035696
30,"LIQUOR,WINE,BEER",2016-01-03,1079.0,7.265229037790754
30,"LIQUOR,WINE,BEER",2017-01-01,1470.0,6.336321846236861
30,"LIQUOR,WINE,BEER",2017-07-02,890.0,5.524400506189257
30,MAGAZINES,2015-10-18,10.0,6.070416835289357
30,MEATS,2013-07-14,0.0,-10.277159607877925
30,MEATS,2013-07-21,0.0,-8.348244569285903
30,MEATS,2013-07-28,0.0,-5.701202049270583
30,MEATS,2016-12-25,290.393998,-6.639727030214826
30,PERSONAL CARE,2013-05-26,1104.0,6.8616463800599785
30,PERSONAL CARE,2013-07-14,0.0,-7.912295447706214
30,PERSONAL CARE,2013-07-21,0.0,-7.575050067967916
30,PERSONAL CARE,2013-07-28,0.0,-7.45831128267389
30,PERSONAL CARE,2013-09-01,1403.0,5.055468835315051
30,PERSONAL CARE,2013-11-17,1210.0,6.549087696853392
30,PERSONAL CARE,2014-05-04,1605.0,8.706255724296577
30,PERSONAL CARE,2015-09-20,1523.0,6.9641170915958455
30,PERSONAL CARE,2015-12-06,1085.0,7.153152001817575
30,PERSONAL CARE,2016-02-07,1127.0,5.244509782869037
30,PERSONAL CARE,2016-04-03,1374.0,5.762928400822085
30,PERSONAL CARE,2016-04-24,2176.0,9.561080353405345
30,PERSONAL CARE,2016-10-30,1163.0,13.079255596807021
30,PERSONAL CARE,2017-02-26,459.0,-5.185147713476326
30,PERSONAL CARE,2017-03-12,1173.0,10.182634691453114
30,PERSONAL CARE,2017-07-16,1182.0,8.659002993280614
30,PLAYERS AND ELECTRONICS,2017-01-15,69.0,6.4076622150276545
30,POULTRY,2013-07-14,0.0,-24.906698142905153
30,POULTRY,2013-07-21,0.0,-13.535805511802598
30,POULTRY,2013-07-28,0.0,-8.456282328011321
30,POULTRY,2013-11-17,827.461,5.3262465748178105
30,POULTRY,2013-12-22,995.075,5.977826375960931
30,POULTRY,2017-04-09,358.396002,-6.100995939294721
30,PREPARED FOODS,2013-07-14,0.0,-21.246458923512748
30,PREPARED FOODS,2013-07-21,0.0,-21.246458923512748
30,PREPARED FOODS,2013-07-28,0.0,-21.246458923512748
30,PREPARED FOODS,2013-12-29,70.0,-6.913530284635101
30,PREPARED FOODS,2014-12-21,232.0,6.55219594920121
30,PRODUCE,2015-01-04,2076.86,-9.793841295129383
30,PRODUCE,2015-01-11,0.0,-19.918366705749897
30,PRODUCE,2015-01-18,0.0,-19.02758030593638
30,PRODUCE,2015-01-25,0.0,-18.665653270008633
30,PRODUCE,2015-02-01,0.0,-18.6627998025028
30,PRODUCE,2015-02-08,0.0,-12.078182882947742
30,PRODUCE,2015-02-15,0.0,-11.877744730430537
30,PRODUCE,2017-04-09,1594.185,-5.544282390848643
30,SCHOOL AND OFFICE SUPPLIES,2017-05-07,227.0,152.43491164171053
30,SEAFOOD,2017-03-19,57.0,5.620756328971626
31,AUTOMOTIVE,2015-02-15,100.0,8.43113449345744
31,BABY CARE,2015-08-16,34.0,22.25819506272764
31,BABY CARE,2015-08-23,35.0,22.93268582220424
31,BEAUTY,2014-02-16,5.0,-5.395926075812762
31,BEAUTY,2014-03-09,22.0,6.070416835289357
31,BEAUTY,2016-12-04,61.0,5.2610279239174425
31,BEVERAGES,2013-12-22,7377.0,7.1192323094492975
31,BEVERAGES,2013-12-29,6988.0,5.745531233866075
31,BEVERAGES,2014-01-05,12586.0,25.221010493098653
31,BEVERAGES,2014-01-12,13317.0,27.777718921690564
31,BEVERAGES,2014-01-19,13105.0,18.391439373020663
31,BEVERAGES,2014-01-26,12345.0,8.346512036548939
31,BEVERAGES,2014-02-02,10214.0,5.331570994174628
31,BEVERAGES,2014-07-06,14635.0,7.704897088412535
31,BEVERAGES,2014-07-13,13129.0,6.361268670725032
31,BEVERAGES,2014-07-20,13540.0,6.589667658061022
31,BEVERAGES,2014-07-27,12221.0,5.304031170751797
31,BEVERAGES,2014-12-28,24442.0,7.397708298699213
31,BEVERAGES,2015-05-31,18424.0,9.999465861063246
31,BEVERAGES,2015-06-07,17925.0,9.413196247297027
31,BEVERAGES,2015-12-27,26014.0,9.063469580466748
31,BEVERAGES,2016-01-03,25095.0,7.754163988541592
31,BEVERAGES,2016-12-25,26578.0,9.082251810773956
31,BEVERAGES,2017-01-01,22150.0,5.286571757135245
31,BREAD/BAKERY,2013-05-05,3258.0,5.122021198867951
31,CELEBRATION,2014-12-07,72.0,5.395926075812762
31,CELEBRATION,2014-12-21,72.0,5.395926075812762
31,CLEANING,2013-07-07,7624.0,5.816387847954016
31,CLEANING,2014-12-07,10581.0,5.059847635104701
31,CLEANING,2015-10-04,11461.0,5.395926075812762
31,DAIRY,2013-11-10,3236.0,28.722064841045015
31,DAIRY,2013-11-17,3113.0,17.25469997424672
31,DAIRY,2013-11-24,3260.0,13.612449873073103
31,DAIRY,2013-12-01,3639.0,16.82723050590311
31,DAIRY,2013-12-08,4122.0,21.058127088074478
31,DAIRY,2013-12-15,3985.0,11.85404232402961
31,DAIRY,2013-12-22,4788.0,13.089472287132892
31,DAIRY,2015-12-27,6461.0,10.312214278219946
31,DAIRY,2016-01-03,6155.0,8.61349680990852
31,DAIRY,2016-12-25,7279.0,5.418080881780971
31,DELI,2016-12-25,2566.413,5.744090822983231
31,EGGS,2013-09-22,1084.0,7.540806690948335
31,EGGS,2013-09-29,1093.0,7.621745582085526
31,EGGS,2013-10-06,1129.0,7.9484107146163465
31,EGGS,2013-10-13,1372.0,7.692840554030356
31,EGGS,2013-10-20,1226.0,6.277260668195513
31,EGGS,2016-11-13,2836.0,5.349938069484812
31,FROZEN FOODS,2013-10-06,398.502,5.037709430442584
31,FROZEN FOODS,2013-12-22,5415.1721,45.316515345182914
31,FROZEN FOODS,2013-12-29,6211.8949,52.23167703015074
31,FROZEN FOODS,2014-01-05,3199.972998,25.312546498257994
31,FROZEN FOODS,2014-12-07,720.386,6.028880816183451
31,FROZEN FOODS,2014-12-14,923.5779849999999,8.55201773702297
31,FROZEN FOODS,2014-12-21,4630.1849600000005,61.56099886980602
31,FROZEN FOODS,2014-12-28,8827.448,114.39313097185499
31,FROZEN FOODS,2015-01-04,3600.91,34.17834035425122
31,FROZEN FOODS,2015-07-12,560.25,6.2447012348658255
31,FROZEN FOODS,2015-12-13,1860.24806,11.467368475281814
31,FROZEN FOODS,2015-12-20,4500.68302,34.693703187558256
31,FROZEN FOODS,2015-12-27,10026.4058,84.30368037418114
31,FROZEN FOODS,2016-01-03,5351.484,29.26529503066122
31,FROZEN FOODS,2016-05-08,1060.767,12.997849749387633
31,FROZEN FOODS,2016-12-11,1296.913998,8.783482600456141
31,FROZEN FOODS,2016-12-18,3005.794,19.431501330066975
31,FROZEN FOODS,2016-12-25,10474.379,72.3658273660327
31,FROZEN FOODS,2017-01-01,6606.0298999999995,43.67999841652506
31,FROZEN FOODS,2017-05-14,1197.858996,11.012465532936757
31,GROCERY I,2013-08-04,26776.0,8.025246248816657
31,GROCERY I,2013-08-11,25176.0,5.637668339164993
31,GROCERY I,2013-09-15,21515.0,-5.0182112505058685
31,GROCERY I,2013-12-22,36606.0,6.464761961861653
31,GROCERY I,2013-12-29,36281.0,6.225210680222148
31,GROCERY I,2014-12-21,36225.58,6.823745732998047
31,GROCERY I,2014-12-28,65238.277,15.029925362206193
31,GROCERY I,2015-12-20,38248.691,6.59909885280416
31,GROCERY I,2015-12-27,54142.255000000005,11.851792506424138
31,GROCERY I,2016-01-03,43487.632,6.808037589573659
31,GROCERY I,2016-04-24,40343.631,7.907723488725703
31,GROCERY I,2016-06-05,37575.932,5.982800277259675
31,GROCERY I,2016-12-25,57032.436,5.079281163168768
31,GROCERY I,2017-05-07,45207.75,8.530166083067602
31,GROCERY II,2013-12-29,148.0,5.76383012643636
31,GROCERY II,2014-01-05,184.0,6.7449075947659525
31,GROCERY II,2014-12-28,131.0,7.269511518803304
31,GROCERY II,2015-01-04,194.0,11.841059999700228
31,GROCERY II,2015-01-11,127.0,5.457243417583362
31,GROCERY II,2015-06-21,105.0,5.395926075812762
31,GROCERY II,2015-12-27,146.0,7.166464319438824
31,GROCERY II,2016-01-03,188.0,8.498583569405099
31,GROCERY II,2016-05-08,83.0,7.0821529745042495
31,GROCERY II,2017-01-01,187.0,5.395926075812762
31,HARDWARE,2015-06-07,13.0,5.395926075812762
31,HOME AND KITCHEN I,2014-10-26,134.0,12.478079050317012
31,HOME AND KITCHEN I,2014-11-02,93.0,5.56454876568191
31,HOME AND KITCHEN I,2014-12-28,192.0,5.733171455551059
31,HOME AND KITCHEN I,2015-12-27,310.0,7.232039809943493
31,HOME AND KITCHEN I,2016-01-03,287.0,5.883058290990303
31,HOME AND KITCHEN I,2016-06-05,165.0,6.879805746661272
31,HOME AND KITCHEN I,2016-06-12,185.0,5.986105490354783
31,HOME AND KITCHEN I,2016-06-19,186.0,5.395926075812762
31,HOME AND KITCHEN I,2016-12-25,420.0,6.66396870362876
31,HOME AND KITCHEN II,2014-09-21,60.0,8.093889113719143
31,HOME AND KITCHEN II,2014-11-02,88.0,8.768379873195737
31,HOME AND KITCHEN II,2014-11-09,127.0,17.536759746391475
31,HOME AND KITCHEN II,2015-02-15,375.0,5.375486961889228
31,HOME AND KITCHEN II,2015-12-27,444.0,10.631259113654906
31,HOME AND KITCHEN II,2016-01-03,312.0,6.263128480854098
31,HOME AND KITCHEN II,2017-01-01,314.0,5.749230759348121
31,HOME APPLIANCES,2015-03-29,10.0,5.395926075812762
31,HOME APPLIANCES,2016-05-08,9.0,5.395926075812762
31,HOME CARE,2015-01-11,0.0,-8.920833264036338
31,HOME CARE,2015-01-18,0.0,-7.893585797268517
31,HOME CARE,2015-01-25,0.0,-7.5285644887243075
31,HOME CARE,2015-07-05,2695.0,47.03040113804987
31,LADIESWEAR,2016-09-18,36.0,7.4193983542425475
31,LAWN AND GARDEN,2014-01-05,14.0,6.7449075947659525
31,LAWN AND GARDEN,2016-03-27,17.0,9.442870632672333
31,LAWN AND GARDEN,2017-02-19,135.0,11.75541037944923
31,LAWN AND GARDEN,2017-05-14,117.0,9.105625252934034
31,LAWN AND GARDEN,2017-07-30,50.0,7.194568101083682
31,LAWN AND GARDEN,2017-08-13,72.0,9.105625252934034
31,LINGERIE,2016-05-08,129.0,5.171095822653896
31,"LIQUOR,WINE,BEER",2013-06-16,532.0,11.055783318377236
31,"LIQUOR,WINE,BEER",2013-12-22,785.0,8.561903110090658
31,"LIQUOR,WINE,BEER",2013-12-29,884.0,6.698067958691189
31,"LIQUOR,WINE,BEER",2014-12-28,804.0,8.107941004541571
31,"LIQUOR,WINE,BEER",2015-01-04,916.0,7.280217721334679
31,"LIQUOR,WINE,BEER",2015-12-27,609.0,9.218040379513468
31,"LIQUOR,WINE,BEER",2016-01-03,715.0,10.502784683278412
31,"LIQUOR,WINE,BEER",2017-01-01,742.0,5.871386775115935
31,MAGAZINES,2014-12-21,12.0,6.7449075947659525
31,MAGAZINES,2016-04-24,13.0,5.395926075812762
31,MAGAZINES,2016-05-01,20.0,10.117361392148927
31,MAGAZINES,2016-08-21,13.0,5.395926075812762
31,MAGAZINES,2016-09-04,18.0,8.768379873195737
31,MEATS,2015-07-05,2953.45,7.838721907022443
31,MEATS,2015-07-12,2728.121,5.338435982141722
31,MEATS,2015-07-19,2773.14204,5.117567272014884
31,MEATS,2015-08-02,2768.4479899999997,5.0716605511193515
31,MEATS,2016-03-27,1506.393,-8.195161847089395
31,PERSONAL CARE,2013-12-29,2158.0,5.64119544289516
31,PET SUPPLIES,2016-09-18,28.0,12.140833670578713
31,PET SUPPLIES,2016-09-25,22.0,8.093889113719143
31,PET SUPPLIES,2016-10-02,19.0,6.070416835289357
31,PET SUPPLIES,2016-10-16,28.0,6.070416835289357
31,PET SUPPLIES,2017-03-05,49.0,5.395926075812762
31,PLAYERS AND ELECTRONICS,2015-12-27,134.0,5.058680696074465
31,PLAYERS AND ELECTRONICS,2016-12-25,109.0,5.395926075812762
31,PLAYERS AND ELECTRONICS,2017-01-01,135.0,7.323042531460176
31,POULTRY,2013-11-10,1014.9029800000001,7.06922282309941
31,POULTRY,2013-11-17,1009.556004,6.831511972347409
31,POULTRY,2013-11-24,1116.895,5.3457599945405265
31,POULTRY,2013-12-22,2375.2690199999997,10.670225782227915
31,POULTRY,2014-12-28,2962.788,15.173808510146992
31,POULTRY,2015-12-13,804.917,-5.517982217642894
31,POULTRY,2015-12-27,2505.54,21.304207864375496
31,POULTRY,2016-01-03,1684.51001,6.632509770170627
31,POULTRY,2016-12-25,2023.9560000000001,11.521917308829407
31,POULTRY,2017-01-01,1567.863,6.68502911289771
31,PRODUCE,2015-01-11,0.0,-11.079549480201795
31,PRODUCE,2015-01-18,0.0,-11.079549480201795
31,PRODUCE,2015-01-25,0.0,-11.079549480201795
31,PRODUCE,2015-02-01,0.0,-9.599300009068486
31,PRODUCE,2015-02-08,0.0,-6.410646113515828
31,PRODUCE,2015-02-15,0.0,-6.284481635627563
31,PRODUCE,2015-08-09,9168.151,5.2012883015506794
31,PRODUCE,2016-01-03,14630.244,9.779573176579467
31,PRODUCE,2017-01-01,15093.542,8.37941594647515
31,SCHOOL AND OFFICE SUPPLIES,2015-08-16,10.0,6.070416835289357
31,SCHOOL AND OFFICE SUPPLIES,2015-08-23,14.0,8.768379873195737
31,SCHOOL AND OFFICE SUPPLIES,2015-08-30,14.0,8.093889113719143
31,SCHOOL AND OFFICE SUPPLIES,2016-04-17,46.0,12.815324430055309
31,SCHOOL AND OFFICE SUPPLIES,2016-04-24,47.0,13.152569809793606
31,SCHOOL AND OFFICE SUPPLIES,2016-05-01,86.0,17.536759746391475
31,SCHOOL AND OFFICE SUPPLIES,2016-05-08,167.0,35.74801025225955
31,SCHOOL AND OFFICE SUPPLIES,2016-05-15,120.0,24.95615810063402
31,SCHOOL AND OFFICE SUPPLIES,2017-03-26,148.0,18.750843113449346
31,SCHOOL AND OFFICE SUPPLIES,2017-04-02,767.0,63.655065425603674
31,SCHOOL AND OFFICE SUPPLIES,2017-04-09,388.0,16.68240478438779
31,SCHOOL AND OFFICE SUPPLIES,2017-04-16,282.0,11.91600341741985
31,SCHOOL AND OFFICE SUPPLIES,2017-04-23,414.0,17.851522100813888
31,SCHOOL AND OFFICE SUPPLIES,2017-04-30,409.0,17.62669184765502
32,AUTOMOTIVE,2013-07-07,20.0,5.395926075812762
32,AUTOMOTIVE,2016-09-04,28.0,5.395926075812762
32,BEVERAGES,2013-12-22,2373.0,5.506663364682053
32,BEVERAGES,2014-01-05,4210.0,11.524572329186428
32,BEVERAGES,2014-01-12,4309.0,11.95644051331173
32,BEVERAGES,2014-01-19,4758.0,14.042994661332852
32,BEVERAGES,2014-01-26,4338.0,6.893239587513917
32,BEVERAGES,2014-09-07,9070.0,11.35705042692767
32,BEVERAGES,2014-09-14,7573.0,8.290495994672957
32,BEVERAGES,2015-01-11,2015.0,-5.935518683394038
32,BEVERAGES,2015-01-18,1853.0,-6.062781090842452
32,BEVERAGES,2015-01-25,1919.0,-5.670812875901337
32,BEVERAGES,2015-05-31,4995.0,5.714385903894549
32,BEVERAGES,2016-04-24,8916.0,8.143517196356216
32,BEVERAGES,2016-09-04,8766.0,5.469417805053553
32,BREAD/BAKERY,2016-01-03,930.0,5.106858607465649
32,CELEBRATION,2016-08-14,135.0,14.973694860380414
32,CELEBRATION,2017-07-09,49.0,6.744907594765952
32,CLEANING,2013-04-21,3187.0,8.093889113719143
32,CLEANING,2013-04-28,2480.0,-16.157119556552985
32,CLEANING,2016-12-04,4700.0,5.250816510028953
32,CLEANING,2017-05-07,10490.0,11.095691149408612
32,CLEANING,2017-05-21,8915.0,5.837410936561079
32,CLEANING,2017-05-28,8418.0,5.1361635188573125
32,CLEANING,2017-07-09,18584.0,11.32520669437927
32,DAIRY,2013-11-10,893.0,13.300957776878457
32,DAIRY,2013-11-17,1005.0,15.998920814784839
32,DAIRY,2013-11-24,891.0,9.230887822551118
32,DAIRY,2013-12-01,1032.0,11.75541037944923
32,DAIRY,2013-12-08,1104.0,11.50006744907595
32,DAIRY,2013-12-15,1004.0,5.607908885933977
32,DAIRY,2013-12-22,1116.0,5.745662025170996
32,DAIRY,2015-05-10,1168.0,10.065477487573807
32,DAIRY,2015-12-27,1390.0,7.385673816268718
32,DAIRY,2016-01-03,1294.0,5.648860110616485
32,DAIRY,2016-04-24,1664.0,6.028261162822069
32,DELI,2013-05-05,645.0,5.100836368541751
32,EGGS,2013-05-19,320.0,5.171095822653896
32,EGGS,2013-09-01,407.0,8.609676165083597
32,EGGS,2013-09-08,754.0,22.377222843811744
32,EGGS,2013-09-15,709.0,10.939397005261029
32,EGGS,2013-09-22,758.0,10.907479138964367
32,EGGS,2013-09-29,721.0,7.756643733980845
32,EGGS,2015-02-22,1344.0,6.048659068854628
32,FROZEN FOODS,2013-12-15,129.6,5.279473491796196
32,FROZEN FOODS,2013-12-22,1534.758043,149.23216554427893
32,FROZEN FOODS,2013-12-29,1221.86901,117.03186626138788
32,FROZEN FOODS,2014-01-05,718.852001,65.00767472511272
32,FROZEN FOODS,2014-12-14,273.163,6.065061295253164
32,FROZEN FOODS,2014-12-21,1401.9160000000002,55.61491279095675
32,FROZEN FOODS,2014-12-28,3237.03599,101.50421487338005
32,FROZEN FOODS,2015-01-04,794.495997,19.89114896004423
32,FROZEN FOODS,2015-12-13,374.573,7.641766519600837
32,FROZEN FOODS,2015-12-20,1710.564902,46.07192673469772
32,FROZEN FOODS,2015-12-27,1660.97398,44.552732635394634
32,FROZEN FOODS,2016-01-03,833.7310100000001,18.96583000486807
32,FROZEN FOODS,2016-12-11,251.774,6.678335356805612
32,FROZEN FOODS,2016-12-18,449.228,19.777957641980308
32,FROZEN FOODS,2016-12-25,1751.684,81.97685376225547
32,FROZEN FOODS,2017-01-01,1377.443,38.7239490823676
32,GROCERY I,2014-12-21,11453.463,5.056784248629001
32,GROCERY I,2016-04-24,18325.0,12.19823713947034
32,GROCERY I,2017-03-26,26287.0,8.076424374366466
32,GROCERY I,2017-04-09,23130.0,6.428994526858879
32,GROCERY I,2017-04-16,48184.0,19.27237222937923
32,GROCERY II,2013-05-12,27.0,8.093889113719143
32,GROCERY II,2013-06-23,6.0,-6.070416835289357
32,GROCERY II,2013-07-21,23.0,6.070416835289357
32,GROCERY II,2014-12-28,19.0,8.093889113719143
32,GROCERY II,2015-01-04,30.0,15.513287467961689
32,GROCERY II,2015-01-11,0.0,-5.395926075812762
32,GROCERY II,2016-02-14,21.0,7.4193983542425475
32,GROCERY II,2017-02-05,18.0,5.395926075812762
32,GROCERY II,2017-02-19,21.0,7.4193983542425475
32,GROCERY II,2017-05-21,35.0,8.43113449345744
32,GROCERY II,2017-05-28,30.0,6.7449075947659525
32,GROCERY II,2017-06-04,35.0,8.43113449345744
32,HARDWARE,2014-05-04,13.0,6.7449075947659525
32,HARDWARE,2017-01-22,9.0,6.070416835289357
32,HOME AND KITCHEN I,2015-11-22,116.0,5.227303385943613
32,HOME AND KITCHEN I,2016-04-17,214.0,8.40519254116988
32,HOME AND KITCHEN I,2016-05-08,90.0,5.56454876568191
32,HOME AND KITCHEN I,2016-05-22,21.0,-5.395926075812762
32,HOME AND KITCHEN II,2015-02-22,48.0,7.644228607401412
32,HOME AND KITCHEN II,2015-03-01,43.0,6.520077341607086
32,HOME AND KITCHEN II,2015-03-15,41.0,6.070416835289357
32,HOME CARE,2015-01-04,427.0,-6.4076622150276545
32,HOME CARE,2015-01-11,0.0,-17.147630462078055
32,HOME CARE,2015-01-18,0.0,-17.147630462078055
32,HOME CARE,2015-01-25,0.0,-17.04386265292781
32,HOME CARE,2015-02-01,0.0,-5.988384175353015
32,LINGERIE,2013-05-05,45.0,5.6657223796034
32,LINGERIE,2013-05-26,49.0,5.171095822653896
32,LINGERIE,2016-05-29,35.0,8.093889113719143
32,"LIQUOR,WINE,BEER",2014-11-02,866.0,9.584868687298984
32,"LIQUOR,WINE,BEER",2014-12-21,1164.0,7.165242415889048
32,"LIQUOR,WINE,BEER",2017-01-01,933.0,5.614143674466954
32,MEATS,2014-04-20,201.93619999999999,-6.876949757564997
32,MEATS,2014-04-27,207.9495,-5.340349438032194
32,PERSONAL CARE,2015-02-08,1081.0,5.435602002840796
32,PERSONAL CARE,2017-04-09,1375.0,5.155036518856835
32,PLAYERS AND ELECTRONICS,2016-09-04,15.0,6.070416835289357
32,PLAYERS AND ELECTRONICS,2016-12-25,35.0,18.21125050586807
32,PLAYERS AND ELECTRONICS,2017-07-16,21.0,7.4193983542425475
32,POULTRY,2014-07-06,565.312,6.343938332028719
32,POULTRY,2014-12-28,961.909,10.805747011811226
32,POULTRY,2015-12-27,765.332,7.077546603911428
32,POULTRY,2016-12-25,701.240996,5.912578662820127
32,POULTRY,2017-04-02,492.997,5.271605300241547
32,PREPARED FOODS,2017-06-18,39.0,-6.4076622150276545
32,PRODUCE,2014-11-09,1379.357,11.50097189795109
32,PRODUCE,2014-12-28,1653.115,14.60630624543963
32,PRODUCE,2015-01-11,0.0,-15.087188988428725
32,PRODUCE,2015-01-18,0.0,-13.912798110053314
32,PRODUCE,2015-01-25,0.0,-11.259896763769547
32,PRODUCE,2015-02-01,0.0,-8.348905317518252
32,PRODUCE,2015-02-08,0.0,-7.327790587422327
32,PRODUCE,2015-02-15,0.0,-6.888841000024753
32,PRODUCE,2015-10-18,864.179,-5.5176139252160885
32,PRODUCE,2015-12-27,1846.522,5.5217268356139275
32,PRODUCE,2016-01-03,1959.219,6.410552800782027
32,PRODUCE,2016-12-25,1822.6970000000001,9.324703157283734
32,PRODUCE,2017-01-01,1938.135,10.999022436756219
32,SEAFOOD,2013-07-28,6.0,-5.058680696074464
32,SEAFOOD,2013-08-04,0.0,-7.0821529745042495
33,AUTOMOTIVE,2015-08-02,101.0,6.340213139079995
33,AUTOMOTIVE,2016-01-10,29.0,-6.576284904896803
33,BEVERAGES,2014-01-05,9965.0,17.017433527827336
33,BEVERAGES,2014-01-12,11318.0,20.684383290615585
33,BEVERAGES,2014-01-19,11881.0,13.3301168202965
33,BEVERAGES,2014-01-26,11812.0,13.179812472780824
33,BEVERAGES,2014-02-02,9227.0,8.253587482954549
33,BEVERAGES,2014-07-06,14273.0,15.398170054685638
33,BEVERAGES,2014-07-13,12781.0,12.97908300387054
33,BEVERAGES,2014-07-20,13643.0,14.141606740756885
33,BEVERAGES,2014-07-27,11381.0,10.358945822826843
33,BEVERAGES,2014-08-03,9325.0,6.942714980958608
33,BEVERAGES,2014-09-07,13730.0,12.107471762045462
33,BEVERAGES,2014-09-14,11592.0,8.409464107610802
33,BEVERAGES,2014-12-28,15441.0,5.1496323139991125
33,BEVERAGES,2015-01-11,4619.0,-12.271224485656528
33,BEVERAGES,2015-05-31,12655.0,9.680649225018358
33,BEVERAGES,2015-06-07,13017.0,10.072630765866013
33,BEVERAGES,2015-06-14,11152.0,7.849047790907394
33,BEVERAGES,2015-06-21,11389.0,6.845981135874463
33,BEVERAGES,2015-06-28,11017.0,5.077532922271015
33,BREAD/BAKERY,2013-05-05,2081.0,15.513287467961689
33,BREAD/BAKERY,2013-05-12,1802.0,6.819851012485573
33,BREAD/BAKERY,2015-12-27,2796.0,5.595061442896328
33,BREAD/BAKERY,2016-12-25,2553.0,5.151713904278132
33,BREAD/BAKERY,2017-07-02,1956.0,5.367822294167904
33,CELEBRATION,2014-11-09,89.0,11.46634291110212
33,CELEBRATION,2016-09-11,133.0,5.76383012643636
33,DAIRY,2013-11-10,2540.0,32.39803948019246
33,DAIRY,2013-11-17,2703.0,19.67060324000834
33,DAIRY,2013-11-24,2575.0,16.320464934220567
33,DAIRY,2013-12-01,2899.0,19.825605438385825
33,DAIRY,2013-12-08,3281.0,20.643217187924527
33,DAIRY,2013-12-15,2762.0,11.715611235256514
33,DAIRY,2013-12-22,2772.0,9.871518965797646
33,DAIRY,2014-09-28,2481.0,-5.173216862778037
33,EGGS,2016-10-30,2841.0,16.871904569193116
33,EGGS,2016-11-06,2081.0,8.959789413047204
33,EGGS,2016-11-13,3751.0,16.88135834803214
33,EGGS,2016-11-20,2651.0,8.61272815947037
33,EGGS,2016-11-27,4029.0,14.817882266330782
33,EGGS,2017-07-02,1436.0,5.0340042048741
33,FROZEN FOODS,2013-12-15,475.693003,9.075399055800395
33,FROZEN FOODS,2013-12-22,2574.94101,60.836899621696375
33,FROZEN FOODS,2013-12-29,3244.567,76.54137011156004
33,FROZEN FOODS,2014-01-05,1387.64,25.823260006867336
33,FROZEN FOODS,2014-12-14,900.9879980000001,11.21386029632973
33,FROZEN FOODS,2014-12-21,3005.43103,50.1909143899923
33,FROZEN FOODS,2014-12-28,5736.95703,60.21194217937307
33,FROZEN FOODS,2015-01-04,2018.794,17.006212061000035
33,FROZEN FOODS,2015-12-13,867.476998,7.368289800993141
33,FROZEN FOODS,2015-12-20,3404.19001,47.78240405727856
33,FROZEN FOODS,2015-12-27,5455.8719,76.32182400656131
33,FROZEN FOODS,2016-01-03,2236.18,27.126098181950553
33,FROZEN FOODS,2016-12-11,896.758,10.590909882392571
33,FROZEN FOODS,2016-12-18,2383.66701,30.567166525932187
33,FROZEN FOODS,2016-12-25,6723.867,98.20654819174618
33,FROZEN FOODS,2017-01-01,3305.517,44.76579367541376
33,GROCERY I,2013-12-22,31052.0,6.755737954864594
33,GROCERY I,2014-12-21,30890.13,7.594549788791046
33,GROCERY I,2014-12-28,30400.701999999997,5.3676342312681715
33,GROCERY I,2015-12-20,33396.079,6.291622758532528
33,GROCERY I,2016-12-18,31820.771,10.181341439232993
33,GROCERY I,2016-12-25,35275.251000000004,6.8010842076085
33,GROCERY II,2014-01-05,82.0,7.284500202347228
33,GROCERY II,2015-12-20,25.0,8.093889113719143
33,GROCERY II,2015-12-27,38.0,16.86226898691488
33,GROCERY II,2016-01-03,87.0,6.239039525158506
33,GROCERY II,2017-04-23,12.0,-6.070416835289357
33,GROCERY II,2017-04-30,5.0,-10.791852151625523
33,GROCERY II,2017-05-07,0.0,-13.489815189531905
33,GROCERY II,2017-05-14,55.0,24.281667341157426
33,HARDWARE,2014-08-10,20.0,5.395926075812762
33,HARDWARE,2017-04-02,11.0,5.395926075812762
33,HOME AND KITCHEN I,2015-09-06,420.0,5.096152404934275
33,HOME AND KITCHEN II,2015-03-08,255.0,7.194568101083683
33,HOME AND KITCHEN II,2015-10-18,433.0,6.570039620086835
33,HOME CARE,2015-01-11,0.0,-11.8774610883069
33,HOME CARE,2015-01-18,0.0,-11.655452469833875
33,HOME CARE,2015-01-25,0.0,-11.655452469833875
33,HOME CARE,2015-02-01,0.0,-5.111202517509117
33,HOME CARE,2015-07-05,1915.0,8.286600759283884
33,HOME CARE,2017-01-08,1983.0,5.477958735749104
33,LINGERIE,2015-11-08,183.0,5.395926075812762
33,LINGERIE,2017-05-07,129.0,7.7566437339808445
33,"LIQUOR,WINE,BEER",2014-12-28,840.0,6.542560366922974
33,"LIQUOR,WINE,BEER",2015-09-06,760.0,5.247867128610582
33,"LIQUOR,WINE,BEER",2016-01-03,1282.0,10.233289491433968
33,"LIQUOR,WINE,BEER",2016-05-08,1097.0,5.482198149699303
33,"LIQUOR,WINE,BEER",2017-01-01,2478.0,6.266834474038036
33,MAGAZINES,2015-10-18,23.0,5.73317145555106
33,MAGAZINES,2016-05-01,40.0,9.105625252934034
33,MEATS,2013-12-29,968.62899,-6.246963230431994
33,MEATS,2015-12-27,1524.31998,-5.040384963882732
33,MEATS,2016-01-03,1502.96299,-5.216045594387653
33,PERSONAL CARE,2013-12-08,1578.0,5.710688430235173
33,PERSONAL CARE,2015-02-15,1474.0,-5.758152594790933
33,PET SUPPLIES,2016-01-17,12.0,6.070416835289357
33,POULTRY,2013-07-28,633.482,-5.411116319354546
33,POULTRY,2014-12-28,2298.91102,5.699582181434364
33,POULTRY,2016-12-25,2026.8029900000001,5.1905521342920355
33,PREPARED FOODS,2014-08-10,417.0,6.913530284635101
33,PRODUCE,2015-01-11,0.0,-10.150705848053816
33,PRODUCE,2015-01-18,0.0,-8.028143408821101
33,PRODUCE,2015-01-25,0.0,-8.015363380461807
33,PRODUCE,2015-02-01,0.0,-7.095950313849266
33,PRODUCE,2015-02-08,0.0,-6.5435770314292245
33,PRODUCE,2015-02-15,0.0,-6.377657355578881
33,PRODUCE,2016-01-03,13630.446,5.330190890322063
33,PRODUCE,2017-01-01,14407.39,9.993370707382104
33,SEAFOOD,2016-03-27,24.0,10.117361392148927
33,SEAFOOD,2016-05-08,36.0,8.768379873195737
33,SEAFOOD,2017-02-26,14.0,5.395926075812762
34,AUTOMOTIVE,2014-01-19,31.0,6.7449075947659525
34,AUTOMOTIVE,2014-11-09,52.0,5.058680696074464
34,AUTOMOTIVE,2015-02-22,52.0,5.845586582130491
34,AUTOMOTIVE,2015-06-21,27.0,6.7449075947659525
34,AUTOMOTIVE,2015-07-12,32.0,9.442870632672333
34,AUTOMOTIVE,2015-08-02,30.0,7.4193983542425475
34,AUTOMOTIVE,2016-07-24,65.0,12.140833670578713
34,AUTOMOTIVE,2016-08-07,52.0,7.7566437339808445
34,BEAUTY,2016-11-06,78.0,8.768379873195737
34,BEAUTY,2017-03-12,12.0,-5.395926075812762
34,BEVERAGES,2014-07-06,20868.0,5.886163001896653
34,BEVERAGES,2014-07-20,19405.0,5.017458742357478
34,BEVERAGES,2014-09-07,20534.0,7.987345350438764
34,BEVERAGES,2014-09-14,18077.0,5.432406946217145
34,BREAD/BAKERY,2017-08-06,5319.0,11.544168767964804
34,CLEANING,2013-12-08,8268.0,6.046423092857383
34,DAIRY,2013-10-06,1642.0,6.148242692152041
34,DAIRY,2013-10-27,1211.0,-5.55157778953813
34,DAIRY,2013-11-10,3682.0,25.59692432213679
34,DAIRY,2013-11-17,4007.0,29.25041593596835
34,DAIRY,2013-11-24,3849.0,27.11452853095913
34,DAIRY,2013-12-01,3926.0,27.923917442331042
34,DAIRY,2013-12-08,4779.0,24.187383686606935
34,DAIRY,2013-12-15,4587.0,9.77696418643177
34,DAIRY,2013-12-22,4809.0,9.01313179435602
34,DAIRY,2017-08-13,4021.0,-7.299488885891153
34,DELI,2014-08-03,2162.755,6.407310735467219
34,DELI,2014-12-07,2374.775,7.662801116251274
34,DELI,2014-12-21,2322.857,6.903134754643996
34,DELI,2015-09-06,2320.387,5.368183888313168
34,EGGS,2013-10-06,916.0,7.9927154997976535
34,EGGS,2013-10-13,983.0,6.450584354267074
34,EGGS,2016-10-09,1423.0,10.821177836820159
34,EGGS,2016-10-23,1078.0,5.126129772022123
34,EGGS,2016-10-30,1719.0,13.759611493322542
34,EGGS,2016-11-06,1774.0,7.95433930141364
34,EGGS,2016-11-13,2603.0,14.381383434817058
34,EGGS,2016-11-20,2307.0,10.157430150137637
34,FROZEN FOODS,2013-12-15,1306.14302,11.426306352054976
34,FROZEN FOODS,2013-12-22,3834.7750100000003,38.88045004710027
34,FROZEN FOODS,2013-12-29,6967.97793,51.28870539281303
34,FROZEN FOODS,2014-01-05,2546.1150000000002,11.685109458142797
34,FROZEN FOODS,2014-12-14,1629.84,6.74166012752295
34,FROZEN FOODS,2014-12-21,5151.77098,29.552430015698366
34,FROZEN FOODS,2014-12-28,7745.206,43.3374617850311
34,FROZEN FOODS,2015-01-04,3715.284,13.99823478523745
34,FROZEN FOODS,2015-12-20,2368.375,18.26664961146633
34,FROZEN FOODS,2015-12-27,7024.09196,72.10145560242249
34,FROZEN FOODS,2016-01-03,3338.502,17.28025181534637
34,FROZEN FOODS,2016-12-11,1067.62,5.967640614488309
34,FROZEN FOODS,2016-12-18,1782.813,13.530644388885008
34,FROZEN FOODS,2016-12-25,5799.919,55.74772980927408
34,FROZEN FOODS,2017-01-01,3402.24503,30.167755621914793
34,GROCERY I,2013-08-11,29015.0,6.03650389207545
34,GROCERY I,2013-12-08,36183.0,5.121884725284159
34,GROCERY I,2013-12-22,53075.0,7.103526780354836
34,GROCERY I,2016-04-24,47061.353,11.988875780895883
34,GROCERY II,2013-12-22,167.0,6.433604167315216
34,GROCERY II,2014-05-18,55.0,6.4076622150276545
34,GROCERY II,2015-01-04,224.0,12.018198987037515
34,GROCERY II,2015-05-31,5.0,-5.171095822653896
34,GROCERY II,2016-01-03,151.0,8.026440037771483
34,GROCERY II,2017-01-01,153.0,7.217051126399569
34,HARDWARE,2017-05-21,44.0,5.845586582130491
34,HOME AND KITCHEN I,2015-06-21,234.0,5.32098265809314
34,HOME AND KITCHEN II,2016-09-18,275.0,9.892531138990064
34,HOME AND KITCHEN II,2016-09-25,221.0,5.845586582130492
34,HOME AND KITCHEN II,2016-10-02,252.0,5.55157778953813
34,HOME APPLIANCES,2013-10-06,15.0,6.7449075947659525
34,HOME CARE,2015-01-11,0.0,-7.701147658834036
34,HOME CARE,2015-01-18,0.0,-6.915468476472677
34,HOME CARE,2015-01-25,0.0,-6.032310012720058
34,HOME CARE,2015-02-01,0.0,-5.312034190305723
34,LADIESWEAR,2014-03-16,26.0,16.86226898691488
34,LADIESWEAR,2014-11-09,4.0,-8.093889113719143
34,LADIESWEAR,2016-01-31,61.0,5.395926075812762
34,LADIESWEAR,2016-03-06,72.0,7.194568101083682
34,LADIESWEAR,2016-03-13,73.0,7.419398354242547
34,LADIESWEAR,2017-02-19,71.0,5.845586582130491
34,LAWN AND GARDEN,2013-12-08,13.0,8.093889113719143
34,LAWN AND GARDEN,2014-03-30,27.0,6.4076622150276545
34,LAWN AND GARDEN,2016-04-24,13.0,6.7449075947659525
34,LAWN AND GARDEN,2016-06-12,11.0,5.395926075812762
34,LAWN AND GARDEN,2016-07-17,23.0,5.73317145555106
34,LAWN AND GARDEN,2016-12-04,30.0,5.171095822653896
34,LAWN AND GARDEN,2016-12-11,56.0,10.791852151625523
34,LAWN AND GARDEN,2016-12-18,66.0,13.040154683214173
34,LAWN AND GARDEN,2016-12-25,76.0,15.288457214802824
34,LAWN AND GARDEN,2017-01-01,84.0,16.86226898691488
34,LAWN AND GARDEN,2017-01-08,71.0,6.857322721345384
34,LAWN AND GARDEN,2017-01-15,86.0,8.543549620036872
34,LINGERIE,2014-03-30,132.0,5.2995702530303905
34,LINGERIE,2014-04-20,169.0,8.479312404848626
34,LINGERIE,2014-05-04,398.0,10.117361392148927
34,LINGERIE,2014-05-11,278.0,6.198891265665851
34,LINGERIE,2014-05-18,351.0,8.479312404848626
34,LINGERIE,2014-12-21,194.0,7.944002278279899
34,LINGERIE,2017-04-30,100.0,7.4193983542425475
34,"LIQUOR,WINE,BEER",2014-12-28,985.0,5.2995702530303905
34,"LIQUOR,WINE,BEER",2015-01-04,1506.0,9.466959588367926
34,"LIQUOR,WINE,BEER",2015-07-12,492.0,6.032945126429546
34,"LIQUOR,WINE,BEER",2015-08-09,493.0,5.786420726036053
34,"LIQUOR,WINE,BEER",2015-12-27,664.0,15.442288440648364
34,"LIQUOR,WINE,BEER",2016-01-03,839.0,21.441706248624396
34,"LIQUOR,WINE,BEER",2016-02-07,369.0,5.0764304529027955
34,"LIQUOR,WINE,BEER",2016-08-14,455.0,5.246039240373518
34,MAGAZINES,2015-10-04,24.0,7.0821529745042495
34,MAGAZINES,2015-10-11,37.0,11.46634291110212
34,MAGAZINES,2015-10-18,24.0,7.0821529745042495
34,MAGAZINES,2017-02-19,31.0,5.395926075812762
34,MEATS,2015-03-29,1029.357,-6.509687924451334
34,MEATS,2015-04-05,1078.676,-5.147754520727271
34,MEATS,2017-04-16,824.63,-6.0188177293468685
34,MEATS,2017-05-28,1158.13202,-5.1457914597494865
34,PERSONAL CARE,2015-02-08,1905.0,-5.992317905244699
34,PERSONAL CARE,2015-02-15,1740.0,-6.794606913885281
34,PERSONAL CARE,2016-12-04,2712.0,8.005431309197622
34,PERSONAL CARE,2017-01-08,2522.0,6.431751170723247
34,PERSONAL CARE,2017-02-05,2497.0,5.142992041009038
34,PET SUPPLIES,2015-07-26,22.0,6.7449075947659525
34,PET SUPPLIES,2016-03-13,2.0,-5.73317145555106
34,PET SUPPLIES,2016-10-23,25.0,5.058680696074464
34,PLAYERS AND ELECTRONICS,2016-04-24,111.0,5.246039240373518
34,PLAYERS AND ELECTRONICS,2016-12-25,138.0,6.520077341607087
34,POULTRY,2014-04-06,1583.3473,6.617661562418539
34,POULTRY,2014-12-21,1819.221,6.474621752042339
34,POULTRY,2014-12-28,1962.94,7.176270609937833
34,POULTRY,2015-12-27,1462.509,5.48893131451874
34,POULTRY,2016-12-25,1463.763,12.404169007970413
34,PREPARED FOODS,2014-05-04,288.0,5.648860110616485
34,PREPARED FOODS,2014-05-18,286.0,5.227303385943613
34,PREPARED FOODS,2015-04-19,108.0,-6.022238923898171
34,PREPARED FOODS,2016-01-10,137.66,-6.264871571983502
34,PRODUCE,2015-01-11,0.0,-11.9863262267305
34,PRODUCE,2015-01-18,0.0,-11.826193614421607
34,PRODUCE,2015-01-25,0.0,-11.539995636614236
34,PRODUCE,2015-02-01,0.0,-11.468531168713698
34,PRODUCE,2015-02-08,0.0,-9.300987904836902
34,PRODUCE,2015-02-15,0.0,-8.957882654605712
34,SCHOOL AND OFFICE SUPPLIES,2016-04-24,111.0,6.610009442870633
34,SCHOOL AND OFFICE SUPPLIES,2016-05-01,215.0,13.624713341427224
34,SCHOOL AND OFFICE SUPPLIES,2016-05-08,211.0,13.287467961688925
34,SCHOOL AND OFFICE SUPPLIES,2016-05-15,173.0,10.724403075677865
34,SCHOOL AND OFFICE SUPPLIES,2016-05-22,113.0,5.947782151748158
34,SCHOOL AND OFFICE SUPPLIES,2017-03-26,157.0,11.550654256036694
34,SCHOOL AND OFFICE SUPPLIES,2017-04-02,685.0,40.53076291036631
34,SCHOOL AND OFFICE SUPPLIES,2017-04-09,718.0,42.2476484799431
34,SCHOOL AND OFFICE SUPPLIES,2017-04-16,599.0,34.95088480924176
34,SCHOOL AND OFFICE SUPPLIES,2017-04-23,591.0,22.297870989755676
34,SCHOOL AND OFFICE SUPPLIES,2017-04-30,528.0,16.828544448941052
34,SEAFOOD,2015-09-20,52.0,6.7449075947659525
34,SEAFOOD,2016-04-24,56.0,5.395926075812762
35,BEVERAGES,2013-12-29,4803.0,10.122213843655953
35,BEVERAGES,2014-01-05,7464.0,21.930189282434227
35,BEVERAGES,2014-01-12,6341.0,14.642581214819176
35,BEVERAGES,2014-01-19,6886.0,16.870444632484293
35,BEVERAGES,2014-01-26,6435.0,14.80609412620744
35,BEVERAGES,2014-02-02,5886.0,12.341136987029339
35,BEVERAGES,2014-12-14,10758.0,5.787746434014933
35,BEVERAGES,2015-01-04,12379.0,7.295807454845276
35,BREAD/BAKERY,2014-03-02,712.0,5.989477944152165
35,CLEANING,2016-02-07,4532.0,6.459106425496208
35,CLEANING,2017-02-26,5577.0,7.502840510054085
35,DAIRY,2013-11-10,767.0,19.30729799001754
35,DAIRY,2013-11-17,901.0,24.956158100634024
35,DAIRY,2013-11-24,883.0,24.197355996222853
35,DAIRY,2013-12-01,1053.0,30.900107918521517
35,DAIRY,2013-12-08,921.0,19.271164556474147
35,DAIRY,2013-12-15,752.0,13.778882657879016
35,DAIRY,2015-01-04,1678.0,10.688084342475278
35,DAIRY,2016-01-03,1568.0,5.08116372139035
35,DAIRY,2016-02-07,1593.0,5.815609215042643
35,DELI,2016-10-02,597.0,-7.869058860560277
35,DELI,2017-03-05,997.0,5.200678750701115
35,EGGS,2013-08-18,295.0,5.958001708709924
35,EGGS,2013-08-25,416.0,9.006435435363947
35,EGGS,2013-09-01,1299.0,44.04027900111886
35,EGGS,2013-09-08,644.0,12.78722064841045
35,EGGS,2013-09-15,494.0,6.049977721365824
35,EGGS,2013-09-22,543.0,6.610009442870633
35,EGGS,2013-09-29,543.0,5.5342831546797555
35,EGGS,2017-06-04,1976.0,5.59827330365574
35,FROZEN FOODS,2013-10-06,324.0,5.360426562156099
35,FROZEN FOODS,2013-10-13,330.875,5.043263764429285
35,FROZEN FOODS,2013-12-15,382.89799800000003,7.2737792782238895
35,FROZEN FOODS,2013-12-22,409.14801,5.866720885346949
35,FROZEN FOODS,2013-12-29,599.3629960000001,9.796167062263843
35,FROZEN FOODS,2014-01-05,815.8140000000001,14.159979904827031
35,FROZEN FOODS,2014-10-12,427.85,6.174288412248753
35,FROZEN FOODS,2014-12-21,526.373005,5.590273187493444
35,FROZEN FOODS,2014-12-28,1176.74601,17.485723428811248
35,FROZEN FOODS,2015-01-04,1137.401,8.559525669217981
35,FROZEN FOODS,2015-04-05,611.645,5.313532529382352
35,FROZEN FOODS,2015-12-20,1339.0529980000001,30.191584642725182
35,FROZEN FOODS,2015-12-27,1393.4290099999998,31.761887459750497
35,FROZEN FOODS,2016-01-03,1213.807,26.328805447539285
35,FROZEN FOODS,2016-02-07,896.0,7.712354404642417
35,FROZEN FOODS,2016-11-06,844.0,14.324898986979116
35,FROZEN FOODS,2016-12-18,1385.269006,31.484875540395574
35,FROZEN FOODS,2016-12-25,1429.587,10.843818596337414
35,FROZEN FOODS,2017-01-01,1860.853995,15.471407374312545
35,GROCERY I,2014-12-14,54004.0,60.90333103647219
35,GROCERY I,2015-12-20,51862.801,23.41873826410695
35,GROCERY I,2016-12-18,44593.329,25.11825922522807
35,GROCERY II,2016-01-03,77.0,9.274247942803184
35,GROCERY II,2017-03-05,4.0,-5.395926075812762
35,GROCERY II,2017-04-30,57.0,8.768379873195737
35,GROCERY II,2017-05-07,82.0,6.166772658071728
35,HARDWARE,2013-08-25,10.0,5.395926075812762
35,HOME AND KITCHEN I,2016-06-05,104.0,7.0821529745042495
35,HOME AND KITCHEN I,2016-08-21,178.0,10.042417974429307
35,HOME AND KITCHEN I,2016-10-02,151.0,5.620756328971626
35,HOME AND KITCHEN I,2017-01-01,176.0,6.131734177059957
35,HOME AND KITCHEN I,2017-01-29,151.0,5.171095822653896
35,HOME CARE,2015-01-11,0.0,-9.285011093220364
35,HOME CARE,2015-01-18,0.0,-7.154024940677985
35,HOME CARE,2015-01-25,0.0,-6.148618662475049
35,HOME CARE,2015-02-01,0.0,-5.2849339255191445
35,HOME CARE,2015-02-08,0.0,-5.165403917510634
35,HOME CARE,2016-04-24,1085.0,7.9884999325509245
35,LINGERIE,2013-12-22,46.0,6.070416835289357
35,LINGERIE,2013-12-29,61.0,9.442870632672333
35,LINGERIE,2014-01-05,45.0,5.845586582130491
35,LINGERIE,2016-05-08,15.0,9.442870632672333
35,LINGERIE,2017-04-23,18.0,5.73317145555106
35,"LIQUOR,WINE,BEER",2013-12-29,464.0,6.513653620088262
35,"LIQUOR,WINE,BEER",2014-01-05,662.0,8.216523797260342
35,"LIQUOR,WINE,BEER",2014-01-26,1417.0,11.466342911102117
35,"LIQUOR,WINE,BEER",2015-01-04,1535.0,15.64818561985701
35,"LIQUOR,WINE,BEER",2015-02-15,1152.0,11.366418354142622
35,"LIQUOR,WINE,BEER",2016-01-03,1182.0,11.185305094653538
35,"LIQUOR,WINE,BEER",2016-02-07,614.0,6.2610337890544825
35,"LIQUOR,WINE,BEER",2016-03-27,722.0,6.7888961225579045
35,"LIQUOR,WINE,BEER",2016-04-17,443.0,5.102669223866417
35,"LIQUOR,WINE,BEER",2016-04-24,98.0,-5.0146921682825125
35,"LIQUOR,WINE,BEER",2016-11-06,859.0,7.087681587286845
35,"LIQUOR,WINE,BEER",2017-01-01,719.0,10.159517064616216
35,"LIQUOR,WINE,BEER",2017-02-26,1687.0,7.857225689341389
35,PET SUPPLIES,2016-10-02,17.0,11.46634291110212
35,PLAYERS AND ELECTRONICS,2014-12-28,20.0,5.058680696074464
35,PLAYERS AND ELECTRONICS,2015-12-27,23.0,6.4076622150276545
35,POULTRY,2014-05-18,386.231805,-5.392700488179884
35,POULTRY,2014-12-21,719.61598,5.37728947991032
35,PREPARED FOODS,2014-06-29,128.0,9.218040379513468
35,PRODUCE,2014-11-09,2342.804,21.7003393769852
35,PRODUCE,2015-01-11,0.0,-16.307685656027335
35,PRODUCE,2015-01-18,0.0,-16.104433538620558
35,PRODUCE,2015-01-25,0.0,-12.346849063183257
35,PRODUCE,2015-02-01,0.0,-6.918121400429381
35,PRODUCE,2015-02-08,0.0,-6.679091621197013
35,PRODUCE,2015-02-15,0.0,-6.384288086479986
35,PRODUCE,2017-01-01,3609.5,6.175293784381424
35,SCHOOL AND OFFICE SUPPLIES,2016-04-17,45.0,29.67759341697019
35,SCHOOL AND OFFICE SUPPLIES,2016-04-24,104.0,69.4725482260893
35,SCHOOL AND OFFICE SUPPLIES,2016-05-01,171.0,114.66342911102119
35,SCHOOL AND OFFICE SUPPLIES,2016-05-08,141.0,94.42870632672333
35,SCHOOL AND OFFICE SUPPLIES,2016-05-15,37.0,24.281667341157426
35,SCHOOL AND OFFICE SUPPLIES,2016-05-22,10.0,6.070416835289357
35,SCHOOL AND OFFICE SUPPLIES,2016-06-05,0.0,-5.395926075812762
35,SCHOOL AND OFFICE SUPPLIES,2017-05-07,145.0,31.92589594855884
35,SEAFOOD,2014-01-05,10.0,5.395926075812762
35,SEAFOOD,2014-03-23,11.0,5.395926075812762
35,SEAFOOD,2014-03-30,24.0,6.7449075947659525
35,SEAFOOD,2014-07-27,9.0,6.070416835289357
35,SEAFOOD,2015-03-08,13.0,5.395926075812762
35,SEAFOOD,2015-05-03,12.0,5.395926075812762
35,SEAFOOD,2016-03-20,10.0,6.7449075947659525
35,SEAFOOD,2016-04-10,13.0,8.093889113719143
35,SEAFOOD,2016-05-08,12.0,7.4193983542425475
36,AUTOMOTIVE,2015-04-05,47.0,7.4193983542425475
36,BEAUTY,2014-09-07,13.0,6.7449075947659525
36,BEVERAGES,2014-01-05,15067.0,15.117296118849623
36,BEVERAGES,2014-01-12,13093.0,11.994331376584872
36,BEVERAGES,2014-01-19,13292.0,10.43426107256115
36,BEVERAGES,2014-01-26,12368.0,5.084622648362026
36,BEVERAGES,2014-02-02,12473.0,5.104717366959374
36,BEVERAGES,2014-07-06,15633.0,5.2513480197336015
36,BEVERAGES,2015-05-31,19557.0,6.272014628955139
36,BEVERAGES,2015-06-07,19604.0,6.307238035283361
36,BEVERAGES,2016-03-27,22499.0,6.098593994954176
36,BEVERAGES,2016-04-24,29820.0,12.307459137386806
36,BEVERAGES,2017-01-08,25990.0,5.603126650449022
36,BREAD/BAKERY,2014-01-05,4157.0,8.870575442813404
36,BREAD/BAKERY,2014-03-02,3926.0,5.071820126453878
36,BREAD/BAKERY,2016-09-04,4569.0,5.955609897506107
36,DAIRY,2013-11-10,2551.0,25.977008979841845
36,DAIRY,2013-11-17,2555.0,15.2991634173342
36,DAIRY,2013-11-24,2521.0,14.84950291101647
36,DAIRY,2013-12-01,2623.0,9.547645896280347
36,DAIRY,2013-12-08,2992.0,10.34023659962815
36,DAIRY,2013-12-15,2803.0,6.380431221632636
36,DAIRY,2013-12-22,2975.0,6.736925455600549
36,DAIRY,2015-01-04,5085.0,10.043105528720313
36,DELI,2014-01-05,1209.9189999999999,8.448738304517725
36,DELI,2015-01-04,2400.055,7.523437022695488
36,DELI,2015-01-11,2154.425,5.501460330520129
36,DELI,2016-10-30,1277.653,-6.191302510381431
36,EGGS,2014-03-02,822.0,5.413220710671136
36,EGGS,2016-08-28,1300.0,5.058680696074465
36,FROZEN FOODS,2013-07-07,170.063,9.790094196770308
36,FROZEN FOODS,2013-10-13,471.757,8.460398099398674
36,FROZEN FOODS,2013-12-15,5159.942998,243.65404424278626
36,FROZEN FOODS,2013-12-22,1448.4950000000001,61.064259218490655
36,FROZEN FOODS,2013-12-29,2380.06498,106.84127346435852
36,FROZEN FOODS,2014-01-05,1773.929964,44.44196155129228
36,FROZEN FOODS,2014-12-07,549.931,7.576165145583972
36,FROZEN FOODS,2014-12-14,682.521,9.444029314495657
36,FROZEN FOODS,2014-12-21,2838.90396,51.41295995078826
36,FROZEN FOODS,2014-12-28,4525.402,85.96247635434018
36,FROZEN FOODS,2015-01-04,3163.241,57.87856794574425
36,FROZEN FOODS,2015-02-15,1179.5230000000001,6.349537980991693
36,FROZEN FOODS,2015-12-20,2053.38,19.856430473665256
36,FROZEN FOODS,2015-12-27,3729.606,31.753920809482633
36,FROZEN FOODS,2016-01-03,3214.6520100000002,23.257356514118836
36,FROZEN FOODS,2016-12-18,2109.198,8.722780845251599
36,FROZEN FOODS,2016-12-25,4440.633,19.69188484994849
36,FROZEN FOODS,2017-01-01,4635.9349999999995,19.131504397623363
36,GROCERY I,2015-09-13,35960.678,7.085488117605461
36,GROCERY I,2015-09-20,38573.496999999996,6.807192238365608
36,GROCERY I,2015-09-27,36560.94,5.60633027394929
36,GROCERY I,2016-04-24,46419.128,11.86961049001165
36,GROCERY II,2013-12-29,128.0,10.454606771887224
36,GROCERY II,2014-01-05,200.0,15.898710759091172
36,GROCERY II,2014-12-28,160.0,10.042417974429307
36,GROCERY II,2015-01-04,222.0,14.539023037606608
36,GROCERY II,2016-01-03,248.0,9.442870632672333
36,GROCERY II,2017-01-01,223.0,12.74787535410765
36,HARDWARE,2014-06-22,9.0,5.395926075812762
36,HARDWARE,2014-12-14,13.0,6.7449075947659525
36,HARDWARE,2014-12-21,12.0,6.070416835289357
36,HOME AND KITCHEN I,2014-03-23,1085.0,11.580663378810016
36,HOME AND KITCHEN I,2015-01-04,501.0,7.891541885876165
36,HOME AND KITCHEN I,2015-12-20,726.0,11.91600341741985
36,HOME AND KITCHEN I,2016-11-13,290.0,5.775327128018347
36,HOME AND KITCHEN I,2016-11-20,434.0,11.339875893700256
36,HOME AND KITCHEN I,2016-11-27,987.0,34.65196276811008
36,HOME AND KITCHEN I,2016-12-04,286.0,5.100836368541751
36,HOME AND KITCHEN I,2017-08-13,393.0,5.612726677073096
36,HOME AND KITCHEN II,2014-12-28,219.0,14.75448536355052
36,HOME AND KITCHEN II,2015-01-04,187.0,12.056522325644139
36,HOME AND KITCHEN II,2015-01-11,118.0,6.239039525158506
36,HOME AND KITCHEN II,2015-01-18,130.0,7.250775664373398
36,HOME CARE,2015-01-11,0.0,-9.136283923819335
36,HOME CARE,2015-01-18,0.0,-8.877388480787914
36,HOME CARE,2015-01-25,0.0,-6.8091448099542
36,HOME CARE,2015-02-01,0.0,-6.8091448099542
36,HOME CARE,2015-02-08,0.0,-6.793085506157138
36,HOME CARE,2015-02-15,0.0,-6.648551771983581
36,HOME CARE,2015-06-28,1288.0,-37.77148253068933
36,HOME CARE,2015-07-05,1915.0,6.877396851091712
36,HOME CARE,2016-04-24,2864.0,5.928644892214659
36,LAWN AND GARDEN,2014-02-23,41.0,12.478079050317012
36,LAWN AND GARDEN,2014-03-02,62.0,19.222986645082962
36,LAWN AND GARDEN,2014-03-09,95.0,30.352084176446784
36,LAWN AND GARDEN,2014-03-16,65.0,20.234722784297855
36,LAWN AND GARDEN,2014-03-23,52.0,10.567021898466658
36,LAWN AND GARDEN,2014-03-30,53.0,7.588021044111696
36,LAWN AND GARDEN,2014-04-06,60.0,7.01470389855659
36,LAWN AND GARDEN,2014-11-02,93.0,7.588021044111696
36,LAWN AND GARDEN,2015-11-01,87.0,6.0704168352893575
36,LAWN AND GARDEN,2016-12-04,155.0,8.093889113719143
36,LAWN AND GARDEN,2016-12-11,182.0,8.216523797260342
36,LAWN AND GARDEN,2016-12-18,171.0,7.296763670701348
36,LAWN AND GARDEN,2016-12-25,186.0,8.216523797260342
36,LAWN AND GARDEN,2017-01-01,216.0,7.852999556763216
36,LINGERIE,2013-12-22,55.0,5.227303385943613
36,"LIQUOR,WINE,BEER",2013-10-06,348.0,6.348148324485601
36,"LIQUOR,WINE,BEER",2013-10-13,581.0,10.013593582998682
36,"LIQUOR,WINE,BEER",2013-11-10,735.0,13.20445371436873
36,"LIQUOR,WINE,BEER",2013-12-22,1593.0,9.102148496441888
36,"LIQUOR,WINE,BEER",2013-12-29,1298.0,6.242221085344716
36,"LIQUOR,WINE,BEER",2014-01-05,2986.0,12.80076707553423
36,"LIQUOR,WINE,BEER",2014-03-02,3290.0,13.154996035547118
36,"LIQUOR,WINE,BEER",2014-03-09,1823.0,5.520997210020343
36,"LIQUOR,WINE,BEER",2014-04-20,2157.0,7.563520311395666
36,"LIQUOR,WINE,BEER",2014-10-12,1577.0,6.1555467369708685
36,"LIQUOR,WINE,BEER",2014-12-28,3015.0,9.516847038550411
36,"LIQUOR,WINE,BEER",2015-01-04,6471.0,20.440002580660302
36,"LIQUOR,WINE,BEER",2015-02-15,3451.0,5.655532231438645
36,"LIQUOR,WINE,BEER",2015-10-11,1566.0,8.07433865692272
36,"LIQUOR,WINE,BEER",2015-11-01,1385.0,5.066345363795789
36,"LIQUOR,WINE,BEER",2015-12-27,1619.0,5.295344120452216
36,"LIQUOR,WINE,BEER",2016-01-03,4684.0,16.544112968293845
36,"LIQUOR,WINE,BEER",2016-02-07,3690.0,12.132349510082152
36,"LIQUOR,WINE,BEER",2017-01-01,2556.0,7.673324287221972
36,"LIQUOR,WINE,BEER",2017-04-02,204.0,-5.59827330365574
36,MAGAZINES,2015-10-11,14.0,8.093889113719143
36,MAGAZINES,2015-10-25,10.0,5.395926075812762
36,MAGAZINES,2016-09-04,16.0,5.395926075812762
36,MEATS,2014-06-08,1209.47191,5.556533544962468
36,MEATS,2015-01-04,1603.297,5.405667275940306
36,MEATS,2015-09-20,2280.98,6.656458552172342
36,MEATS,2015-09-27,2150.48398,5.09390917337484
36,MEATS,2016-06-05,1729.63798,5.120568138246294
36,MEATS,2016-06-26,1358.769,-6.080132361529147
36,MEATS,2016-07-03,1906.173,10.38944253104067
36,MEATS,2016-08-07,1750.62399,5.652872875766541
36,PERSONAL CARE,2014-04-06,1970.0,5.613838475028277
36,PERSONAL CARE,2017-05-14,1377.0,-5.312911828492565
36,PET SUPPLIES,2016-09-04,25.0,5.73317145555106
36,PET SUPPLIES,2016-09-18,46.0,12.815324430055309
36,PET SUPPLIES,2016-09-25,35.0,5.845586582130491
36,PET SUPPLIES,2016-10-02,33.0,5.395926075812762
36,PLAYERS AND ELECTRONICS,2015-12-27,103.0,6.55219594920121
36,PLAYERS AND ELECTRONICS,2016-12-25,100.0,6.182831961868789
36,POULTRY,2013-12-29,1538.40601,6.941483158164665
36,POULTRY,2014-12-14,1109.9170000000001,5.458675167861845
36,PREPARED FOODS,2014-01-26,331.012,5.420677433337423
36,PREPARED FOODS,2014-02-02,369.81399999999996,7.672557191304654
36,PRODUCE,2015-01-11,0.0,-14.13351200808796
36,PRODUCE,2015-01-18,0.0,-14.112164813983693
36,PRODUCE,2015-01-25,0.0,-13.964811811126207
36,PRODUCE,2015-02-01,0.0,-13.11492527315728
36,PRODUCE,2015-02-08,0.0,-12.974663854964886
36,PRODUCE,2015-02-15,0.0,-10.15045567557991
36,PRODUCE,2016-09-04,13216.462,8.074809767521161
36,PRODUCE,2016-09-11,12373.2241,5.273512218932735
36,PRODUCE,2017-06-11,9393.381000000001,-5.277949596961343
36,PRODUCE,2017-06-25,8898.998,-6.898242217741326
36,SCHOOL AND OFFICE SUPPLIES,2016-04-17,114.0,24.731327847475157
36,SCHOOL AND OFFICE SUPPLIES,2016-04-24,94.0,20.234722784297855
36,SCHOOL AND OFFICE SUPPLIES,2016-05-01,423.0,70.65290705517334
36,SCHOOL AND OFFICE SUPPLIES,2016-05-08,726.0,121.74558208552544
36,SCHOOL AND OFFICE SUPPLIES,2016-05-15,222.0,36.59112370160529
36,SCHOOL AND OFFICE SUPPLIES,2016-05-22,73.0,11.29772022123297
36,SCHOOL AND OFFICE SUPPLIES,2016-05-29,43.0,6.070416835289357
36,SCHOOL AND OFFICE SUPPLIES,2016-06-12,27.0,-7.194568101083682
36,SCHOOL AND OFFICE SUPPLIES,2017-03-26,650.0,438.4189936597869
36,SCHOOL AND OFFICE SUPPLIES,2017-04-02,1184.0,798.5970592202888
36,SCHOOL AND OFFICE SUPPLIES,2017-04-09,796.0,536.8946445433697
36,SCHOOL AND OFFICE SUPPLIES,2017-04-16,591.0,398.6240388506678
36,SCHOOL AND OFFICE SUPPLIES,2017-04-23,509.0,342.64130581411035
36,SCHOOL AND OFFICE SUPPLIES,2017-04-30,803.0,270.1335491703764
36,SCHOOL AND OFFICE SUPPLIES,2017-05-07,601.0,66.88700031476236
36,SEAFOOD,2014-03-30,11.0,5.395926075812762
36,SEAFOOD,2014-08-03,17.0,5.395926075812762
36,SEAFOOD,2015-02-15,11.0,6.070416835289357
36,SEAFOOD,2015-03-29,15.0,7.4193983542425475
36,SEAFOOD,2015-04-05,25.0,6.7449075947659525
37,AUTOMOTIVE,2013-05-05,48.0,5.395926075812762
37,AUTOMOTIVE,2013-05-26,63.0,8.318719366878007
37,AUTOMOTIVE,2013-09-22,74.0,5.395926075812762
37,AUTOMOTIVE,2013-10-13,66.0,6.913530284635101
37,AUTOMOTIVE,2014-08-03,40.0,7.0821529745042495
37,AUTOMOTIVE,2014-09-07,38.0,6.070416835289357
37,AUTOMOTIVE,2016-08-28,52.0,5.620756328971626
37,AUTOMOTIVE,2016-10-02,51.0,5.620756328971626
37,BEAUTY,2015-12-27,9.0,-5.171095822653896
37,BEAUTY,2017-08-06,77.0,5.530824227708081
37,BEVERAGES,2013-11-03,8087.0,6.000422511192729
37,BEVERAGES,2014-01-05,18324.0,14.378136679018693
37,BEVERAGES,2014-01-12,20460.0,16.888667842471694
37,BEVERAGES,2014-01-19,20141.0,13.371483477343027
37,BEVERAGES,2014-01-26,19063.0,7.887499196781509
37,BEVERAGES,2014-03-09,22709.0,10.440067276020486
37,BEVERAGES,2014-07-06,22174.0,7.8773859069735686
37,BEVERAGES,2014-07-13,20560.0,6.981395712903425
37,BEVERAGES,2014-07-20,20261.0,6.815409921065152
37,BEVERAGES,2014-07-27,19412.0,6.344099094072864
37,BEVERAGES,2014-09-07,24246.0,7.439048152790985
37,BEVERAGES,2014-09-14,21326.0,5.828403959155915
37,BEVERAGES,2015-01-04,15129.0,-5.012569397504349
37,BEVERAGES,2015-01-11,9961.0,-9.627315826952797
37,BEVERAGES,2015-01-18,9284.0,-7.8862997297144295
37,BEVERAGES,2015-01-25,8093.0,-6.9510175937067595
37,BEVERAGES,2015-05-31,20964.0,13.612347677503486
37,BEVERAGES,2015-06-07,23429.0,14.759802295213062
37,BEVERAGES,2015-06-14,19462.0,9.641945398609495
37,BEVERAGES,2015-06-21,21140.0,10.677841455507545
37,BEVERAGES,2015-06-28,19855.0,5.449642094223369
37,BEVERAGES,2016-01-10,21628.0,7.024242151720905
37,BREAD/BAKERY,2013-07-07,3465.1949999999997,5.5608692721290405
37,BREAD/BAKERY,2015-05-10,5032.353,6.28258072639212
37,BREAD/BAKERY,2015-08-30,3311.5699999999997,-7.071975157314523
37,BREAD/BAKERY,2015-09-13,3543.639,-5.152254343910025
37,CELEBRATION,2015-01-11,0.0,-6.520077341607087
37,CELEBRATION,2015-01-18,0.0,-6.295247088448222
37,CELEBRATION,2015-01-25,0.0,-6.145360253008978
37,CELEBRATION,2015-02-01,0.0,-6.070416835289357
37,CELEBRATION,2015-10-25,136.0,7.925266423849994
37,CELEBRATION,2015-12-06,55.0,-6.070416835289357
37,CELEBRATION,2015-12-27,173.0,11.061648455416162
37,CELEBRATION,2016-12-25,226.0,5.058680696074465
37,CLEANING,2014-12-07,9605.0,5.573720711155965
37,CLEANING,2017-01-08,9572.0,6.50564566995162
37,CLEANING,2017-07-09,9299.0,6.409161083382047
37,CLEANING,2017-08-13,4951.0,-6.708934754260533
37,DAIRY,2013-11-10,5784.0,5.558013002508688
37,DAIRY,2013-11-24,5714.0,5.325339833541955
37,DAIRY,2013-12-01,6461.0,6.836408279191072
37,DAIRY,2013-12-08,7852.0,9.973574602338026
37,DAIRY,2013-12-15,7087.0,5.66720886061602
37,DAIRY,2015-12-20,6796.0,5.360887594800991
37,DAIRY,2016-01-10,6871.0,5.265626724550238
37,DAIRY,2016-08-14,5204.0,-5.460780956531665
37,DELI,2015-01-11,1321.6589999999999,6.4763496377747085
37,DELI,2015-08-30,937.482,-5.519826812969797
37,DELI,2016-07-03,1131.635,6.284216815101105
37,DELI,2016-11-06,1426.628,6.151700905354214
37,DELI,2016-11-13,1560.571,7.507350725034865
37,DELI,2016-11-20,1542.58201,7.242732560859741
37,EGGS,2015-08-09,1092.0,-7.520571968164036
37,EGGS,2015-08-16,1116.0,-6.441386753001485
37,EGGS,2015-08-23,1094.0,-7.183326588425739
37,EGGS,2016-08-14,682.0,-7.11281164538955
37,FROZEN FOODS,2013-12-15,2344.059,7.183984245617803
37,FROZEN FOODS,2013-12-22,6513.7798999999995,22.66046001448052
37,FROZEN FOODS,2013-12-29,3581.4620999999997,8.57295054680832
37,FROZEN FOODS,2014-12-14,2909.95798,12.318297520699485
37,FROZEN FOODS,2014-12-21,5729.804,27.53125970296643
37,FROZEN FOODS,2014-12-28,5572.202,17.963143186862656
37,FROZEN FOODS,2015-07-26,1510.53599,5.542630753036825
37,FROZEN FOODS,2015-08-16,1115.898,-5.797194546688702
37,FROZEN FOODS,2015-12-20,7423.9542,29.029162229671986
37,FROZEN FOODS,2015-12-27,12767.691,52.98892589928227
37,FROZEN FOODS,2016-12-11,1774.153,5.264467664206239
37,FROZEN FOODS,2016-12-18,4125.7321,18.138704279620946
37,FROZEN FOODS,2016-12-25,8317.182999999999,33.782798409851964
37,GROCERY I,2013-05-05,26280.0,5.850333478070507
37,GROCERY I,2013-12-08,34288.0,8.911149656380143
37,GROCERY I,2013-12-15,30579.0,6.0488084356722585
37,GROCERY I,2013-12-22,34238.0,6.502114608474991
37,GROCERY I,2014-07-06,29950.0,11.692796487388485
37,GROCERY I,2014-12-21,40529.0,9.779458614009581
37,GROCERY I,2015-06-07,31611.0,6.36508072768696
37,GROCERY I,2015-07-05,30921.0,5.697403006184876
37,GROCERY I,2015-08-16,24890.0,-5.236796888590402
37,GROCERY I,2015-08-23,22702.0,-8.640635411173655
37,GROCERY I,2015-08-30,19575.0,-10.718651604085428
37,GROCERY II,2014-12-21,477.0,5.6657223796034
37,GROCERY II,2016-07-24,151.0,-5.356250148784726
37,GROCERY II,2016-12-25,358.0,6.1266243985790725
37,GROCERY II,2017-01-01,408.0,5.126129772022124
37,GROCERY II,2017-05-14,442.0,8.508960350320125
37,GROCERY II,2017-06-25,427.0,6.504018037810025
37,GROCERY II,2017-07-23,541.0,10.021005569366556
37,HARDWARE,2013-11-03,30.0,6.4076622150276545
37,HARDWARE,2013-12-01,21.0,6.7449075947659525
37,HARDWARE,2014-01-05,34.0,7.0821529745042495
37,HOME AND KITCHEN I,2014-09-21,181.0,11.466342911102117
37,HOME AND KITCHEN I,2015-11-01,392.0,5.3699841235252
37,HOME AND KITCHEN I,2016-02-14,149.0,-5.59827330365574
37,HOME AND KITCHEN I,2016-07-10,584.0,7.090378471571037
37,HOME AND KITCHEN I,2016-07-17,530.0,6.054357531492295
37,HOME AND KITCHEN II,2014-10-26,34.0,-11.12909753136382
37,HOME AND KITCHEN II,2014-11-09,82.0,8.43113449345744
37,HOME AND KITCHEN II,2015-09-27,939.0,46.6522775304645
37,HOME AND KITCHEN II,2015-10-04,1452.0,69.36878041693906
37,HOME AND KITCHEN II,2015-10-11,384.0,13.956770330708009
37,HOME AND KITCHEN II,2015-10-18,405.0,15.046332326785587
37,HOME AND KITCHEN II,2015-10-25,235.0,6.226068549014725
37,HOME AND KITCHEN II,2015-11-01,416.0,15.617055277111936
37,HOME AND KITCHEN II,2015-11-08,349.0,12.088949766003593
37,HOME AND KITCHEN II,2017-04-02,270.0,5.588637721377503
37,HOME AND KITCHEN II,2017-06-11,415.0,16.003826202126486
37,HOME CARE,2014-11-09,2351.0,9.78011601241063
37,HOME CARE,2015-01-04,847.0,-6.186043822628202
37,HOME CARE,2015-01-11,0.0,-11.41495313895152
37,HOME CARE,2015-01-18,0.0,-11.260783822499727
37,HOME CARE,2015-01-25,0.0,-10.798275873144346
37,HOME CARE,2016-04-24,2330.0,11.495668596296754
37,HOME CARE,2016-06-05,2025.0,5.938451251913502
37,LADIESWEAR,2014-11-09,264.0,7.689194658033186
37,LADIESWEAR,2015-01-11,0.0,-6.286253878321867
37,LADIESWEAR,2015-01-18,0.0,-6.151355726426548
37,LADIESWEAR,2015-01-25,0.0,-6.151355726426548
37,LADIESWEAR,2016-05-08,204.0,6.969737847924817
37,LADIESWEAR,2016-06-19,134.0,-9.667700885831197
37,LADIESWEAR,2017-01-08,313.0,8.712172309906022
37,LAWN AND GARDEN,2015-04-12,129.0,5.395926075812762
37,LAWN AND GARDEN,2015-08-23,57.0,-6.55219594920121
37,LAWN AND GARDEN,2015-08-30,42.0,-7.612109999807289
37,LAWN AND GARDEN,2015-09-06,52.0,-6.55219594920121
37,LAWN AND GARDEN,2015-09-13,53.0,-6.45584012641884
37,LAWN AND GARDEN,2015-09-20,60.0,-5.781349366942244
37,LAWN AND GARDEN,2016-12-11,195.0,8.768379873195737
37,LAWN AND GARDEN,2016-12-18,214.0,10.19230480986855
37,LAWN AND GARDEN,2016-12-25,187.0,5.251392341639206
37,LAWN AND GARDEN,2017-01-01,192.0,5.126129772022124
37,LAWN AND GARDEN,2017-01-08,227.0,6.430145240343541
37,LINGERIE,2013-12-22,159.0,8.672024050413366
37,LINGERIE,2015-07-19,80.0,5.620756328971626
37,"LIQUOR,WINE,BEER",2013-11-03,1477.0,19.11057151850353
37,"LIQUOR,WINE,BEER",2013-12-22,1138.0,7.061505298193742
37,"LIQUOR,WINE,BEER",2013-12-29,1152.0,5.569988207290592
37,"LIQUOR,WINE,BEER",2014-11-02,872.0,5.495115893382849
37,"LIQUOR,WINE,BEER",2014-12-07,883.0,6.959518290963051
37,"LIQUOR,WINE,BEER",2014-12-14,931.0,6.869813290965321
37,"LIQUOR,WINE,BEER",2014-12-21,1211.0,10.97039382325168
37,"LIQUOR,WINE,BEER",2014-12-28,1671.0,18.62343930332599
37,"LIQUOR,WINE,BEER",2015-01-04,1212.0,5.980484734025811
37,"LIQUOR,WINE,BEER",2016-12-11,2044.0,14.569000404694457
37,"LIQUOR,WINE,BEER",2016-12-25,1760.0,8.219151683336225
37,MAGAZINES,2014-03-23,9.0,5.395926075812762
37,MAGAZINES,2014-09-21,47.0,7.250775664373398
37,MAGAZINES,2015-04-12,8.0,5.395926075812762
37,MAGAZINES,2015-04-19,20.0,13.489815189531905
37,MAGAZINES,2015-04-26,35.0,23.607176581680832
37,MAGAZINES,2015-05-03,13.0,8.768379873195737
37,MAGAZINES,2015-05-10,45.0,30.352084176446784
37,MAGAZINES,2015-05-17,30.0,20.234722784297855
37,MAGAZINES,2015-05-24,26.0,16.86226898691488
37,MAGAZINES,2015-10-25,107.0,6.7449075947659525
37,MAGAZINES,2016-04-17,102.0,5.901794145420208
37,MAGAZINES,2016-12-18,99.0,5.171095822653896
37,MAGAZINES,2017-01-01,32.0,-9.892531138990062
37,MAGAZINES,2017-01-08,29.0,-10.567021898466658
37,MAGAZINES,2017-04-16,98.0,6.520077341607086
37,MEATS,2016-08-14,1291.384,-6.107939234408383
37,MEATS,2017-01-01,1093.03601,-5.665243353821168
37,PERSONAL CARE,2013-11-10,2274.0,7.855349698782297
37,PERSONAL CARE,2017-01-08,2944.0,10.564102025049012
37,PERSONAL CARE,2017-03-05,2378.0,6.253329583621992
37,PERSONAL CARE,2017-04-16,1495.0,-7.240856682616389
37,PET SUPPLIES,2015-01-11,0.0,-7.644228607401412
37,PET SUPPLIES,2015-01-18,0.0,-7.306983227663115
37,PET SUPPLIES,2015-07-19,70.0,46.53986240388507
37,PET SUPPLIES,2017-08-06,126.0,5.171095822653896
37,PLAYERS AND ELECTRONICS,2014-11-09,75.0,16.187778227438287
37,POULTRY,2013-11-10,1851.93998,12.546664130887265
37,POULTRY,2013-11-17,1693.276,10.608107263151929
37,POULTRY,2013-11-24,1859.13698,12.508299477137996
37,POULTRY,2013-12-01,1808.59501,11.57628321498445
37,POULTRY,2013-12-08,1939.57597,12.65895391372923
37,POULTRY,2013-12-15,1792.802,9.01323839249301
37,POULTRY,2013-12-22,2197.56602,10.420546707481005
37,POULTRY,2015-01-11,2362.142,6.272094708627123
37,PRODUCE,2014-01-05,15919.756,1189.258809598753
37,PRODUCE,2014-01-12,23443.0051,1753.0768095088208
37,PRODUCE,2014-01-19,21632.9244,1212.7863438104232
37,PRODUCE,2014-01-26,20792.824500000002,1165.5101679481993
37,PRODUCE,2014-02-02,15344.1019,859.0259173074329
37,PRODUCE,2014-03-02,4882.392,162.49804397679753
37,PRODUCE,2014-03-09,22826.8219,590.1747942803185
37,PRODUCE,2014-07-06,20495.302,725.7982775635974
37,PRODUCE,2014-07-13,21990.854,778.8896462118469
37,PRODUCE,2014-07-20,21923.503,776.4987184675571
37,PRODUCE,2014-07-27,21489.2209,761.0109161004494
37,PRODUCE,2014-08-03,12346.778,436.45863951663864
37,PRODUCE,2014-09-07,24550.93,569.8500304683757
37,PRODUCE,2014-09-14,22649.078,338.0259603998981
37,PRODUCE,2015-01-04,11716.262999999999,-11.891521381097887
37,PRODUCE,2015-01-11,33.0,-23.82267888969043
37,PRODUCE,2015-01-18,34.0,-16.582960715767634
37,PRODUCE,2015-01-25,30.0,-13.531947769947115
37,PRODUCE,2015-02-01,19.0,-12.155819642268325
37,PRODUCE,2015-02-08,17.0,-9.38450232981486
37,PRODUCE,2015-02-15,67.0,-9.34921131489932
37,PRODUCE,2015-05-10,78.0,5.126129772022124
37,PRODUCE,2015-06-07,24555.68,3307.1199244570353
37,PRODUCE,2015-06-14,22360.549,2508.830095777688
37,PRODUCE,2015-06-21,23706.900999999998,2660.0680111515803
37,PRODUCE,2015-06-28,21964.521,1642.4240448461414
37,PRODUCE,2015-07-05,24395.546,1172.821202135245
37,PRODUCE,2015-07-12,24004.24,672.8393812671434
37,PRODUCE,2015-07-19,23958.401,460.2031373455898
37,PRODUCE,2016-04-24,19188.624,-9.398138373936552
37,PRODUCE,2016-05-01,19713.127,-7.048142064244424
37,PRODUCE,2017-04-16,18125.46,-5.364409700912316
37,SEAFOOD,2014-09-21,194.9630005,5.9930915678739405
37,SEAFOOD,2014-10-05,195.36599999999999,5.650094266567658
37,SEAFOOD,2014-10-12,202.801999,6.772685388143645
37,SEAFOOD,2014-10-26,297.83500000000004,5.1602981546872995
38,AUTOMOTIVE,2015-06-07,77.0,5.058680696074464
38,AUTOMOTIVE,2015-07-05,82.0,5.227303385943613
38,AUTOMOTIVE,2015-10-04,87.0,6.744907594765952
38,BEAUTY,2014-12-21,56.0,5.171095822653896
38,BEAUTY,2015-10-04,72.0,5.845586582130491
38,BEAUTY,2016-11-06,121.0,6.166772658071728
38,BEVERAGES,2014-01-05,17957.0,9.650722230903243
38,BEVERAGES,2014-01-12,18953.0,10.290707981977869
38,BEVERAGES,2014-01-19,17966.0,8.972983183163839
38,BEVERAGES,2014-01-26,18325.0,7.694312389476685
38,BEVERAGES,2014-03-09,21065.0,6.623527818007637
38,BEVERAGES,2014-07-06,18324.0,6.614595532611684
38,BEVERAGES,2014-07-13,16975.0,5.860127842285045
38,BEVERAGES,2014-07-20,17505.0,6.15654583774325
38,BEVERAGES,2014-07-27,16720.0,5.579369665454821
38,BEVERAGES,2014-09-07,19017.0,5.209304899666584
38,BEVERAGES,2015-01-11,6044.0,-7.944569494308052
38,BEVERAGES,2015-01-18,6072.0,-7.896818298037951
38,BEVERAGES,2015-01-25,6227.0,-6.843654380892799
38,BEVERAGES,2015-02-01,6170.0,-6.869771999826082
38,BEVERAGES,2015-02-08,5616.0,-5.067731622251805
38,BEVERAGES,2015-05-17,8992.0,12.259861451662818
38,BEVERAGES,2015-05-24,8918.0,11.303230766653531
38,BEVERAGES,2015-05-31,18744.0,45.4181549451903
38,BEVERAGES,2015-06-07,19417.0,30.487449103954198
38,BEVERAGES,2015-06-14,17279.0,20.07850557842453
38,BEVERAGES,2015-06-21,17081.0,15.440605274052574
38,BEVERAGES,2015-06-28,16958.0,11.073892047808606
38,BEVERAGES,2015-10-04,24663.0,5.041377006433442
38,BEVERAGES,2016-11-06,19978.0,5.720959227315411
38,BEVERAGES,2016-11-20,22944.0,8.336226640689558
38,BEVERAGES,2016-11-27,21345.0,6.5622706867039255
38,BEVERAGES,2016-12-04,24825.0,5.393287223076155
38,BEVERAGES,2017-03-19,29489.0,5.601063168110997
38,BEVERAGES,2017-07-16,34178.0,6.540676314522201
38,CLEANING,2015-10-04,13950.0,9.808219794055487
38,CLEANING,2015-11-01,5139.0,-5.075212332336145
38,CLEANING,2017-01-08,10520.0,8.071178987137438
38,CLEANING,2017-02-26,8412.0,7.802509105625253
38,CLEANING,2017-03-05,9374.0,12.896263321192501
38,CLEANING,2017-05-07,8704.0,5.3006590193895144
38,CLEANING,2017-07-02,9239.0,5.214893923918611
38,CLEANING,2017-07-30,12560.0,14.511770885708563
38,CLEANING,2017-08-13,5462.0,-6.213490632754089
38,DAIRY,2013-11-10,5700.0,16.250359844296938
38,DAIRY,2013-11-17,5229.0,12.46764878084057
38,DAIRY,2013-11-24,5805.0,16.403337129951424
38,DAIRY,2013-12-01,6178.0,15.26749846238971
38,DAIRY,2013-12-08,7019.0,13.598981324013664
38,DAIRY,2013-12-15,6687.0,12.304582872301355
38,DAIRY,2013-12-22,7227.0,10.791852151625523
38,EGGS,2013-11-24,1012.0,6.969737847924817
38,EGGS,2014-05-11,868.0,-6.257775379588411
38,EGGS,2015-11-01,482.0,-5.969243221367868
38,FROZEN FOODS,2013-12-01,1389.746,6.255135166577677
38,FROZEN FOODS,2013-12-08,1524.637,8.057259601563478
38,FROZEN FOODS,2013-12-15,4832.914000000001,48.48237352135585
38,FROZEN FOODS,2013-12-22,10620.31697,70.2886850190994
38,FROZEN FOODS,2013-12-29,6108.25496,35.79742410743962
38,FROZEN FOODS,2014-12-07,1412.313,9.516282143142412
38,FROZEN FOODS,2014-12-14,2730.07602,24.553090406735024
38,FROZEN FOODS,2014-12-21,7899.49087,82.44954909620331
38,FROZEN FOODS,2014-12-28,9395.697,100.40959061354482
38,FROZEN FOODS,2015-01-04,2322.929,14.014117583707737
38,FROZEN FOODS,2015-12-06,1616.802,8.101627539632263
38,FROZEN FOODS,2015-12-13,2278.155,11.382778347409957
38,FROZEN FOODS,2015-12-20,21441.17294,151.42344864523255
38,FROZEN FOODS,2015-12-27,10701.8249,66.43184929816144
38,FROZEN FOODS,2016-01-03,2019.74998,5.383363163125006
38,FROZEN FOODS,2016-12-04,3006.001,19.997391595901107
38,FROZEN FOODS,2016-12-11,13267.93199,117.35413436461207
38,FROZEN FOODS,2016-12-18,9473.55096,33.4036071097874
38,FROZEN FOODS,2016-12-25,13184.24297,35.77862179245586
38,GROCERY I,2013-10-06,28598.0,6.670990799206874
38,GROCERY I,2013-12-15,39939.0,9.757845091107159
38,GROCERY I,2013-12-22,36529.0,6.177182960533139
38,GROCERY I,2014-04-06,32348.0,9.321695885839958
38,GROCERY I,2014-05-04,30053.0,5.360887594800991
38,GROCERY I,2014-07-06,30721.0,5.281732228876059
38,GROCERY I,2014-12-14,45092.0,10.733337074118646
38,GROCERY II,2014-12-21,532.0,7.824092809928505
38,GROCERY II,2015-12-20,367.0,6.318913430885997
38,GROCERY II,2015-12-27,488.0,8.066909483340078
38,GROCERY II,2016-03-20,139.0,-5.126129772022124
38,GROCERY II,2016-07-24,60.0,-7.149602050451909
38,GROCERY II,2016-08-07,248.0,5.530824227708081
38,GROCERY II,2016-12-25,452.0,11.572841452072106
38,HARDWARE,2013-09-08,19.0,5.395926075812762
38,HARDWARE,2014-07-06,29.0,10.791852151625523
38,HARDWARE,2014-07-27,24.0,6.7449075947659525
38,HOME AND KITCHEN I,2015-12-20,500.0,7.054049192859392
38,HOME AND KITCHEN I,2017-01-08,647.0,6.933137574154769
38,HOME AND KITCHEN I,2017-01-15,565.0,5.395926075812762
38,HOME AND KITCHEN I,2017-06-18,696.0,6.804862328941649
38,HOME AND KITCHEN II,2015-05-24,808.0,17.31995914513114
38,HOME AND KITCHEN II,2015-05-31,427.0,8.142067025110327
38,HOME AND KITCHEN II,2015-10-25,434.0,5.079758532308108
38,HOME AND KITCHEN II,2017-05-21,676.0,10.301313417460728
38,HOME AND KITCHEN II,2017-05-28,1042.0,13.646673505689252
38,HOME AND KITCHEN II,2017-06-04,824.0,8.622901474092941
38,HOME CARE,2014-11-09,2751.0,5.395926075812762
38,HOME CARE,2015-01-04,1023.0,-5.504177679185548
38,HOME CARE,2015-01-11,0.0,-9.651046793004616
38,HOME CARE,2015-01-18,0.0,-9.567776328871702
38,HOME CARE,2015-01-25,0.0,-9.218040379513468
38,HOME CARE,2015-02-01,0.0,-6.651144305331986
38,HOME CARE,2015-02-08,0.0,-5.627621374869607
38,HOME CARE,2015-02-15,0.0,-5.241462543108198
38,HOME CARE,2015-10-04,3229.0,8.208033703784412
38,HOME CARE,2016-11-06,3017.0,6.135499276993238
38,LADIESWEAR,2015-08-02,256.0,5.800620531498719
38,LAWN AND GARDEN,2013-04-21,41.0,6.475111290975314
38,LAWN AND GARDEN,2013-10-27,8.0,-7.0821529745042495
38,LAWN AND GARDEN,2014-05-11,81.0,5.395926075812762
38,LAWN AND GARDEN,2016-12-04,101.0,7.4193983542425475
38,LAWN AND GARDEN,2016-12-11,112.0,8.768379873195737
38,LINGERIE,2015-01-04,28.0,-5.920529999850114
38,"LIQUOR,WINE,BEER",2013-05-05,521.0,5.557803858087144
38,"LIQUOR,WINE,BEER",2013-10-13,598.0,7.044681265644439
38,"LIQUOR,WINE,BEER",2013-12-15,696.0,5.757260411246651
38,"LIQUOR,WINE,BEER",2013-12-22,1026.0,12.74787535410765
38,"LIQUOR,WINE,BEER",2013-12-29,1426.0,12.339213305718888
38,"LIQUOR,WINE,BEER",2014-01-05,1021.0,5.385549294897737
38,"LIQUOR,WINE,BEER",2014-12-21,1124.0,8.696625537081207
38,"LIQUOR,WINE,BEER",2014-12-28,1562.0,14.78139323959347
38,"LIQUOR,WINE,BEER",2015-01-04,1277.0,10.662694346619366
38,"LIQUOR,WINE,BEER",2015-02-15,985.0,6.256978109187139
38,"LIQUOR,WINE,BEER",2015-12-27,1284.0,7.3034702549575075
38,"LIQUOR,WINE,BEER",2016-12-25,1481.0,6.151355726426548
38,"LIQUOR,WINE,BEER",2017-06-18,1223.0,15.917981923647648
38,"LIQUOR,WINE,BEER",2017-06-25,1583.0,24.01187103736679
38,"LIQUOR,WINE,BEER",2017-07-02,1681.0,26.21520751832367
38,"LIQUOR,WINE,BEER",2017-08-13,1100.0,6.808538798490159
38,MAGAZINES,2014-11-16,16.0,6.7449075947659525
38,MAGAZINES,2015-04-26,26.0,5.845586582130491
38,MAGAZINES,2015-05-10,26.0,5.845586582130491
38,MAGAZINES,2015-05-17,29.0,6.520077341607086
38,MAGAZINES,2015-10-11,103.0,8.768379873195737
38,MAGAZINES,2015-10-25,93.0,7.644228607401412
38,MEATS,2013-07-14,911.235,-5.3530214297272645
38,MEATS,2016-11-06,985.31399,-5.224728653571273
38,PERSONAL CARE,2013-11-10,2466.0,13.254527715295882
38,PERSONAL CARE,2013-11-17,2117.0,6.082680303643477
38,PERSONAL CARE,2015-10-04,4055.0,5.033067122929783
38,PERSONAL CARE,2017-01-08,4555.0,5.066175037846427
38,PLAYERS AND ELECTRONICS,2016-04-03,89.0,7.4193983542425475
38,POULTRY,2013-11-10,1509.494004,11.901453744456521
38,POULTRY,2013-11-17,1416.664,10.6001224901126
38,POULTRY,2013-11-24,1641.7639900000001,13.517689637937922
38,POULTRY,2013-12-01,1505.432,7.414914724446495
38,POULTRY,2013-12-08,1656.798,8.375424632913232
38,POULTRY,2017-01-08,1383.22501,5.989644448751812
38,PREPARED FOODS,2013-12-22,1146.8220000000001,6.064465992519333
38,PREPARED FOODS,2014-05-11,596.184991,-8.377185599715316
38,PREPARED FOODS,2016-10-30,570.4780000000001,-6.264187848231977
38,PREPARED FOODS,2017-01-08,935.877,6.318280179985358
38,PRODUCE,2013-12-29,79.0,5.126129772022124
38,PRODUCE,2014-01-05,12633.9639,1213.4053978531924
38,PRODUCE,2014-01-12,19271.6963,1852.315073904916
38,PRODUCE,2014-01-19,17853.674,1501.2203224065831
38,PRODUCE,2014-01-26,17808.3517,1497.3991383380549
38,PRODUCE,2014-02-02,11551.7317,969.8107800485634
38,PRODUCE,2014-03-02,5057.498,241.29897284692913
38,PRODUCE,2014-03-09,18824.3416,332.72525506400564
38,PRODUCE,2014-07-06,16580.3701,557.9175131525699
38,PRODUCE,2014-07-13,16913.447,569.1503777148254
38,PRODUCE,2014-07-20,17333.8059,583.259338324565
38,PRODUCE,2014-07-27,16958.452,570.6007014703899
38,PRODUCE,2014-08-03,9382.239,315.0964184540672
38,PRODUCE,2014-09-07,19039.081,1280.863415621206
38,PRODUCE,2014-09-14,17194.286,577.8796033994334
38,PRODUCE,2015-01-04,10469.842,-9.222902845273389
38,PRODUCE,2015-01-11,40.0,-21.943690941465153
38,PRODUCE,2015-01-18,37.0,-21.75650753604434
38,PRODUCE,2015-01-25,22.0,-13.054576128229638
38,PRODUCE,2015-02-01,22.0,-8.799659215431584
38,PRODUCE,2015-02-08,41.0,-7.204179260725819
38,PRODUCE,2015-02-15,90.0,-7.117092230544691
38,PRODUCE,2015-06-07,18478.019,4146.0989702774405
38,PRODUCE,2015-06-14,17386.747,2340.4488061513557
38,PRODUCE,2015-06-21,17893.623,2408.6905436395523
38,PRODUCE,2015-06-28,16650.759,1600.7360621302344
38,PRODUCE,2015-07-05,18201.369,1750.050008672024
38,PRODUCE,2015-07-12,18376.548000000003,1545.6417779576423
38,PRODUCE,2015-07-19,18533.018,222.10038831396582
38,PRODUCE,2015-11-01,13604.344,-7.283073923693163
38,PRODUCE,2016-12-25,18211.095999999998,6.135544462269665
38,PRODUCE,2017-01-08,20381.614,5.405747294842637
38,SCHOOL AND OFFICE SUPPLIES,2016-09-04,22.0,6.7449075947659525
38,SCHOOL AND OFFICE SUPPLIES,2016-10-02,22.0,6.7449075947659525
38,SCHOOL AND OFFICE SUPPLIES,2017-08-13,48.0,32.37555645487657
38,SEAFOOD,2016-08-28,154.242,5.743789996844809
39,AUTOMOTIVE,2013-05-05,90.0,7.130330885895435
39,AUTOMOTIVE,2013-07-21,92.0,7.0821529745042495
39,AUTOMOTIVE,2013-08-04,111.0,7.958990961823823
39,AUTOMOTIVE,2016-06-05,305.0,31.970861999190614
39,AUTOMOTIVE,2016-09-25,127.0,5.817482800485633
39,AUTOMOTIVE,2016-10-30,180.0,10.285984082018077
39,BABY CARE,2016-05-22,14.0,6.070416835289357
39,BEVERAGES,2013-09-01,10179.0,6.834380858778154
39,BEVERAGES,2014-01-05,18625.0,12.81424696877819
39,BEVERAGES,2014-01-12,20772.0,15.12755633075303
39,BEVERAGES,2014-01-19,18202.0,11.424379146096747
39,BEVERAGES,2014-01-26,18651.0,10.266553387953685
39,BEVERAGES,2014-03-09,22242.0,7.635615094966085
39,BEVERAGES,2014-07-06,18378.0,15.098600556579784
39,BEVERAGES,2014-07-13,17065.0,13.458588765482062
39,BEVERAGES,2014-07-20,16697.0,12.731637613601732
39,BEVERAGES,2014-07-27,16265.0,12.033414771847257
39,BEVERAGES,2014-08-03,11564.0,6.102892316301193
39,BEVERAGES,2014-09-07,21394.0,7.427993813696147
39,BEVERAGES,2015-01-11,8835.0,-7.1490936403317
39,BEVERAGES,2015-05-31,21319.0,6.478979338341488
39,BEVERAGES,2015-06-07,23710.0,7.153044716517741
39,BEVERAGES,2016-04-24,31134.0,10.164047455646399
39,BEVERAGES,2016-06-19,18347.0,-5.663978946299421
39,BREAD/BAKERY,2016-08-14,4265.0,-11.8207363609966
39,BREAD/BAKERY,2016-10-09,5860.0,5.859638472952921
39,CELEBRATION,2015-01-11,0.0,-6.894794430205196
39,CELEBRATION,2015-01-18,0.0,-6.819851012485574
39,CELEBRATION,2015-01-25,0.0,-6.819851012485574
39,CELEBRATION,2016-12-18,127.0,6.4076622150276545
39,CLEANING,2014-09-07,9094.0,5.187227141266192
39,CLEANING,2014-10-05,10782.0,9.258918607360535
39,CLEANING,2014-11-09,10034.0,6.755405505419285
39,CLEANING,2017-01-08,13774.0,5.260557075219728
39,CLEANING,2017-07-30,22378.0,8.841219048085218
39,CLEANING,2017-08-06,22391.0,7.396874745848474
39,DAIRY,2013-11-10,2839.0,10.46548565510459
39,DAIRY,2013-11-17,2746.0,8.015600007708466
39,DAIRY,2013-11-24,2743.0,7.955377618469484
39,DAIRY,2013-12-01,3086.0,9.97884989689927
39,DAIRY,2013-12-08,3368.0,8.27582412120954
39,DAIRY,2013-12-15,3200.0,6.056141898580858
39,DAIRY,2016-07-31,4032.0,-5.242948790158276
39,DAIRY,2016-08-14,3479.0,-5.989095254359555
39,EGGS,2013-09-22,1818.0,9.568133202289415
39,EGGS,2013-09-29,1499.0,5.9610399553742335
39,EGGS,2013-10-06,1859.0,5.47595040320829
39,EGGS,2014-09-07,3642.0,5.892919267006043
39,EGGS,2014-09-14,3427.0,5.12967972338779
39,FROZEN FOODS,2013-12-15,848.611999,7.585476483036872
39,FROZEN FOODS,2013-12-22,4456.058,63.520669976611565
39,FROZEN FOODS,2013-12-29,3543.05191,48.5721376671623
39,FROZEN FOODS,2014-01-05,972.9069999999999,8.739556240951039
39,FROZEN FOODS,2014-11-30,561.115002,5.287820270695625
39,FROZEN FOODS,2014-12-07,570.955,5.619070102072937
39,FROZEN FOODS,2014-12-14,723.5,11.335191930092781
39,FROZEN FOODS,2014-12-21,2340.886,39.67636743215477
39,FROZEN FOODS,2014-12-28,4301.7660000000005,41.16540724538822
39,FROZEN FOODS,2015-07-05,664.432,5.4940430595036265
39,FROZEN FOODS,2015-11-01,649.396,5.576765358747977
39,FROZEN FOODS,2015-11-08,660.75,6.43946351509471
39,FROZEN FOODS,2015-11-22,658.594,5.831076678925235
39,FROZEN FOODS,2015-11-29,657.381998,5.6082978349575825
39,FROZEN FOODS,2015-12-06,885.965,12.271866399540361
39,FROZEN FOODS,2015-12-13,1180.53,16.82587560061222
39,FROZEN FOODS,2015-12-20,3783.98902,35.422354910693244
39,FROZEN FOODS,2015-12-27,4341.355,33.921575365158155
39,FROZEN FOODS,2016-01-03,1694.578994,9.439239409003465
39,FROZEN FOODS,2016-12-18,2181.051,16.52108287815705
39,FROZEN FOODS,2016-12-25,6497.2941,58.74294469124807
39,FROZEN FOODS,2017-01-01,1654.225,6.74148344695412
39,GROCERY I,2013-05-05,51112.0,5.341672867908128
39,GROCERY I,2013-12-22,38244.0,7.892795586172588
39,GROCERY I,2015-12-20,43923.909,5.076762428884137
39,GROCERY I,2016-04-24,53997.279,9.387572414079754
39,GROCERY II,2013-12-22,348.0,8.30466747605558
39,GROCERY II,2014-06-22,68.0,-12.702909303475876
39,GROCERY II,2015-12-27,459.0,5.757260411246651
39,GROCERY II,2016-07-24,53.0,-5.487902088468661
39,GROCERY II,2016-12-25,375.0,5.126129772022123
39,GROCERY II,2017-01-01,429.0,5.261027923917443
39,GROCERY II,2017-05-14,306.0,5.339718512523045
39,GROCERY II,2017-05-28,332.0,6.520077341607086
39,HARDWARE,2016-09-25,6.0,-6.7449075947659525
39,HARDWARE,2017-05-07,30.0,5.395926075812762
39,HOME AND KITCHEN I,2014-12-07,429.0,5.447809980387885
39,HOME AND KITCHEN I,2016-12-25,472.0,8.56603264535276
39,HOME AND KITCHEN I,2017-02-26,895.0,16.308223005916247
39,HOME AND KITCHEN I,2017-03-05,699.0,11.369987088319748
39,HOME AND KITCHEN II,2015-11-08,191.0,7.194568101083682
39,HOME CARE,2015-01-04,797.0,-5.724669471187909
39,HOME CARE,2015-01-11,0.0,-10.225053194082166
39,HOME CARE,2015-01-18,0.0,-8.002741713789874
39,HOME CARE,2015-01-25,0.0,-6.698919588438002
39,HOME CARE,2016-04-24,4022.0,8.422019753464513
39,LADIESWEAR,2014-03-23,52.0,16.86226898691488
39,LADIESWEAR,2014-10-26,77.0,5.395926075812762
39,LADIESWEAR,2016-07-31,82.0,6.744907594765952
39,LAWN AND GARDEN,2015-05-10,77.0,7.0821529745042495
39,LAWN AND GARDEN,2016-05-15,35.0,-6.070416835289357
39,"LIQUOR,WINE,BEER",2013-12-22,603.0,5.207696096423945
39,"LIQUOR,WINE,BEER",2014-06-15,859.0,6.632492468186519
39,"LIQUOR,WINE,BEER",2014-12-28,1100.0,6.931689651236393
39,"LIQUOR,WINE,BEER",2015-02-15,1254.0,8.479312404848626
39,"LIQUOR,WINE,BEER",2015-04-26,1350.0,8.741400242816674
39,"LIQUOR,WINE,BEER",2015-06-07,1324.0,6.278504410021498
39,"LIQUOR,WINE,BEER",2015-06-14,1287.0,5.712093619317415
39,"LIQUOR,WINE,BEER",2015-11-08,662.0,5.564548765681911
39,"LIQUOR,WINE,BEER",2015-11-15,694.0,6.643733980844463
39,"LIQUOR,WINE,BEER",2017-06-25,857.0,5.462052620859486
39,MAGAZINES,2015-10-11,36.0,9.78011601241063
39,MAGAZINES,2015-10-18,52.0,9.892531138990062
39,MAGAZINES,2015-10-25,32.0,5.395926075812762
39,MEATS,2014-09-07,1138.653,6.088991991695767
39,MEATS,2016-04-10,3042.392,17.197494388205026
39,MEATS,2016-05-01,6290.216,45.557399516831815
39,MEATS,2016-05-08,6428.18001,41.2155431575734
39,MEATS,2016-06-05,6122.5220039999995,68.34372232927471
39,MEATS,2016-06-26,11108.10399,74.16013805098399
39,MEATS,2016-07-03,6080.973,36.704077787099834
39,MEATS,2016-07-17,6112.39739,67.6287992170832
39,MEATS,2016-07-31,6076.51531,24.727880327947673
39,MEATS,2016-08-07,6190.25198,25.299790720806072
39,MEATS,2016-08-21,6491.196999999999,19.245932656353897
39,MEATS,2016-09-04,1125.806,-8.052459905933526
39,MEATS,2016-09-11,1021.819,-7.946678211491038
39,MEATS,2016-10-09,90669.753,142.26879253142954
39,MEATS,2016-11-27,4951.044,7.4340944017066395
39,MEATS,2016-12-25,945.056,-5.424088152600653
39,PERSONAL CARE,2015-07-05,2902.0,7.061713860580717
39,PERSONAL CARE,2016-04-24,4390.0,8.248549415255177
39,PERSONAL CARE,2017-01-08,4233.0,11.220007155467188
39,PET SUPPLIES,2016-03-27,14.0,-6.070416835289357
39,PET SUPPLIES,2016-05-08,37.0,9.442870632672333
39,PET SUPPLIES,2016-05-15,33.0,6.7449075947659525
39,PLAYERS AND ELECTRONICS,2016-08-07,83.0,5.620756328971626
39,PLAYERS AND ELECTRONICS,2016-09-04,85.0,5.620756328971626
39,POULTRY,2013-10-06,813.322992,5.018645207995315
39,POULTRY,2013-11-10,1356.444005,16.339893807822268
39,POULTRY,2013-11-17,1536.43101,19.152352036080217
39,POULTRY,2013-11-24,1370.537,12.766665432871
39,POULTRY,2013-12-08,1542.1109999999999,5.255241294498177
39,PREPARED FOODS,2015-09-06,846.991,6.1279748474788365
39,PRODUCE,2014-11-09,12432.896,5.774106776538866
39,PRODUCE,2015-01-04,5855.302,-12.963481758671486
39,PRODUCE,2015-01-11,0.0,-27.266970822492382
39,PRODUCE,2015-01-18,0.0,-18.966499243765814
39,PRODUCE,2015-01-25,0.0,-15.436720335770755
39,PRODUCE,2015-02-01,0.0,-13.561591442917626
39,PRODUCE,2015-02-08,0.0,-11.974007785775337
39,PRODUCE,2015-02-15,0.0,-11.86039639789018
39,PRODUCE,2016-03-06,14629.428,5.6913852459147005
39,PRODUCE,2017-01-08,16767.075100000002,7.020959618476752
39,PRODUCE,2017-02-26,11223.71203,-8.309175117981773
39,PRODUCE,2017-03-05,14106.847,6.291423683726703
39,PRODUCE,2017-03-12,14012.24,5.867034731260293
39,SCHOOL AND OFFICE SUPPLIES,2014-09-21,27.0,8.43113449345744
39,SCHOOL AND OFFICE SUPPLIES,2015-09-13,107.0,5.339718512523045
39,SCHOOL AND OFFICE SUPPLIES,2016-03-06,40.0,5.395926075812762
39,SCHOOL AND OFFICE SUPPLIES,2016-09-04,117.0,14.838796708485095
39,SCHOOL AND OFFICE SUPPLIES,2016-09-11,96.0,12.005935518683396
39,SEAFOOD,2013-07-14,47.317,-10.003758620997758
39,SEAFOOD,2013-07-21,5.537,-10.150612804966956
39,SEAFOOD,2013-07-28,27.8220003,-8.179847526707729
39,SEAFOOD,2013-08-04,17.175,-7.332314545182806
39,SEAFOOD,2016-08-28,78.2900005,5.2994737010389
39,SEAFOOD,2016-10-09,79.4740001,5.164305910797061
39,SEAFOOD,2016-10-16,85.9219995,8.309794692921548
40,AUTOMOTIVE,2014-01-12,33.0,6.070416835289357
40,AUTOMOTIVE,2014-02-02,39.0,7.4193983542425475
40,AUTOMOTIVE,2015-11-22,47.0,10.791852151625523
40,AUTOMOTIVE,2015-12-06,47.0,5.395926075812762
40,BABY CARE,2015-09-20,10.0,6.070416835289357
40,BABY CARE,2015-12-27,10.0,6.7449075947659525
40,BEAUTY,2014-03-23,18.0,8.093889113719143
40,BEAUTY,2015-10-11,19.0,5.73317145555106
40,BEAUTY,2017-01-08,30.0,7.0821529745042495
40,BEAUTY,2017-01-15,30.0,7.0821529745042495
40,BEVERAGES,2014-01-05,13380.0,10.95041236633069
40,BEVERAGES,2014-01-12,17539.0,15.248896490814941
40,BEVERAGES,2014-01-19,16993.0,9.919413017085144
40,BEVERAGES,2014-01-26,16018.0,6.195407864159059
40,BEVERAGES,2014-07-06,18732.0,10.836155163977203
40,BEVERAGES,2014-07-13,17430.0,9.658960835775424
40,BEVERAGES,2014-07-20,19433.0,11.469959483538991
40,BEVERAGES,2014-07-27,16216.0,8.273813592453516
40,BEVERAGES,2014-09-07,19327.0,5.484520896760121
40,BEVERAGES,2015-05-17,20058.0,6.789873645397725
40,BEVERAGES,2015-05-31,27577.0,11.238514921234469
40,BEVERAGES,2015-06-07,28214.0,11.363220768319918
40,BEVERAGES,2015-06-14,27906.0,11.048942379489402
40,BEVERAGES,2015-06-21,21789.0,5.571762570596099
40,BEVERAGES,2016-04-24,28307.0,5.1309730002844685
40,BREAD/BAKERY,2013-05-05,2330.0,9.850110336507258
40,BREAD/BAKERY,2013-05-19,2293.0,5.991580253012872
40,BREAD/BAKERY,2014-02-02,2177.0,5.111929966559458
40,BREAD/BAKERY,2014-02-09,2426.0,6.626871711857548
40,BREAD/BAKERY,2015-06-07,5445.0,17.799811142587348
40,CELEBRATION,2014-11-02,95.0,16.86226898691488
40,CELEBRATION,2014-11-09,71.0,8.43113449345744
40,CELEBRATION,2014-11-16,140.0,5.227303385943612
40,CLEANING,2014-07-06,11029.0,7.3464804342991314
40,CLEANING,2015-09-06,14137.0,6.0723718809689995
40,CLEANING,2016-03-06,13877.0,5.554722268603289
40,DAIRY,2013-11-10,2191.0,17.281952126144763
40,DAIRY,2013-11-17,2427.0,19.119748263530425
40,DAIRY,2013-11-24,2433.0,18.913271500425346
40,DAIRY,2013-12-01,2627.0,16.78732556919526
40,DAIRY,2013-12-08,2985.0,14.931829916688763
40,DAIRY,2013-12-15,2864.0,10.405605306455167
40,DAIRY,2013-12-22,2952.0,10.237029107539936
40,DAIRY,2015-09-20,2910.0,-5.566323741364744
40,DAIRY,2017-04-16,3638.0,-5.343231485228653
40,DELI,2016-12-18,2709.0,9.814528806261478
40,DELI,2017-02-05,2396.0,5.527534028881365
40,EGGS,2013-05-19,935.0,10.703875096041621
40,EGGS,2013-05-26,889.0,8.336705787130716
40,EGGS,2014-12-28,899.0,-5.015444108928529
40,EGGS,2015-01-25,1278.0,6.969737847924817
40,EGGS,2015-02-01,1263.0,5.901794145420208
40,FROZEN FOODS,2013-12-15,539.847995,13.385540145257506
40,FROZEN FOODS,2013-12-22,1855.56399,56.37255851547702
40,FROZEN FOODS,2013-12-29,2721.90399,79.38466805107039
40,FROZEN FOODS,2014-01-05,752.2289910000001,14.976721977807518
40,FROZEN FOODS,2014-01-12,379.985003,5.166152481522246
40,FROZEN FOODS,2014-12-21,3196.633,40.48210454827209
40,FROZEN FOODS,2014-12-28,3633.7500099999997,44.2727345272729
40,FROZEN FOODS,2015-09-06,534.760998,5.068413503993078
40,FROZEN FOODS,2015-12-13,681.917,5.192319018147596
40,FROZEN FOODS,2015-12-20,3136.6639999999998,48.88062976458805
40,FROZEN FOODS,2015-12-27,5481.57904,90.70235887323875
40,FROZEN FOODS,2016-01-03,2057.916996,27.979481970134035
40,FROZEN FOODS,2016-12-11,866.343,10.767783079565628
40,FROZEN FOODS,2016-12-18,3724.7080100000003,70.1917527781742
40,FROZEN FOODS,2016-12-25,6123.154,108.05871162655285
40,FROZEN FOODS,2017-01-01,2199.11198,25.18909099719588
40,FROZEN FOODS,2017-05-07,703.636002,5.09839098271668
40,FROZEN FOODS,2017-05-14,781.425996,7.235895938883746
40,FROZEN FOODS,2017-05-28,731.51,6.0680519255188345
40,GROCERY I,2014-05-04,28272.0,5.242403964035869
40,GROCERY I,2014-12-21,40568.537,6.544269303948244
40,GROCERY I,2015-04-05,33023.0,5.480874534185129
40,GROCERY I,2015-04-12,36983.0,9.490931667291827
40,GROCERY I,2016-03-06,41600.0,5.098134081845131
40,GROCERY I,2016-04-03,39657.0,5.517915992353219
40,GROCERY I,2016-04-24,49547.0,9.221823580888737
40,GROCERY I,2016-09-04,40827.0,5.650009335888207
40,GROCERY I,2016-12-18,52940.886,9.47233169429184
40,GROCERY II,2013-12-22,86.0,5.530824227708081
40,GROCERY II,2014-12-28,112.0,6.070416835289357
40,GROCERY II,2015-01-04,231.0,15.344664778092541
40,GROCERY II,2016-07-24,0.0,-5.227303385943613
40,GROCERY II,2016-12-25,178.0,10.791852151625523
40,GROCERY II,2017-01-01,186.0,11.562698733884488
40,HARDWARE,2016-03-13,11.0,5.395926075812762
40,HARDWARE,2017-05-14,15.0,5.395926075812762
40,HOME AND KITCHEN I,2016-11-20,450.0,7.019700126404564
40,HOME AND KITCHEN II,2014-12-07,195.0,8.009577768784569
40,HOME AND KITCHEN II,2014-12-14,198.0,8.262511803588291
40,HOME AND KITCHEN II,2014-12-21,210.0,8.852691218130312
40,HOME AND KITCHEN II,2014-12-28,245.0,9.442870632672333
40,HOME AND KITCHEN II,2017-01-01,279.0,5.100836368541751
40,HOME APPLIANCES,2015-01-25,9.0,5.395926075812762
40,HOME CARE,2014-11-09,2228.0,8.910377927822388
40,HOME CARE,2015-01-04,1091.0,-5.963254752008029
40,HOME CARE,2015-01-11,0.0,-12.582089307619478
40,HOME CARE,2015-01-18,0.0,-9.414570321085902
40,HOME CARE,2015-01-25,0.0,-8.857128657337395
40,HOME CARE,2015-02-01,0.0,-6.1474134973300645
40,HOME CARE,2015-02-08,0.0,-5.801788480865778
40,HOME CARE,2015-02-15,0.0,-5.530240253024552
40,HOME CARE,2016-04-24,3680.0,8.352893565358155
40,HOME CARE,2017-07-30,3827.0,5.013209408918738
40,HOME CARE,2017-08-06,4028.0,5.01426301191381
40,LINGERIE,2014-05-11,92.0,5.395926075812762
40,"LIQUOR,WINE,BEER",2013-12-29,806.0,5.087587442909175
40,"LIQUOR,WINE,BEER",2014-01-05,1539.0,11.019602278202036
40,"LIQUOR,WINE,BEER",2014-12-28,1456.0,7.847898366145325
40,"LIQUOR,WINE,BEER",2015-01-04,1905.0,11.41079661326287
40,"LIQUOR,WINE,BEER",2016-01-03,2792.0,12.003980473003752
40,"LIQUOR,WINE,BEER",2016-02-07,1027.0,8.093889113719142
40,"LIQUOR,WINE,BEER",2016-10-09,1136.0,5.509801139101018
40,"LIQUOR,WINE,BEER",2017-01-01,2722.0,7.934246330411073
40,"LIQUOR,WINE,BEER",2017-02-26,1287.0,5.46984287137184
40,MAGAZINES,2015-10-04,12.0,5.395926075812762
40,MAGAZINES,2015-10-18,13.0,5.395926075812762
40,MAGAZINES,2015-10-25,15.0,6.7449075947659525
40,MEATS,2013-12-29,411.251,-11.327477436511794
40,MEATS,2014-01-05,448.594804,-7.578148547610165
40,PERSONAL CARE,2013-05-05,1649.0,5.37468227236468
40,PERSONAL CARE,2017-01-29,4942.0,9.236973453463689
40,PERSONAL CARE,2017-04-02,4034.0,8.939860574757583
40,PERSONAL CARE,2017-04-09,3953.0,7.152513521356124
40,PERSONAL CARE,2017-04-16,3681.0,5.832646711445089
40,PET SUPPLIES,2016-09-25,27.0,5.395926075812762
40,PLAYERS AND ELECTRONICS,2015-12-27,74.0,6.744907594765952
40,PLAYERS AND ELECTRONICS,2017-06-11,50.0,-6.070416835289357
40,POULTRY,2013-11-10,847.4359999999999,9.907822416297122
40,POULTRY,2013-11-17,971.812996,7.464851383714863
40,POULTRY,2013-11-24,893.002986,5.963483930616864
40,POULTRY,2013-12-22,1764.17101,7.191942087655778
40,POULTRY,2014-12-28,2355.485,13.009698733978285
40,POULTRY,2015-12-20,1906.901046,7.054783854662437
40,POULTRY,2015-12-27,2296.482,10.622152386189013
40,POULTRY,2016-12-25,3026.745,19.25812987568885
40,PREPARED FOODS,2016-11-13,393.0,-5.010502784683278
40,PRODUCE,2014-11-09,7607.6999,12.512955546984294
40,PRODUCE,2015-01-04,3144.157,-7.288742189053364
40,PRODUCE,2015-01-11,0.0,-12.954319786500909
40,PRODUCE,2015-01-18,0.0,-12.312813262880919
40,PRODUCE,2015-01-25,0.0,-12.180489649627113
40,PRODUCE,2015-02-01,0.0,-10.908030161856905
40,PRODUCE,2015-02-08,0.0,-9.102967836378184
40,PRODUCE,2015-02-15,0.0,-8.63898263692975
40,PRODUCE,2017-01-08,9282.301,6.040552614731598
40,SEAFOOD,2015-02-22,55.0,5.6657223796034
40,SEAFOOD,2016-05-29,43.0,6.744907594765952
41,BEAUTY,2013-09-22,8.0,-5.395926075812762
41,BEVERAGES,2013-09-22,4633.0,6.736781200073463
41,BEVERAGES,2013-10-20,4681.0,8.572875305231507
41,BEVERAGES,2013-11-03,4646.0,9.632201372174535
41,BEVERAGES,2013-12-29,5685.0,5.064925980884432
41,BEVERAGES,2014-01-05,11023.0,20.261583035781438
41,BEVERAGES,2014-01-12,10470.0,11.86265386582283
41,BEVERAGES,2014-01-19,11182.0,5.490001997433408
41,BEVERAGES,2014-01-26,11296.0,5.585757846225851
41,BEVERAGES,2014-07-06,12898.0,5.7931526714998025
41,BEVERAGES,2014-07-13,12074.0,5.138523241807559
41,BEVERAGES,2014-07-20,12830.0,5.73833540129499
41,BEVERAGES,2014-07-27,12131.0,5.078939252454503
41,BEVERAGES,2014-09-07,12285.0,6.538350918061218
41,BEVERAGES,2015-01-11,5846.0,-5.602402838917842
41,BEVERAGES,2015-05-31,14280.0,7.395368585170285
41,BEVERAGES,2015-06-07,15251.0,8.173435935475597
41,BEVERAGES,2015-06-14,12943.0,6.223710189715856
41,BEVERAGES,2015-06-21,13876.0,5.234944897569102
41,BEVERAGES,2015-12-20,16215.0,5.795114484482584
41,BEVERAGES,2016-11-06,18821.0,9.935022981094251
41,BEVERAGES,2016-11-13,26344.0,22.074243037415844
41,BEVERAGES,2016-11-20,19144.0,10.456220386144347
41,BEVERAGES,2016-11-27,17696.0,8.11970694183308
41,BEVERAGES,2016-12-04,21219.0,11.292110464427147
41,BREAD/BAKERY,2013-05-05,2012.0030000000002,17.748244114936107
41,BREAD/BAKERY,2013-05-12,1901.89199,12.963482968039683
41,BREAD/BAKERY,2013-05-19,1863.43202,7.570241169876639
41,BREAD/BAKERY,2013-05-26,1895.986,5.988979204705554
41,BREAD/BAKERY,2013-12-29,5833.41199,25.776276343829252
41,BREAD/BAKERY,2014-04-27,2966.083,7.145260214463542
41,CELEBRATION,2016-06-05,134.0,5.6657223796034
41,CLEANING,2013-05-05,4804.0,6.948178782553419
41,CLEANING,2013-12-22,5912.0,5.472414718640004
41,CLEANING,2014-12-21,7452.0,6.17055956813741
41,CLEANING,2016-09-25,11390.0,20.82056618681467
41,CLEANING,2016-10-02,7603.0,5.843017093522962
41,CLEANING,2016-10-09,8882.0,10.77258098706905
41,CLEANING,2016-11-06,9082.0,10.72167392231582
41,CLEANING,2016-11-13,9547.0,12.534611512816493
41,CLEANING,2017-06-04,13723.0,6.904744900793179
41,DAIRY,2013-11-10,2964.0,10.072395341517154
41,DAIRY,2013-11-17,2996.0,8.931187987552157
41,DAIRY,2013-11-24,2784.0,7.28760130928735
41,DAIRY,2013-12-01,2848.0,7.7450145829553865
41,DAIRY,2013-12-08,3303.0,8.454392795508358
41,DAIRY,2013-12-15,3306.0,6.340213139079995
41,DAIRY,2013-12-22,4052.0,8.034723257624703
41,DAIRY,2016-05-08,5285.0,5.386558148597809
41,DAIRY,2016-08-21,6503.0,15.407296062901082
41,DAIRY,2016-08-28,6060.0,11.138733113642058
41,DELI,2013-05-05,1328.7829900000002,5.7515269161832325
41,DELI,2013-12-22,1450.307,5.006679675763285
41,DELI,2014-05-04,1522.7914,8.506335086322338
41,DELI,2014-05-11,1570.5158000000001,5.076747054705014
41,DELI,2014-09-14,1109.204,-6.074927895684165
41,DELI,2015-11-01,900.836,-6.803955697149849
41,DELI,2016-11-06,2050.164,8.148590355277804
41,DELI,2016-11-13,1870.937,5.661013348202571
41,EGGS,2017-01-08,1014.0,5.982439779705453
41,FROZEN FOODS,2013-12-08,1296.216,12.64324682102809
41,FROZEN FOODS,2013-12-15,2108.65802,25.605376347344873
41,FROZEN FOODS,2013-12-22,8731.715,134.90036888518262
41,FROZEN FOODS,2013-12-29,6481.763919999999,97.55881926207722
41,FROZEN FOODS,2014-01-05,1503.305,14.892717512580267
41,FROZEN FOODS,2014-11-30,1069.602,8.542774356397267
41,FROZEN FOODS,2014-12-07,1112.866,9.173761299609414
41,FROZEN FOODS,2014-12-14,2815.32897,48.100132532682814
41,FROZEN FOODS,2014-12-21,5532.0509999999995,107.36552454851723
41,FROZEN FOODS,2014-12-28,7853.495,159.09382731317578
41,FROZEN FOODS,2015-01-04,3203.135,19.35582175033356
41,FROZEN FOODS,2015-12-06,1773.337,7.329708080233484
41,FROZEN FOODS,2015-12-13,2760.62502,9.784806993120855
41,FROZEN FOODS,2015-12-20,8584.67,43.128277555546305
41,FROZEN FOODS,2015-12-27,11522.7781,60.06194039610535
41,FROZEN FOODS,2016-01-03,3998.2727999999997,16.589558653702476
41,FROZEN FOODS,2016-12-18,5019.73397,19.523002206147044
41,FROZEN FOODS,2016-12-25,15738.607,69.50390996178871
41,FROZEN FOODS,2017-01-01,4521.629,16.215013837629662
41,GROCERY I,2013-12-15,20458.0,8.306886195659121
41,GROCERY I,2013-12-22,26014.0,6.512095202441683
41,GROCERY I,2014-12-14,24431.0,8.083611159289022
41,GROCERY I,2014-12-21,27965.0,9.587544012965864
41,GROCERY I,2014-12-28,27919.0,8.749468917322561
41,GROCERY I,2015-08-02,22842.0,5.284226969147848
41,GROCERY I,2015-12-20,32228.0,8.922570891409418
41,GROCERY I,2016-06-05,25459.0,5.727039721373999
41,GROCERY I,2016-06-26,24849.0,5.3451723156937305
41,GROCERY I,2016-10-09,24826.0,8.116539922806043
41,GROCERY I,2016-10-16,24382.0,6.671921654374828
41,GROCERY I,2016-12-25,44837.0,5.349676808516111
41,GROCERY II,2014-12-21,266.0,9.695804667476056
41,GROCERY II,2014-12-28,296.0,11.972210980709566
41,GROCERY II,2016-12-25,321.0,6.4076622150276545
41,GROCERY II,2017-01-01,298.0,5.545812911252005
41,GROCERY II,2017-07-16,350.0,6.744907594765952
41,GROCERY II,2017-07-30,431.0,5.345963797333013
41,HARDWARE,2014-10-12,12.0,5.395926075812762
41,HARDWARE,2014-10-26,12.0,5.395926075812762
41,HOME AND KITCHEN I,2014-11-16,469.0,9.32242585419437
41,HOME AND KITCHEN I,2015-04-12,384.0,7.756643733980845
41,HOME AND KITCHEN I,2015-10-04,321.0,7.471282258817671
41,HOME AND KITCHEN I,2015-10-25,274.0,5.032738743786903
41,HOME AND KITCHEN I,2016-07-17,508.0,17.199514366653176
41,HOME AND KITCHEN II,2015-05-24,341.0,5.817482800485633
41,HOME AND KITCHEN II,2015-05-31,461.0,8.795359503574801
41,HOME AND KITCHEN II,2015-10-04,372.0,6.941634066279959
41,HOME AND KITCHEN II,2015-10-11,628.0,12.565513037656569
41,HOME AND KITCHEN II,2015-10-18,1157.0,23.202482125994877
41,HOME AND KITCHEN II,2015-10-25,656.0,9.94873870227978
41,HOME AND KITCHEN II,2015-11-01,647.0,9.723908449120914
41,HOME AND KITCHEN II,2015-12-06,428.0,5.473010734038658
41,HOME AND KITCHEN II,2016-11-13,355.0,5.171095822653896
41,HOME CARE,2014-11-09,1595.0,13.489815189531905
41,HOME CARE,2015-01-11,0.0,-6.961876650261919
41,HOME CARE,2015-01-18,0.0,-5.679922185066065
41,HOME CARE,2015-01-25,0.0,-5.58920120572126
41,HOME CARE,2015-02-01,0.0,-5.2678105125602235
41,HOME CARE,2015-02-08,0.0,-5.1598543099959535
41,HOME CARE,2016-10-02,1739.0,6.042313053644499
41,HOME CARE,2016-11-06,2295.0,21.66801564818562
41,HOME CARE,2016-11-13,2106.0,16.356400917307433
41,HOME CARE,2016-11-27,2013.0,5.0478018128571
41,HOME CARE,2016-12-11,2920.0,8.628139220235258
41,LADIESWEAR,2016-05-15,134.0,5.77064316441087
41,LAWN AND GARDEN,2014-01-26,66.0,11.12909753136382
41,LAWN AND GARDEN,2014-05-11,66.0,5.058680696074464
41,LAWN AND GARDEN,2014-06-15,51.0,10.117361392148927
41,LAWN AND GARDEN,2014-06-22,27.0,-6.7449075947659525
41,LAWN AND GARDEN,2014-07-27,71.0,5.395926075812762
41,LAWN AND GARDEN,2014-08-03,83.0,5.6657223796034
41,LAWN AND GARDEN,2015-11-01,86.0,5.901794145420208
41,LAWN AND GARDEN,2015-11-15,85.0,5.395926075812762
41,LAWN AND GARDEN,2017-05-14,287.0,6.193051518830556
41,LAWN AND GARDEN,2017-05-21,85.0,-6.315686202371755
41,LINGERIE,2013-04-28,59.0,-6.913530284635101
41,"LIQUOR,WINE,BEER",2013-09-01,467.0,7.306983227663115
41,"LIQUOR,WINE,BEER",2013-12-08,440.0,5.554629783924901
41,"LIQUOR,WINE,BEER",2013-12-15,503.0,6.162392847945257
41,"LIQUOR,WINE,BEER",2013-12-22,666.0,11.15975620224912
41,"LIQUOR,WINE,BEER",2013-12-29,1085.0,24.00573930318973
41,"LIQUOR,WINE,BEER",2014-01-05,677.0,9.650406250972825
41,"LIQUOR,WINE,BEER",2014-12-21,1012.0,6.993404190362591
41,"LIQUOR,WINE,BEER",2014-12-28,1432.0,10.93327763345126
41,"LIQUOR,WINE,BEER",2015-01-04,1932.0,16.340082592481387
41,"LIQUOR,WINE,BEER",2015-02-15,929.0,5.879523224116736
41,"LIQUOR,WINE,BEER",2015-11-29,978.0,5.627180050490451
41,"LIQUOR,WINE,BEER",2015-12-06,2011.0,14.392174448831675
41,"LIQUOR,WINE,BEER",2015-12-20,1158.0,6.261826375140823
41,"LIQUOR,WINE,BEER",2015-12-27,1421.0,8.659002993280614
41,"LIQUOR,WINE,BEER",2016-01-03,1569.0,9.470214852651115
41,"LIQUOR,WINE,BEER",2016-07-03,1027.0,8.823440343357094
41,"LIQUOR,WINE,BEER",2016-07-10,1250.0,10.595636657959606
41,"LIQUOR,WINE,BEER",2016-07-17,951.0,5.0444308912967895
41,"LIQUOR,WINE,BEER",2017-07-23,1284.0,7.467576265633732
41,"LIQUOR,WINE,BEER",2017-07-30,1343.0,6.166772658071728
41,MAGAZINES,2014-03-30,40.0,6.070416835289357
41,MAGAZINES,2015-04-19,32.0,7.194568101083682
41,MAGAZINES,2015-04-26,37.0,8.318719366878007
41,MAGAZINES,2015-05-03,29.0,6.520077341607086
41,MAGAZINES,2015-05-10,65.0,14.61396645532623
41,MAGAZINES,2015-05-17,30.0,6.744907594765952
41,MAGAZINES,2015-10-04,72.0,7.4193983542425475
41,MAGAZINES,2015-10-11,85.0,9.105625252934034
41,MAGAZINES,2015-10-18,120.0,14.670174018615945
41,MAGAZINES,2015-10-25,122.0,15.007419398354243
41,MAGAZINES,2016-10-23,114.0,6.576284904896803
41,MAGAZINES,2016-11-20,111.0,6.239039525158506
41,PERSONAL CARE,2013-12-01,4424.0,21.373721330961164
41,PERSONAL CARE,2016-11-13,5204.0,9.345320316219105
41,PERSONAL CARE,2017-06-11,4070.0,9.584043117213946
41,PERSONAL CARE,2017-06-18,3650.0,5.589842169162283
41,PET SUPPLIES,2014-11-16,44.0,5.395926075812762
41,PET SUPPLIES,2017-01-08,78.0,5.171095822653896
41,POULTRY,2013-11-10,1110.692,9.247042427455503
41,POULTRY,2013-11-17,992.7429900000001,7.072741231388204
41,POULTRY,2013-11-24,1065.37801,6.371899879714819
41,POULTRY,2013-12-22,1932.04604,12.957696653692363
41,POULTRY,2014-04-20,953.003615,-5.448789890924081
41,POULTRY,2014-12-21,1693.922,5.655756174338718
41,POULTRY,2014-12-28,1911.42998,7.300284780431911
41,POULTRY,2015-07-05,1496.102,7.091335842867327
41,POULTRY,2016-12-25,2458.7320099999997,14.476203690977412
41,PREPARED FOODS,2016-03-13,265.396998,-5.0218743164875335
41,PREPARED FOODS,2017-01-22,261.018999,-6.94634143121707
41,PRODUCE,2014-01-05,6636.746,1111.0120733845947
41,PRODUCE,2014-01-12,9972.9923,1673.5788985565898
41,PRODUCE,2014-01-19,10188.3276,1709.3834479967627
41,PRODUCE,2014-01-26,10544.2428,1769.3988263860786
41,PRODUCE,2014-02-02,6391.3036,1069.1190476190477
41,PRODUCE,2014-03-02,3797.135,421.00982508206306
41,PRODUCE,2014-03-09,11985.6615,894.3493787190672
41,PRODUCE,2014-07-06,10783.217,426.16774188428917
41,PRODUCE,2014-07-13,11229.6021,443.8784845382912
41,PRODUCE,2014-07-20,11759.167000000001,464.8894628672999
41,PRODUCE,2014-07-27,11505.637,454.31463803651775
41,PRODUCE,2014-08-03,5958.764,234.19763372771206
41,PRODUCE,2014-09-07,11740.467,358.26088689403144
41,PRODUCE,2014-09-14,10906.056,270.6720426078311
41,PRODUCE,2014-11-09,12549.099,5.8415224846917795
41,PRODUCE,2015-01-04,6686.025,-8.686825812053502
41,PRODUCE,2015-01-11,51.0,-9.204811921859553
41,PRODUCE,2015-01-18,34.0,-5.58469477795966
41,PRODUCE,2015-01-25,38.0,-5.498929234613479
41,PRODUCE,2015-06-07,13337.609100000001,2989.929650613787
41,PRODUCE,2015-06-14,12880.034,2887.0529250415934
41,PRODUCE,2015-06-21,13564.596,2280.7223796033995
41,PRODUCE,2015-06-28,13196.442,1267.7961496213215
41,PRODUCE,2015-07-05,13559.8071,536.4108799327096
41,PRODUCE,2015-07-12,13191.1939,492.5354070177017
41,PRODUCE,2015-07-19,13325.792000000001,426.0466490656698
41,PRODUCE,2015-12-27,14988.448,5.660734927886763
41,PRODUCE,2016-01-03,15128.014,5.862109428308335
41,SCHOOL AND OFFICE SUPPLIES,2016-04-10,20.0,5.395926075812762
41,SCHOOL AND OFFICE SUPPLIES,2016-05-01,29.0,7.7566437339808445
41,SCHOOL AND OFFICE SUPPLIES,2016-05-08,25.0,6.4076622150276545
41,SCHOOL AND OFFICE SUPPLIES,2017-04-02,138.0,23.269931201942534
41,SCHOOL AND OFFICE SUPPLIES,2017-04-09,105.0,17.705382436260624
41,SEAFOOD,2013-05-05,76.705,6.550819437447183
42,BEVERAGES,2016-04-24,20482.0,5.619259954574562
42,BEVERAGES,2016-08-14,13587.0,-6.52411017126016
42,BEVERAGES,2017-01-08,27812.0,6.747121459403184
42,BEVERAGES,2017-08-13,13845.0,-5.303259552551337
42,CELEBRATION,2016-02-21,115.0,5.2610279239174425
42,CELEBRATION,2016-02-28,132.0,7.284500202347228
42,CLEANING,2016-02-07,6830.0,8.518165559196355
42,CLEANING,2016-03-06,6189.0,5.003914352356279
42,CLEANING,2017-01-08,9355.0,17.381481298166648
42,CLEANING,2017-03-05,8832.0,10.42070379720454
42,CLEANING,2017-05-07,7793.0,6.016885822632484
42,DAIRY,2016-03-06,6256.0,5.26980178745535
42,DELI,2016-11-13,1743.777,5.901444954018837
42,EGGS,2017-01-08,1264.0,5.757847946751422
42,FROZEN FOODS,2015-12-20,4792.276,10.621804508239622
42,FROZEN FOODS,2015-12-27,6133.31,14.033339547359567
42,FROZEN FOODS,2016-11-06,1411.1390000000001,5.190976560667985
42,FROZEN FOODS,2016-12-11,2229.705,12.529902304581105
42,FROZEN FOODS,2016-12-18,4283.164,32.333486364651606
42,FROZEN FOODS,2016-12-25,6562.67803,33.37710060182293
42,GROCERY II,2015-12-13,582.0,7.218874074398155
42,GROCERY II,2017-04-23,253.0,6.445133923887465
42,GROCERY II,2017-04-30,234.0,5.021208987214654
42,GROCERY II,2017-05-07,360.0,14.164305949008499
42,GROCERY II,2017-05-14,285.0,8.543549620036872
42,HARDWARE,2016-02-14,15.0,5.395926075812762
42,HOME AND KITCHEN I,2016-06-12,187.0,5.817482800485633
42,HOME AND KITCHEN I,2016-07-17,271.0,6.660596249831378
42,HOME AND KITCHEN I,2016-07-31,322.0,8.093889113719142
42,HOME AND KITCHEN II,2015-10-11,1428.0,7.285615063106693
42,HOME AND KITCHEN II,2015-10-18,1462.0,6.319165200486399
42,HOME AND KITCHEN II,2016-12-25,158.0,5.684993544159874
42,LAWN AND GARDEN,2017-05-14,527.0,10.252259544044248
42,LINGERIE,2017-07-02,70.0,5.395926075812762
42,"LIQUOR,WINE,BEER",2016-11-06,950.0,7.714488061513558
42,"LIQUOR,WINE,BEER",2016-12-25,1377.0,12.832619064913683
42,"LIQUOR,WINE,BEER",2017-01-01,1200.0,7.936029574267174
42,MAGAZINES,2015-10-11,61.0,7.554296506137867
42,MAGAZINES,2015-10-18,66.0,8.228787265614462
42,MAGAZINES,2015-10-25,76.0,6.648551771983581
42,MEATS,2016-12-25,1274.658,-5.508559061164632
42,MEATS,2017-01-08,1840.49302,10.130568715711034
42,MEATS,2017-01-15,1763.383,7.358029790757906
42,PERSONAL CARE,2017-01-08,2764.0,10.818831782004587
42,PERSONAL CARE,2017-01-15,2185.0,5.611763118845272
42,PET SUPPLIES,2017-05-07,101.0,9.218040379513468
42,POULTRY,2016-11-06,1857.0620199999998,5.565171342664659
42,POULTRY,2016-11-13,1948.921,6.547719100604616
42,PREPARED FOODS,2016-02-07,808.398996,9.664372670404735
42,PREPARED FOODS,2016-02-14,720.851996,5.542809588337913
42,PRODUCE,2017-01-08,25170.688000000002,11.250535099793607
42,SCHOOL AND OFFICE SUPPLIES,2016-09-04,20.0,5.73317145555106
42,SEAFOOD,2017-01-08,226.195,6.486503755108115
42,SEAFOOD,2017-06-11,98.266,-5.3945681479454946
43,AUTOMOTIVE,2015-01-04,79.0,5.56454876568191
43,BEAUTY,2013-09-15,14.0,7.4193983542425475
43,BEAUTY,2016-10-16,20.0,10.791852151625523
43,BEAUTY,2016-10-23,12.0,5.395926075812762
43,BEAUTY,2016-11-06,35.0,10.117361392148927
43,BEAUTY,2016-11-13,20.0,5.058680696074464
43,BEAUTY,2016-12-04,45.0,5.73317145555106
43,BEVERAGES,2014-01-05,26679.0,5.3059939745492155
43,BEVERAGES,2014-07-06,29026.0,6.3935534339589815
43,BEVERAGES,2017-07-02,38279.0,8.332925674083102
43,BEVERAGES,2017-07-09,39005.0,9.005563436967728
43,BEVERAGES,2017-07-16,37576.0,7.681597372006114
43,BREAD/BAKERY,2013-05-05,1795.0,8.759386663069384
43,BREAD/BAKERY,2016-11-27,3871.0,16.368165291019235
43,BREAD/BAKERY,2016-12-04,4180.0,15.226947051202758
43,BREAD/BAKERY,2016-12-11,3985.0,13.601198984674827
43,BREAD/BAKERY,2016-12-18,3908.0,7.08215297450425
43,BREAD/BAKERY,2016-12-25,3510.0,5.165100349236327
43,CELEBRATION,2015-01-04,89.0,5.126129772022124
43,CELEBRATION,2015-01-11,0.0,-6.879805746661272
43,CELEBRATION,2015-01-18,0.0,-6.879805746661272
43,CLEANING,2014-07-06,8785.0,5.209859659405424
43,CLEANING,2016-09-04,9696.0,5.469291737369865
43,DAIRY,2013-11-10,1839.0,30.654442103108707
43,DAIRY,2013-11-17,1856.0,31.049833237974298
43,DAIRY,2013-11-24,1776.0,28.21619677143757
43,DAIRY,2013-12-01,2021.0,20.647676310508018
43,DAIRY,2013-12-08,2413.0,26.04360238632078
43,DAIRY,2013-12-15,2383.0,23.257440632322595
43,DAIRY,2013-12-22,1958.0,9.853127898745726
43,DELI,2015-01-04,2131.0,5.141770137459262
43,EGGS,2013-05-19,574.0,7.692840554030356
43,EGGS,2013-05-26,559.0,6.922405163049266
43,EGGS,2014-04-06,1118.0,5.6707186074513745
43,EGGS,2015-09-06,1518.0,5.0280220251891645
43,FROZEN FOODS,2013-12-01,208.962001,5.8878455127117615
43,FROZEN FOODS,2013-12-15,398.725,29.229712388155512
43,FROZEN FOODS,2013-12-22,916.6890040000001,59.11946528421434
43,FROZEN FOODS,2013-12-29,1719.128,45.74823148465518
43,FROZEN FOODS,2014-01-05,840.677,16.122869176456103
43,FROZEN FOODS,2014-07-20,432.754998,5.0376689644712584
43,FROZEN FOODS,2014-12-21,1256.036004,30.834334605408376
43,FROZEN FOODS,2014-12-28,2315.20403,63.4667224806522
43,FROZEN FOODS,2015-01-04,1347.191,20.961979458282382
43,FROZEN FOODS,2015-05-17,202.231,-6.783316640475804
43,FROZEN FOODS,2015-12-20,797.687004,9.597683032447092
43,FROZEN FOODS,2015-12-27,2652.95105,47.832922743426614
43,FROZEN FOODS,2016-01-03,1543.365,23.021236958042675
43,FROZEN FOODS,2016-12-11,604.831998,7.783620184767524
43,FROZEN FOODS,2016-12-18,1590.079996,26.3121410414465
43,FROZEN FOODS,2016-12-25,2620.61404,30.08344329495456
43,FROZEN FOODS,2017-01-01,3325.55803,28.24745791400325
43,FROZEN FOODS,2017-06-25,339.784,-6.246983995102414
43,GROCERY I,2014-07-06,27003.0,7.646126529553648
43,GROCERY I,2016-04-24,40759.0,7.943432956736449
43,GROCERY II,2013-12-29,76.0,6.475111290975314
43,GROCERY II,2014-01-05,95.0,8.903278025091057
43,GROCERY II,2014-12-28,129.0,18.37987319573722
43,GROCERY II,2015-01-04,141.0,20.06610009442871
43,GROCERY II,2016-01-03,190.0,14.417239983812223
43,GROCERY II,2017-01-01,152.0,9.218040379513468
43,HARDWARE,2016-04-17,18.0,6.7449075947659525
43,HOME AND KITCHEN I,2015-10-04,312.0,8.588515670668647
43,HOME AND KITCHEN I,2016-08-21,207.0,7.0821529745042495
43,HOME AND KITCHEN II,2015-01-04,191.0,6.537371976465462
43,HOME AND KITCHEN II,2015-01-25,123.0,5.588637721377503
43,HOME AND KITCHEN II,2016-02-07,124.0,6.475111290975314
43,HOME CARE,2014-11-09,1599.0,12.389330266175353
43,HOME CARE,2015-01-11,0.0,-9.27768922218827
43,HOME CARE,2015-01-18,0.0,-9.236393869567253
43,HOME CARE,2015-01-25,0.0,-9.002386871381496
43,HOME CARE,2015-02-01,0.0,-5.041336647973638
43,HOME CARE,2015-07-05,2033.0,9.786998571180801
43,LAWN AND GARDEN,2017-01-15,28.0,8.768379873195737
43,LINGERIE,2014-01-26,42.0,5.845586582130491
43,LINGERIE,2016-11-20,24.0,7.4193983542425475
43,LINGERIE,2016-11-27,28.0,8.768379873195737
43,LINGERIE,2016-12-04,28.0,8.768379873195737
43,LINGERIE,2016-12-11,32.0,5.058680696074464
43,LINGERIE,2016-12-18,34.0,5.058680696074464
43,LINGERIE,2017-04-30,96.0,10.387157695939566
43,"LIQUOR,WINE,BEER",2013-06-30,371.0,-5.029773949239753
43,"LIQUOR,WINE,BEER",2013-12-29,2644.0,7.697347843037848
43,"LIQUOR,WINE,BEER",2014-01-05,2621.0,6.628727368253237
43,"LIQUOR,WINE,BEER",2014-03-02,2919.0,15.526643720624593
43,"LIQUOR,WINE,BEER",2014-08-10,1085.0,6.766665361200681
43,"LIQUOR,WINE,BEER",2015-01-04,2327.0,11.140930702582708
43,"LIQUOR,WINE,BEER",2015-02-15,1609.0,6.888549145395227
43,"LIQUOR,WINE,BEER",2016-12-18,2010.0,11.666466543034735
43,"LIQUOR,WINE,BEER",2016-12-25,1438.0,5.102196228943922
43,"LIQUOR,WINE,BEER",2017-01-01,3173.0,10.541893811348903
43,"LIQUOR,WINE,BEER",2017-02-26,2644.0,5.375034769103309
43,MAGAZINES,2014-11-23,10.0,5.395926075812762
43,MAGAZINES,2014-12-21,17.0,5.058680696074464
43,MAGAZINES,2015-06-21,19.0,5.395926075812762
43,MAGAZINES,2015-10-11,19.0,5.395926075812762
43,MAGAZINES,2015-11-01,26.0,7.4193983542425475
43,MAGAZINES,2015-12-27,53.0,7.0821529745042495
43,MAGAZINES,2016-09-04,35.0,7.0821529745042495
43,MEATS,2013-12-01,616.454992,-8.407524466175849
43,MEATS,2013-12-08,721.276996,-5.697172210534122
43,MEATS,2013-12-15,604.853001,-8.341956778880187
43,MEATS,2013-12-22,686.198996,-6.205036196923691
43,MEATS,2016-11-20,636.829,-5.9455888349206765
43,PERSONAL CARE,2015-11-08,2050.0,5.103982314248265
43,PERSONAL CARE,2015-12-06,2308.0,7.248258907808188
43,PERSONAL CARE,2016-11-06,2209.0,7.613569936516113
43,PET SUPPLIES,2016-12-18,25.0,6.7449075947659525
43,PET SUPPLIES,2017-01-01,39.0,5.058680696074464
43,PET SUPPLIES,2017-08-06,31.0,6.070416835289357
43,PLAYERS AND ELECTRONICS,2015-08-02,23.0,-6.070416835289357
43,POULTRY,2014-07-06,1592.791,6.85516014646503
43,POULTRY,2015-10-04,13304.954999999998,77.26234308415818
43,PREPARED FOODS,2013-06-02,346.0,5.0785186595884815
43,PREPARED FOODS,2016-12-04,638.604995,6.164538852711658
43,PREPARED FOODS,2016-12-11,621.202,5.637988906610803
43,PREPARED FOODS,2017-01-08,935.325,5.105146622924732
43,PRODUCE,2015-01-11,0.0,-8.765026258387662
43,PRODUCE,2015-01-18,0.0,-8.765026258387662
43,PRODUCE,2015-01-25,0.0,-8.569102819483977
43,PRODUCE,2015-02-01,0.0,-5.762461477059524
43,PRODUCE,2016-01-03,6295.744,5.303494243893854
43,PRODUCE,2016-11-27,7311.994000000001,11.875470541552636
43,PRODUCE,2016-12-04,8478.127,11.824969020747725
43,PRODUCE,2016-12-11,7722.495000000001,9.557465343367214
43,PRODUCE,2016-12-18,7583.623,9.050449466154214
43,PRODUCE,2016-12-25,9200.244,8.909902574375625
43,PRODUCE,2017-01-01,11315.971,10.626789705593412
43,SCHOOL AND OFFICE SUPPLIES,2017-03-26,91.0,7.80482164537203
43,SCHOOL AND OFFICE SUPPLIES,2017-04-02,274.0,25.341581391763505
43,SCHOOL AND OFFICE SUPPLIES,2017-04-09,216.0,19.46387620203889
43,SCHOOL AND OFFICE SUPPLIES,2017-04-16,138.0,11.65905455666686
43,SCHOOL AND OFFICE SUPPLIES,2017-04-23,275.0,19.335401771662397
43,SCHOOL AND OFFICE SUPPLIES,2017-04-30,287.0,20.084835948858615
43,SEAFOOD,2014-04-20,0.0,-5.395926075812762
43,SEAFOOD,2014-11-02,16.0,10.117361392148927
43,SEAFOOD,2017-04-09,14.0,6.7449075947659525
43,SEAFOOD,2017-04-16,20.0,10.791852151625523
43,SEAFOOD,2017-05-07,20.0,9.442870632672333
43,SEAFOOD,2017-05-14,20.0,9.442870632672333
44,AUTOMOTIVE,2013-04-21,175.0,9.635582278237074
44,AUTOMOTIVE,2015-03-15,306.0,7.059669949188364
44,AUTOMOTIVE,2017-01-08,183.0,5.2610279239174425
44,BEAUTY,2014-01-05,80.0,5.620756328971626
44,BEAUTY,2015-08-09,88.0,6.295247088448222
44,BEAUTY,2015-08-16,108.0,10.791852151625523
44,BEAUTY,2015-08-23,106.0,9.892531138990062
44,BEAUTY,2016-05-15,207.0,6.560955569454154
44,BEVERAGES,2014-01-05,59875.0,9.891513807527804
44,BEVERAGES,2014-01-12,63527.0,11.129945307582368
44,BEVERAGES,2014-01-19,61667.0,10.476140287838339
44,BEVERAGES,2014-01-26,57898.0,8.158292511731254
44,BEVERAGES,2014-03-09,70925.0,5.470509895890109
44,BEVERAGES,2014-09-07,84270.0,12.142962241022822
44,BEVERAGES,2014-09-14,73832.0,8.780619153249356
44,BEVERAGES,2015-05-31,68792.0,8.865832566114861
44,BEVERAGES,2015-06-07,69526.0,7.854868053706904
44,BEVERAGES,2016-04-24,122530.0,13.412441598225142
44,BEVERAGES,2017-08-13,60127.0,-6.979085276393129
44,BREAD/BAKERY,2013-12-29,5323.169,-6.5803865211330415
44,BREAD/BAKERY,2015-09-06,11071.391,5.4119724841860934
44,BREAD/BAKERY,2015-12-27,6904.688,-5.650192186227425
44,CELEBRATION,2014-09-21,687.0,9.398882104880382
44,CELEBRATION,2014-09-28,954.0,8.262511803588291
44,CELEBRATION,2014-12-28,78.0,-5.986105490354783
44,CELEBRATION,2015-01-04,32.0,-9.695804667476056
44,CELEBRATION,2015-01-11,0.0,-12.225145015513288
44,CELEBRATION,2015-01-18,0.0,-10.866795569345145
44,CELEBRATION,2015-01-25,0.0,-10.11736139214893
44,CELEBRATION,2015-02-01,0.0,-7.971254430177944
44,CELEBRATION,2016-12-25,584.0,8.117978069414734
44,CLEANING,2015-11-01,14210.0,-5.120862599063088
44,CLEANING,2016-04-24,24100.0,5.6003172150480935
44,CLEANING,2016-11-06,22465.0,5.165365516351497
44,CLEANING,2016-11-13,24747.0,7.472993572012052
44,CLEANING,2017-01-08,27334.0,5.734705783939313
44,DAIRY,2013-12-08,18785.0,5.024877546124006
44,DAIRY,2015-07-12,16878.0,-7.85553523631012
44,DELI,2014-09-07,5551.291,6.614274055620046
44,DELI,2015-02-15,3702.875,-5.661650342965729
44,DELI,2015-11-01,2934.643,-5.007569255838354
44,EGGS,2014-03-09,5484.0,5.445158977964338
44,EGGS,2015-06-14,4267.0,-11.223526237690544
44,EGGS,2015-07-12,4176.0,-6.904655406220935
44,EGGS,2017-03-05,6333.0,10.298322327618258
44,EGGS,2017-05-07,5510.0,5.736209702215368
44,EGGS,2017-06-11,5535.0,5.717980222229514
44,EGGS,2017-08-13,4017.0,-5.648860110616485
44,FROZEN FOODS,2013-12-08,5485.880999999999,6.6787139562189335
44,FROZEN FOODS,2013-12-15,10611.436,24.009210713782522
44,FROZEN FOODS,2013-12-22,26503.7125,73.1825338557761
44,FROZEN FOODS,2013-12-29,14636.5485,23.783499652883197
44,FROZEN FOODS,2014-12-14,16074.186,27.609262417818094
44,FROZEN FOODS,2014-12-21,18046.4275,29.20357783234238
44,FROZEN FOODS,2014-12-28,11401.569,10.897356579570692
44,FROZEN FOODS,2015-12-06,5645.766,5.516736003411969
44,FROZEN FOODS,2015-12-13,9280.001,15.869774751490974
44,FROZEN FOODS,2015-12-20,30872.0227,77.27254485669783
44,FROZEN FOODS,2015-12-27,26007.5543,47.846510258736046
44,FROZEN FOODS,2016-01-03,8231.582,5.978518286427187
44,FROZEN FOODS,2016-12-11,7852.5951,10.765328535168196
44,FROZEN FOODS,2016-12-18,22348.477,26.661547293820217
44,FROZEN FOODS,2016-12-25,25948.143,27.695406980746046
44,FROZEN FOODS,2017-01-01,8465.501,5.375984979268382
44,GROCERY I,2013-06-09,63355.0,7.721336455957701
44,GROCERY I,2014-12-21,122824.0,6.383028335623527
44,GROCERY I,2015-12-20,98851.0,5.436043750636596
44,GROCERY I,2016-04-24,133578.0,5.591846377486619
44,GROCERY I,2016-11-06,91757.0,5.789507640267067
44,GROCERY II,2013-05-05,738.0,8.224435712327516
44,GROCERY II,2013-05-12,704.0,6.534129232429516
44,GROCERY II,2013-12-29,845.0,5.457243417583362
44,GROCERY II,2014-01-05,884.0,6.254368860601156
44,GROCERY II,2014-12-21,1087.0,10.987672049538082
44,GROCERY II,2014-12-28,840.0,5.61350374016005
44,GROCERY II,2016-12-25,974.0,5.620756328971626
44,GROCERY II,2017-01-01,1357.0,8.190244936501513
44,HARDWARE,2016-09-04,72.0,5.877705189724615
44,HOME AND KITCHEN I,2015-08-09,406.0,-5.140713356010807
44,HOME AND KITCHEN I,2016-01-24,612.0,-6.785785822613018
44,HOME AND KITCHEN I,2016-01-31,688.0,-5.1302175948068305
44,HOME AND KITCHEN I,2017-01-01,2818.0,12.210173842113692
44,HOME AND KITCHEN II,2015-01-11,406.0,6.35441294454266
44,HOME AND KITCHEN II,2015-06-21,829.0,9.282277594701714
44,HOME AND KITCHEN II,2015-10-18,2229.0,30.66580080876148
44,HOME AND KITCHEN II,2015-10-25,1994.0,26.85414372613793
44,HOME AND KITCHEN II,2015-11-01,621.0,5.317496917734088
44,HOME AND KITCHEN II,2015-12-06,1098.0,11.115607716174289
44,HOME AND KITCHEN II,2015-12-13,1384.0,14.865776338864158
44,HOME AND KITCHEN II,2015-12-20,1604.0,10.426833622967601
44,HOME AND KITCHEN II,2016-03-20,2262.0,6.021658467134422
44,HOME AND KITCHEN II,2017-03-05,1096.0,5.922028868204506
44,HOME AND KITCHEN II,2017-03-12,1208.0,6.758397409955484
44,HOME APPLIANCES,2016-10-09,1.0,-5.058680696074464
44,HOME APPLIANCES,2016-10-16,0.0,-5.395926075812762
44,HOME CARE,2016-04-03,4989.0,14.398911430565578
44,HOME CARE,2016-04-10,4361.0,5.19064627945032
44,HOME CARE,2016-04-17,4405.0,5.83581135373228
44,HOME CARE,2016-04-24,9255.0,41.5883067107863
44,HOME CARE,2017-03-05,6716.0,5.3281690132169395
44,LADIESWEAR,2014-03-16,212.0,17.13206529070552
44,LADIESWEAR,2014-11-09,321.0,10.213717214931298
44,LADIESWEAR,2016-12-18,279.0,5.845586582130492
44,LADIESWEAR,2017-01-08,264.0,6.070416835289357
44,LAWN AND GARDEN,2013-05-12,92.0,5.800620531498719
44,LAWN AND GARDEN,2013-06-16,121.0,6.45584012641884
44,LAWN AND GARDEN,2016-12-11,222.0,8.15009667700886
44,LAWN AND GARDEN,2017-01-01,213.0,5.530824227708081
44,LAWN AND GARDEN,2017-01-08,208.0,5.21606187328567
44,LINGERIE,2013-06-30,232.0,5.6657223796034
44,LINGERIE,2014-07-13,341.0,13.796401898384902
44,LINGERIE,2015-02-08,215.0,5.56454876568191
44,LINGERIE,2016-08-21,195.0,6.254368860601156
44,LINGERIE,2016-08-28,230.0,8.40047582257214
44,LINGERIE,2016-12-04,256.0,5.058680696074464
44,LINGERIE,2017-08-13,399.0,12.140833670578713
44,"LIQUOR,WINE,BEER",2013-11-10,2839.0,6.159165619431014
44,"LIQUOR,WINE,BEER",2013-12-08,3141.0,7.82764276129417
44,"LIQUOR,WINE,BEER",2013-12-15,2714.0,5.30126070606166
44,"LIQUOR,WINE,BEER",2013-12-22,4008.0,12.03706586142847
44,"LIQUOR,WINE,BEER",2013-12-29,3422.0,8.658847185759369
44,"LIQUOR,WINE,BEER",2014-06-15,3561.0,11.058683660869011
44,"LIQUOR,WINE,BEER",2014-11-16,1895.0,-5.4136758326410925
44,"LIQUOR,WINE,BEER",2014-12-07,3088.0,5.67328676195267
44,"LIQUOR,WINE,BEER",2014-12-21,3866.0,6.144131672390625
44,"LIQUOR,WINE,BEER",2014-12-28,4085.0,6.0606886031815215
44,"LIQUOR,WINE,BEER",2015-05-03,2820.0,15.54394613884699
44,"LIQUOR,WINE,BEER",2015-05-10,2866.0,16.86226898691488
44,"LIQUOR,WINE,BEER",2015-06-21,2983.0,8.860957036261151
44,"LIQUOR,WINE,BEER",2015-10-11,3175.0,9.649569413802256
44,"LIQUOR,WINE,BEER",2015-11-29,3242.0,8.663264430160424
44,"LIQUOR,WINE,BEER",2016-11-06,3312.0,10.270654746575428
44,"LIQUOR,WINE,BEER",2016-12-04,3612.0,7.1484490747946845
44,"LIQUOR,WINE,BEER",2016-12-11,3523.0,6.635374907329583
44,"LIQUOR,WINE,BEER",2016-12-18,3979.0,9.258394527516343
44,"LIQUOR,WINE,BEER",2016-12-25,6380.0,22.851977526198493
44,"LIQUOR,WINE,BEER",2017-01-01,4367.0,8.406888093606975
44,MAGAZINES,2015-04-12,19.0,6.4076622150276545
44,MAGAZINES,2015-04-19,27.0,9.105625252934034
44,MAGAZINES,2015-04-26,73.0,24.618912720895725
44,MAGAZINES,2015-05-03,64.0,21.583704303251046
44,MAGAZINES,2015-05-10,85.0,28.665857277755297
44,MAGAZINES,2015-05-17,48.0,16.187778227438287
44,MAGAZINES,2015-05-24,49.0,15.850532847699988
44,MAGAZINES,2015-10-04,117.0,5.920529999850114
44,MAGAZINES,2015-10-18,254.0,28.868204505598275
44,MAGAZINES,2015-10-25,177.0,18.48104680965871
44,MAGAZINES,2015-11-01,113.0,5.470869493532383
44,MAGAZINES,2015-11-08,114.0,5.470869493532383
44,MAGAZINES,2015-11-22,213.0,7.208619991906112
44,MAGAZINES,2016-11-20,233.0,5.995473417569735
44,MEATS,2016-03-06,7669.0419999999995,7.2588837197206635
44,MEATS,2016-03-27,5264.532,-6.7600904610680175
44,MEATS,2017-04-09,5884.915999999999,-5.55848039763867
44,MEATS,2017-04-16,5230.403,-7.810558301063922
44,PERSONAL CARE,2016-04-24,9119.0,15.585554335048467
44,PET SUPPLIES,2014-10-26,143.0,5.395926075812762
44,PET SUPPLIES,2014-11-02,148.0,7.0821529745042495
44,PET SUPPLIES,2014-11-23,199.0,5.20321443024802
44,PET SUPPLIES,2015-01-11,0.0,-6.030740908261322
44,PET SUPPLIES,2015-01-18,0.0,-6.030740908261322
44,PET SUPPLIES,2015-07-26,158.0,5.246039240373518
44,PET SUPPLIES,2017-07-02,399.0,5.171095822653897
44,PLAYERS AND ELECTRONICS,2015-01-11,0.0,-6.622272911224753
44,PLAYERS AND ELECTRONICS,2015-01-18,0.0,-6.520077341607087
44,PLAYERS AND ELECTRONICS,2015-01-25,0.0,-6.147501493515254
44,PLAYERS AND ELECTRONICS,2016-10-02,373.0,5.100836368541751
44,POULTRY,2013-11-10,9903.019,17.505605419112293
44,POULTRY,2013-11-17,10213.222,9.391885769505048
44,POULTRY,2013-11-24,9693.283,7.441326485754343
44,POULTRY,2013-12-01,10422.707,8.11799187951095
44,POULTRY,2013-12-15,11342.624,6.009163129289665
44,POULTRY,2015-02-15,7685.224,-5.097694047662494
44,POULTRY,2015-12-20,10921.463899999999,6.003112861568722
44,POULTRY,2016-03-06,10698.687,5.03846330026575
44,POULTRY,2016-03-27,7896.472,-5.310426342129309
44,PREPARED FOODS,2015-11-01,2710.51602,-11.563628304810587
44,PREPARED FOODS,2015-12-20,3960.429,5.740943526178991
44,PREPARED FOODS,2015-12-27,2711.09002,-5.40633044106932
44,PRODUCE,2013-10-13,85.0,-8.59975718332659
44,PRODUCE,2013-10-20,119.0,-5.56454876568191
44,PRODUCE,2014-01-05,55478.577000000005,909.9633307340763
44,PRODUCE,2014-01-12,78348.266,994.7754454820573
44,PRODUCE,2014-01-19,73955.393,938.6925187521157
44,PRODUCE,2014-01-26,71648.991,909.0479881086006
44,PRODUCE,2014-02-02,42366.447,481.77442513952815
44,PRODUCE,2014-03-02,21644.995,244.88581671685336
44,PRODUCE,2014-03-09,81771.027,578.7203632310238
44,PRODUCE,2014-07-06,67652.296,270.8734655335222
44,PRODUCE,2014-07-13,70987.868,284.2652065547655
44,PRODUCE,2014-07-20,71964.01,288.1601578308377
44,PRODUCE,2014-07-27,69518.959,278.3437036287603
44,PRODUCE,2014-08-03,37927.426,151.04749217911905
44,PRODUCE,2014-09-07,93170.902,1044.5602545078468
44,PRODUCE,2014-09-14,86722.868,346.6074238949593
44,PRODUCE,2015-01-11,179.0,-7.201705405498234
44,PRODUCE,2015-01-18,175.0,-7.1188334482515065
44,PRODUCE,2015-01-25,132.0,-6.245618796750791
44,PRODUCE,2015-06-07,76825.356,4700.425297082521
44,PRODUCE,2015-06-14,72359.584,4426.4120770636355
44,PRODUCE,2015-06-21,74196.527,1721.6150332361137
44,PRODUCE,2015-06-28,73274.227,1700.0708680463492
44,PRODUCE,2015-07-05,74773.37299999999,1734.6593589081622
44,PRODUCE,2015-07-12,66318.429,473.99069633277946
44,PRODUCE,2015-07-19,73652.082,307.1785171760538
44,PRODUCE,2015-11-01,61727.263,-12.637016052976895
44,SCHOOL AND OFFICE SUPPLIES,2014-03-16,107.0,8.346823148522866
44,SCHOOL AND OFFICE SUPPLIES,2015-08-09,328.0,7.344454936522925
44,SCHOOL AND OFFICE SUPPLIES,2015-08-16,873.0,20.066100094428705
44,SCHOOL AND OFFICE SUPPLIES,2015-08-23,1122.0,22.742985296101445
44,SCHOOL AND OFFICE SUPPLIES,2015-08-30,1491.0,28.62618135072726
44,SCHOOL AND OFFICE SUPPLIES,2015-09-06,2018.0,30.791287461687357
44,SCHOOL AND OFFICE SUPPLIES,2015-09-13,684.0,7.627877316262586
44,SCHOOL AND OFFICE SUPPLIES,2016-08-21,771.0,8.377885222972445
44,SCHOOL AND OFFICE SUPPLIES,2016-08-28,1121.0,11.150175367597464
44,SCHOOL AND OFFICE SUPPLIES,2016-09-04,1301.0,12.462978510925744
44,SCHOOL AND OFFICE SUPPLIES,2016-09-11,1201.0,10.81085189132909
44,SCHOOL AND OFFICE SUPPLIES,2017-08-06,2760.0,121.45330275641892
44,SCHOOL AND OFFICE SUPPLIES,2017-08-13,2869.0,86.15086518769239
45,AUTOMOTIVE,2013-05-26,164.0,6.924771797293045
45,AUTOMOTIVE,2015-03-15,219.0,5.010502784683278
45,BEAUTY,2013-07-07,85.0,5.395926075812762
45,BEAUTY,2014-01-05,38.0,-6.4076622150276545
45,BEAUTY,2014-01-12,40.0,-5.73317145555106
45,BEAUTY,2017-01-08,161.0,5.20321443024802
45,BEVERAGES,2014-01-05,55077.0,26.66145904607364
45,BEVERAGES,2014-01-12,53390.0,25.29218598802669
45,BEVERAGES,2014-01-19,53425.0,24.029600508758747
45,BEVERAGES,2014-01-26,49235.0,20.37372256918999
45,BEVERAGES,2014-02-02,35856.0,9.676056064158047
45,BEVERAGES,2014-03-09,62760.0,8.474838971526399
45,BEVERAGES,2014-07-06,55604.0,10.564053088623016
45,BEVERAGES,2014-07-13,48638.0,8.177815084299013
45,BEVERAGES,2014-07-20,53909.0,9.983422394203092
45,BEVERAGES,2014-07-27,52620.0,9.541869022458384
45,BEVERAGES,2014-08-03,46833.0,7.031626114665348
45,BEVERAGES,2014-09-07,64127.0,6.297146275679875
45,BEVERAGES,2015-01-11,30812.0,-6.002224306965232
45,BEVERAGES,2015-01-18,27758.0,-6.600062562799295
45,BEVERAGES,2015-05-31,56182.0,12.735112322653691
45,BEVERAGES,2015-06-07,63208.0,15.84831704362812
45,BEVERAGES,2015-06-14,55557.0,11.850381087279105
45,BEVERAGES,2015-06-21,58393.0,6.9909834897082614
45,BEVERAGES,2015-06-28,58810.0,6.13094534398415
45,BEVERAGES,2016-11-06,86659.0,9.571637050390592
45,BREAD/BAKERY,2013-12-29,4447.656,-5.854337438600369
45,BREAD/BAKERY,2014-01-05,7474.1810000000005,5.125429064843833
45,BREAD/BAKERY,2015-06-07,10046.597,10.666455612641276
45,CELEBRATION,2015-01-04,93.0,-6.985797151721878
45,CELEBRATION,2015-01-11,0.0,-10.984563797190265
45,CELEBRATION,2015-01-18,0.0,-10.695496328843152
45,CELEBRATION,2016-12-11,587.0,11.503814619961929
45,CELEBRATION,2016-12-25,421.0,5.021208987214654
45,CELEBRATION,2017-07-23,194.0,-5.021208987214654
45,CELEBRATION,2017-07-30,171.0,-5.058680696074464
45,CLEANING,2014-11-09,21456.0,6.589725843944344
45,CLEANING,2014-12-07,21285.0,5.3274393217736
45,CLEANING,2016-11-06,24111.0,5.82827046325366
45,CLEANING,2017-01-08,29635.0,8.21115763549512
45,CLEANING,2017-05-07,24399.0,7.269511518803304
45,DAIRY,2013-11-10,11818.0,11.237069372307701
45,DAIRY,2013-11-17,12160.0,11.86357264692035
45,DAIRY,2013-11-24,11852.0,7.727194137440318
45,DAIRY,2013-12-01,13204.0,9.215097575152749
45,DAIRY,2013-12-08,14741.0,11.928951756607008
45,DAIRY,2013-12-15,13522.0,9.776584647177767
45,DAIRY,2013-12-22,14518.0,5.116279535683233
45,DAIRY,2016-11-06,20307.0,5.389181168217996
45,DELI,2014-01-05,5196.9519,5.754062827678672
45,DELI,2014-11-09,5167.186,5.759854394764847
45,DELI,2015-11-01,3357.639,-5.160300927925779
45,DELI,2016-11-06,6357.111,5.852350642511081
45,EGGS,2014-01-05,3755.0,9.199304525083562
45,EGGS,2014-03-09,3919.0,5.839341297320523
45,EGGS,2016-02-14,3006.0,5.554629783924901
45,EGGS,2016-04-17,2349.0,-6.78842312763541
45,EGGS,2017-03-05,3720.0,8.152178438612182
45,FROZEN FOODS,2013-12-01,3311.6279999999997,7.135784531403999
45,FROZEN FOODS,2013-12-08,4343.781,11.235775269297623
45,FROZEN FOODS,2013-12-15,8274.0559,35.92502481529464
45,FROZEN FOODS,2013-12-22,23264.4619,129.6902209905913
45,FROZEN FOODS,2013-12-29,22776.186,116.95680561547603
45,FROZEN FOODS,2014-01-05,6627.385,9.018607170146819
45,FROZEN FOODS,2014-12-14,10263.07796,16.545573120350628
45,FROZEN FOODS,2014-12-21,21261.63,38.553036300836986
45,FROZEN FOODS,2014-12-28,17242.5291,29.917591481774213
45,FROZEN FOODS,2015-01-04,7980.322,9.718540090995297
45,FROZEN FOODS,2015-12-06,5935.30413,9.012498646384806
45,FROZEN FOODS,2015-12-13,9507.572,18.39453158477823
45,FROZEN FOODS,2015-12-20,28893.2557,52.3849112492935
45,FROZEN FOODS,2015-12-27,25420.4967,45.123093192206525
45,FROZEN FOODS,2016-01-03,9469.6438,9.354463374855014
45,FROZEN FOODS,2016-11-06,3450.081,7.2418344573788564
45,FROZEN FOODS,2016-12-04,4506.17198,14.903440250866774
45,FROZEN FOODS,2016-12-11,6993.374,21.594353519527278
45,FROZEN FOODS,2016-12-18,23437.82,71.77616035890753
45,FROZEN FOODS,2016-12-25,32101.7511,85.7666927597184
45,FROZEN FOODS,2017-01-01,10203.1778,19.976024713834708
45,GROCERY I,2013-12-15,67440.0,5.130710103576072
45,GROCERY I,2013-12-22,76418.0,6.639993304188787
45,GROCERY I,2014-11-09,75054.0,5.632943988914618
45,GROCERY I,2014-12-07,79243.0,5.408416645432698
45,GROCERY I,2014-12-21,113660.0,14.248019341142118
45,GROCERY I,2015-06-07,74299.0,5.662922802277363
45,GROCERY I,2015-08-16,80165.0,7.184774358995322
45,GROCERY I,2015-09-06,88213.0,9.925011306894813
45,GROCERY I,2015-11-08,86782.0,5.226527972088537
45,GROCERY I,2015-12-06,92939.0,5.396132594722583
45,GROCERY I,2016-04-24,201637.0,14.368959590911015
45,GROCERY I,2016-11-06,95959.0,8.009616214450293
45,GROCERY I,2016-12-18,105719.0,7.416197923592599
45,GROCERY II,2013-04-21,576.0,5.005859130573285
45,GROCERY II,2013-12-22,799.0,8.768379873195737
45,GROCERY II,2014-12-21,1197.0,9.678942398489141
45,GROCERY II,2015-08-30,446.0,-5.102669223866417
45,GROCERY II,2015-12-20,761.0,10.866795569345145
45,GROCERY II,2015-12-27,818.0,12.665437594616066
45,GROCERY II,2016-01-03,994.0,19.148043227363342
45,GROCERY II,2016-07-17,287.0,-5.877705189724615
45,GROCERY II,2016-07-24,278.0,-5.82952727833343
45,GROCERY II,2016-08-07,282.0,-5.148612797338011
45,GROCERY II,2017-04-23,760.0,5.070309847099923
45,GROCERY II,2017-04-30,780.0,5.3509600251809895
45,GROCERY II,2017-05-07,823.0,6.092174601724086
45,GROCERY II,2017-05-14,977.0,8.958080399298531
45,GROCERY II,2017-05-21,940.0,5.807200929152149
45,HARDWARE,2013-12-08,15.0,6.070416835289357
45,HARDWARE,2014-09-21,14.0,6.070416835289357
45,HARDWARE,2016-12-11,16.0,6.070416835289357
45,HARDWARE,2017-06-18,20.0,6.7449075947659525
45,HOME AND KITCHEN I,2015-12-20,1154.0,9.31640361527047
45,HOME AND KITCHEN I,2015-12-27,1064.0,8.051733441251855
45,HOME AND KITCHEN I,2016-12-25,967.0,13.582848397735573
45,HOME AND KITCHEN I,2017-01-01,735.0,8.163664019871893
45,HOME AND KITCHEN I,2017-01-08,1524.0,14.176796518628436
45,HOME AND KITCHEN I,2017-01-15,1426.0,10.952445189596142
45,HOME AND KITCHEN II,2015-05-24,1079.0,11.213408876298395
45,HOME AND KITCHEN II,2015-05-31,1065.0,11.016682404784389
45,HOME AND KITCHEN II,2015-06-28,823.0,7.475605917532263
45,HOME AND KITCHEN II,2015-10-25,1731.0,6.080192063687568
45,HOME AND KITCHEN II,2017-03-05,876.0,6.399014897598468
45,HOME AND KITCHEN II,2017-05-21,1199.0,5.377939655560053
45,HOME APPLIANCES,2016-03-06,0.0,-8.768379873195737
45,HOME CARE,2014-11-09,5051.0,13.14007924017367
45,HOME CARE,2015-01-04,1792.0,-7.496748211980689
45,HOME CARE,2015-01-11,0.0,-12.676094686126653
45,HOME CARE,2015-01-18,0.0,-12.447139107221755
45,HOME CARE,2015-01-25,0.0,-12.323379334840729
45,HOME CARE,2015-02-01,0.0,-11.230852602836583
45,HOME CARE,2016-04-24,7398.0,8.16281517673135
45,HOME CARE,2016-11-06,6295.0,5.714827564602952
45,HOME CARE,2017-01-08,7821.0,5.933888494247267
45,LADIESWEAR,2014-11-09,286.0,8.59975718332659
45,LADIESWEAR,2016-09-04,258.0,7.4193983542425475
45,LAWN AND GARDEN,2013-12-22,81.0,5.620756328971626
45,LAWN AND GARDEN,2014-01-05,84.0,10.117361392148927
45,LAWN AND GARDEN,2014-01-12,83.0,6.070416835289357
45,LAWN AND GARDEN,2014-01-19,85.0,6.520077341607086
45,LAWN AND GARDEN,2014-01-26,102.0,6.205314987184676
45,LAWN AND GARDEN,2016-05-08,195.0,7.503709699177121
45,LAWN AND GARDEN,2016-06-19,257.0,7.782585686268407
45,LAWN AND GARDEN,2017-01-01,346.0,6.4357659966725125
45,LAWN AND GARDEN,2017-01-08,404.0,7.897162642205135
45,LAWN AND GARDEN,2017-05-14,815.0,12.6185979585413
45,LINGERIE,2014-01-05,81.0,5.171095822653896
45,LINGERIE,2014-09-07,108.0,6.841263417548323
45,LINGERIE,2017-04-30,59.0,6.969737847924817
45,"LIQUOR,WINE,BEER",2013-08-25,887.0,-5.55157778953813
45,"LIQUOR,WINE,BEER",2013-12-22,2667.0,14.420441680455307
45,"LIQUOR,WINE,BEER",2013-12-29,2969.0,11.229982901371004
45,"LIQUOR,WINE,BEER",2014-01-05,2452.0,7.97682873397527
45,"LIQUOR,WINE,BEER",2014-06-15,2397.0,6.169760435522344
45,"LIQUOR,WINE,BEER",2014-12-21,2406.0,9.017941454202077
45,"LIQUOR,WINE,BEER",2014-12-28,3444.0,15.89774720086335
45,"LIQUOR,WINE,BEER",2015-01-04,2636.0,10.326453527586672
45,"LIQUOR,WINE,BEER",2015-06-21,1903.0,6.288913841880367
45,"LIQUOR,WINE,BEER",2015-11-29,3236.0,5.061514690862181
45,"LIQUOR,WINE,BEER",2016-12-25,4582.0,8.327676747481947
45,MAGAZINES,2014-03-16,34.0,22.25819506272764
45,MAGAZINES,2015-04-12,17.0,5.73317145555106
45,MAGAZINES,2015-04-19,23.0,7.7566437339808445
45,MAGAZINES,2015-04-26,26.0,8.768379873195737
45,MAGAZINES,2015-05-03,19.0,6.4076622150276545
45,MAGAZINES,2015-05-10,31.0,10.454606771887226
45,MAGAZINES,2015-05-17,29.0,9.78011601241063
45,MAGAZINES,2015-05-24,34.0,10.791852151625523
45,MAGAZINES,2015-10-04,98.0,17.986420252709205
45,MAGAZINES,2015-10-11,149.0,29.003102657493592
45,MAGAZINES,2015-10-18,219.0,12.950222581950628
45,MAGAZINES,2015-10-25,171.0,9.712666936462972
45,MAGAZINES,2015-11-01,130.0,6.947254822608931
45,MAGAZINES,2015-11-08,132.0,7.01470389855659
45,MEATS,2015-11-01,6615.25903,-5.837309003678453
45,PERSONAL CARE,2013-09-08,4767.0,9.633588709489853
45,PERSONAL CARE,2016-04-24,8176.0,6.501441678912101
45,PERSONAL CARE,2016-11-06,6887.0,5.938545244494254
45,PERSONAL CARE,2017-01-08,8850.0,5.2266094654091715
45,PET SUPPLIES,2015-01-11,0.0,-5.20321443024802
45,PET SUPPLIES,2015-01-18,0.0,-5.20321443024802
45,PET SUPPLIES,2015-01-25,0.0,-5.20321443024802
45,PET SUPPLIES,2015-02-01,0.0,-5.074739999871526
45,PET SUPPLIES,2016-10-02,213.0,6.937619240330694
45,PET SUPPLIES,2016-10-09,203.0,5.227303385943613
45,PET SUPPLIES,2016-11-06,205.0,5.588637721377503
45,PLAYERS AND ELECTRONICS,2015-08-16,751.0,8.559608923833935
45,PLAYERS AND ELECTRONICS,2016-12-25,333.0,10.11736139214893
45,PLAYERS AND ELECTRONICS,2017-01-01,315.0,8.633481721300418
45,POULTRY,2013-10-06,5597.07003,5.448617383735135
45,POULTRY,2013-11-10,9850.1241,17.79193044999732
45,POULTRY,2013-11-17,9594.482,12.83235986083495
45,POULTRY,2013-11-24,9712.086,12.031312996220127
45,POULTRY,2013-12-01,9578.776,9.169702077581363
45,POULTRY,2013-12-08,10050.923,8.891038726768036
45,POULTRY,2014-11-09,11567.04003,6.5827580133808
45,POULTRY,2017-05-07,11607.2471,6.87603898979238
45,POULTRY,2017-06-04,11288.081,5.451626322790239
45,PREPARED FOODS,2014-01-05,2586.507,5.634455447745638
45,PREPARED FOODS,2014-03-09,2810.576,5.990275029354587
45,PREPARED FOODS,2014-04-20,2977.499,6.842726743824463
45,PREPARED FOODS,2015-10-04,2626.50601,5.892658935587576
45,PREPARED FOODS,2016-09-11,2677.87906,5.332384577644673
45,PRODUCE,2013-10-13,53.0,-5.447809980387885
45,PRODUCE,2014-01-05,37381.859,866.1591472576137
45,PRODUCE,2014-01-12,49032.748,1137.0460095731173
45,PRODUCE,2014-01-19,47189.6808,1094.1561376333284
45,PRODUCE,2014-01-26,44767.490000000005,1037.4014429450594
45,PRODUCE,2014-02-02,26486.525,403.2768753908981
45,PRODUCE,2014-03-02,14839.850999999999,121.86508352860257
45,PRODUCE,2014-03-09,54913.6957,365.10449063927035
45,PRODUCE,2014-07-06,44793.7085,219.81362638726011
45,PRODUCE,2014-07-13,47331.245,232.30665500831546
45,PRODUCE,2014-07-20,47104.269,231.13995338628825
45,PRODUCE,2014-07-27,45705.618,224.25398860356782
45,PRODUCE,2014-08-03,23529.157,114.8808268370519
45,PRODUCE,2014-09-07,54172.264,478.9795309804256
45,PRODUCE,2014-09-14,48974.884,239.51257457553854
45,PRODUCE,2014-11-09,55382.57,9.25321025157024
45,PRODUCE,2015-01-04,24892.7538,-15.470506363195451
45,PRODUCE,2015-01-11,142.0,-32.28629171745701
45,PRODUCE,2015-01-18,154.0,-32.12941536438195
45,PRODUCE,2015-01-25,154.0,-14.408816030577903
45,PRODUCE,2015-02-01,164.0,-12.662462340744721
45,PRODUCE,2015-02-08,133.0,-12.670783352684598
45,PRODUCE,2015-02-15,234.0,-12.587919494750418
45,PRODUCE,2015-05-10,409.0,8.981376955135715
45,PRODUCE,2015-06-07,52145.183,2191.554659044921
45,PRODUCE,2015-06-14,46195.615999999995,1634.3129779122025
45,PRODUCE,2015-06-21,48001.6567,1536.6395168076674
45,PRODUCE,2015-06-28,47399.03,1448.0712630146058
45,PRODUCE,2015-07-05,48376.013999999996,1477.7483658928418
45,PRODUCE,2015-07-12,50621.2613,339.7090334547417
45,PRODUCE,2015-07-19,45826.0985,122.04547115732404
45,PRODUCE,2017-01-08,64911.079,7.269450658341334
45,SCHOOL AND OFFICE SUPPLIES,2014-03-16,50.0,7.7566437339808445
45,SCHOOL AND OFFICE SUPPLIES,2015-08-09,338.0,10.387157695939566
45,SCHOOL AND OFFICE SUPPLIES,2015-08-16,419.0,9.517814050391953
45,SCHOOL AND OFFICE SUPPLIES,2015-08-23,473.0,9.735149961778859
45,SCHOOL AND OFFICE SUPPLIES,2015-08-30,578.0,9.425120875844001
45,SCHOOL AND OFFICE SUPPLIES,2015-09-06,1097.0,14.123836503439904
45,SCHOOL AND OFFICE SUPPLIES,2015-09-13,455.0,5.463375151760421
45,SCHOOL AND OFFICE SUPPLIES,2016-08-21,404.0,11.52766025287272
45,SCHOOL AND OFFICE SUPPLIES,2016-08-28,725.0,21.369093607053948
45,SCHOOL AND OFFICE SUPPLIES,2016-09-04,1050.0,23.769984696037252
45,SCHOOL AND OFFICE SUPPLIES,2016-09-11,1218.0,24.322545569004493
45,SCHOOL AND OFFICE SUPPLIES,2017-07-23,812.0,28.740800695474917
45,SCHOOL AND OFFICE SUPPLIES,2017-07-30,1897.0,59.48366126431687
45,SCHOOL AND OFFICE SUPPLIES,2017-08-06,3654.0,110.64714322504692
45,SCHOOL AND OFFICE SUPPLIES,2017-08-13,3775.0,100.63402131390801
45,SEAFOOD,2013-06-16,332.325999,-5.766710269647651
45,SEAFOOD,2013-10-13,344.079003,-5.083238157526807
45,SEAFOOD,2013-10-20,346.268998,-5.041821318708153
45,SEAFOOD,2014-03-16,768.403407,5.3132367861116965
45,SEAFOOD,2015-10-04,890.664004,15.968629265953119
45,SEAFOOD,2015-10-11,768.899,5.804118949477498
45,SEAFOOD,2015-11-08,936.115004,6.099499745678803
46,AUTOMOTIVE,2013-05-26,178.0,7.226686708677805
46,AUTOMOTIVE,2013-06-02,188.0,8.190244936501513
46,BEAUTY,2015-11-08,137.0,9.274247942803184
46,BEAUTY,2015-11-22,125.0,5.800620531498719
46,BEAUTY,2016-11-06,264.0,7.014703898556591
46,BEVERAGES,2014-01-05,41425.0,22.69246914110573
46,BEVERAGES,2014-01-12,37161.0,18.67566942265852
46,BEVERAGES,2014-01-19,34732.0,10.640587679831139
46,BEVERAGES,2014-01-26,33749.0,6.64541295292552
46,BEVERAGES,2014-03-09,46612.0,7.201280753077956
46,BEVERAGES,2014-09-07,46887.0,6.524839717997879
46,BEVERAGES,2015-05-31,44501.0,5.774640838927261
46,BEVERAGES,2015-06-07,49101.0,6.414920998397491
46,BEVERAGES,2016-11-06,65450.0,14.080895641348034
46,BEVERAGES,2016-11-20,55820.0,6.934871124172908
46,BREAD/BAKERY,2014-01-05,5015.3150000000005,6.668167822530403
46,BREAD/BAKERY,2014-01-12,4803.84,5.728950785843168
46,BREAD/BAKERY,2015-05-03,7919.748,9.939892202755457
46,BREAD/BAKERY,2017-03-05,9304.0,5.503657238784718
46,CELEBRATION,2016-12-18,250.0,11.241512657943252
46,CELEBRATION,2016-12-25,235.0,9.555285759251765
46,CLEANING,2013-05-05,18876.0,5.2998893120462265
46,CLEANING,2014-11-09,20007.0,5.5970899865338515
46,DAIRY,2013-05-05,6330.0,7.398846004230796
46,DAIRY,2013-11-10,8342.0,12.504021002604572
46,DAIRY,2013-11-17,8258.0,9.951007168959633
46,DAIRY,2013-11-24,8631.0,10.927960152416764
46,DAIRY,2013-12-01,9347.0,8.672328973903184
46,DAIRY,2013-12-08,10505.0,11.144038782364884
46,DAIRY,2013-12-15,9796.0,9.630703502399992
46,DAIRY,2016-11-06,14403.0,7.942030083076751
46,DAIRY,2016-11-13,13250.0,5.128271012528399
46,DAIRY,2017-01-08,16601.0,7.993121819532277
46,DELI,2014-11-09,7332.915,7.875692116202016
46,DELI,2016-11-06,7180.895,7.980215087936436
46,DELI,2017-01-08,7929.759,6.26787521355447
46,EGGS,2014-01-05,1758.0,7.236723773550969
46,EGGS,2014-03-09,1891.0,8.510064263183425
46,EGGS,2014-04-20,1694.0,5.0228035280171985
46,EGGS,2017-03-05,1940.0,5.098025990377266
46,FROZEN FOODS,2013-06-16,2207.958,5.686023446526597
46,FROZEN FOODS,2013-12-15,5787.23602,15.068634804013163
46,FROZEN FOODS,2013-12-22,22001.694900000002,61.183473373269464
46,FROZEN FOODS,2013-12-29,25067.446900000003,70.37567822662032
46,FROZEN FOODS,2014-01-05,4568.753000000001,6.540655182021585
46,FROZEN FOODS,2014-12-14,6909.098,18.431839299681954
46,FROZEN FOODS,2014-12-21,14934.517,47.77438302341099
46,FROZEN FOODS,2014-12-28,22990.451100000002,72.65102301859963
46,FROZEN FOODS,2015-01-04,7430.317,11.057888981816037
46,FROZEN FOODS,2015-12-06,3222.476,7.465562655221357
46,FROZEN FOODS,2015-12-13,6031.665,23.345045940228598
46,FROZEN FOODS,2015-12-20,24071.160799999998,87.32182169264796
46,FROZEN FOODS,2015-12-27,32337.4877,101.42067278292582
46,FROZEN FOODS,2016-01-03,10503.647,27.351165440122056
46,FROZEN FOODS,2016-07-17,1467.315,-5.582850502009112
46,FROZEN FOODS,2016-07-24,1471.843,-5.503339576521361
46,FROZEN FOODS,2016-12-11,4525.21702,16.56205103472693
46,FROZEN FOODS,2016-12-18,16867.707,86.08061554831453
46,FROZEN FOODS,2016-12-25,26872.817,75.60523767642303
46,FROZEN FOODS,2017-01-01,11514.2839,27.76883284545077
46,GROCERY I,2013-05-05,60036.0,11.871986240072216
46,GROCERY I,2013-10-06,62482.0,5.236934600324172
46,GROCERY I,2013-12-22,69030.0,5.444945095685401
46,GROCERY I,2014-10-05,66662.0,6.356711474203883
46,GROCERY I,2014-11-09,69621.0,9.596254827605158
46,GROCERY I,2014-12-07,70256.0,10.106077136096848
46,GROCERY I,2014-12-14,71389.0,10.687216322778964
46,GROCERY I,2014-12-21,78528.0,11.057511470601572
46,GROCERY I,2015-07-05,71591.0,5.153965898603697
46,GROCERY I,2015-11-08,78697.0,5.000292526681441
46,GROCERY I,2016-11-06,88130.0,9.512729693694558
46,GROCERY I,2016-11-13,76265.0,5.893176160818122
46,GROCERY II,2013-12-29,868.0,13.968486051095939
46,GROCERY II,2014-01-05,950.0,15.752622898743708
46,GROCERY II,2014-12-21,502.0,5.575790278339854
46,GROCERY II,2014-12-28,606.0,6.9829631569341615
46,GROCERY II,2015-01-04,788.0,7.965414683342648
46,GROCERY II,2015-05-03,480.0,5.1613205942556855
46,GROCERY II,2015-12-27,1136.0,19.380367822294172
46,GROCERY II,2016-01-03,694.0,6.5880492786086045
46,GROCERY II,2016-12-18,415.0,5.32098265809314
46,GROCERY II,2016-12-25,643.0,13.864532278130012
46,GROCERY II,2017-01-01,1479.0,32.4295157156347
46,GROCERY II,2017-03-05,570.0,6.624462816287989
46,HARDWARE,2016-02-21,23.0,5.395926075812762
46,HOME AND KITCHEN I,2014-12-28,1018.0,6.562612794907413
46,HOME AND KITCHEN I,2015-01-04,915.0,5.036781645442107
46,HOME AND KITCHEN I,2016-12-11,394.0,5.7025127846657595
46,HOME AND KITCHEN I,2016-12-18,373.0,5.058680696074465
46,HOME AND KITCHEN I,2016-12-25,485.0,8.49245183522804
46,HOME AND KITCHEN I,2017-01-01,583.0,11.405025569331519
46,HOME AND KITCHEN I,2017-01-08,391.0,5.518560759353961
46,HOME AND KITCHEN II,2015-05-17,378.0,7.895509478578967
46,HOME AND KITCHEN II,2015-05-24,320.0,5.594305710952936
46,HOME AND KITCHEN II,2015-05-31,460.0,5.743391012512826
46,HOME AND KITCHEN II,2015-06-07,623.0,6.790895601093902
46,HOME AND KITCHEN II,2015-06-21,899.0,8.968228987114728
46,HOME AND KITCHEN II,2015-10-11,1623.0,7.159161762003546
46,HOME AND KITCHEN II,2015-10-18,1572.0,5.607785352827846
46,HOME AND KITCHEN II,2015-12-20,796.0,5.564548765681911
46,HOME AND KITCHEN II,2016-01-17,840.0,5.151545365857474
46,HOME CARE,2014-11-09,6062.0,6.879805746661272
46,HOME CARE,2015-01-11,0.0,-8.25569876561378
46,HOME CARE,2015-01-18,0.0,-8.005319620050498
46,HOME CARE,2015-01-25,0.0,-5.795441626215718
46,LADIESWEAR,2015-07-26,213.0,-14.164305949008499
46,LAWN AND GARDEN,2013-05-12,79.0,7.901177468154401
46,LAWN AND GARDEN,2014-05-11,74.0,6.744907594765952
46,LAWN AND GARDEN,2014-11-02,88.0,6.239039525158506
46,LAWN AND GARDEN,2016-12-04,150.0,10.567021898466658
46,LAWN AND GARDEN,2016-12-11,237.0,20.347137910877287
46,LAWN AND GARDEN,2016-12-18,215.0,17.76158999955034
46,LAWN AND GARDEN,2016-12-25,225.0,18.885741265344667
46,LAWN AND GARDEN,2017-01-01,194.0,15.400872341382257
46,LAWN AND GARDEN,2017-01-08,213.0,6.365506542560367
46,LAWN AND GARDEN,2017-05-14,669.0,13.520473860417205
46,"LIQUOR,WINE,BEER",2013-12-22,2035.0,9.092899012189195
46,"LIQUOR,WINE,BEER",2013-12-29,2928.0,14.288065721389525
46,"LIQUOR,WINE,BEER",2014-01-05,2321.0,7.947670837189251
46,"LIQUOR,WINE,BEER",2014-02-23,362.0,-6.340213139079995
46,"LIQUOR,WINE,BEER",2014-12-21,1753.0,17.850476378706173
46,"LIQUOR,WINE,BEER",2014-12-28,3141.0,39.1988932077212
46,"LIQUOR,WINE,BEER",2015-01-04,2339.0,26.49336959897603
46,"LIQUOR,WINE,BEER",2015-12-20,1623.0,5.48726336615855
46,"LIQUOR,WINE,BEER",2015-12-27,3799.0,14.996008840393172
46,"LIQUOR,WINE,BEER",2016-01-03,2943.0,9.707849145323852
46,"LIQUOR,WINE,BEER",2016-06-19,1142.0,6.472517095746558
46,"LIQUOR,WINE,BEER",2016-12-25,3349.0,14.317120261702415
46,"LIQUOR,WINE,BEER",2017-01-01,3134.0,12.599276608660462
46,MAGAZINES,2014-10-26,12.0,5.395926075812762
46,MAGAZINES,2014-11-02,12.0,5.395926075812762
46,MAGAZINES,2015-10-04,82.0,23.94442196141913
46,MAGAZINES,2015-10-11,81.0,23.607176581680832
46,MAGAZINES,2015-10-18,113.0,34.06178335356806
46,MAGAZINES,2015-10-25,92.0,13.489815189531905
46,MAGAZINES,2015-11-01,60.0,6.340213139079995
46,MAGAZINES,2016-12-18,123.0,5.058680696074464
46,MAGAZINES,2016-12-25,138.0,6.32335087009308
46,MEATS,2014-11-16,7105.535,-5.551594113281021
46,MEATS,2014-11-23,6922.02797,-6.4509423912166355
46,MEATS,2016-11-06,9156.6591,5.781012904831457
46,MEATS,2017-01-08,9434.56597,5.705717831423709
46,MEATS,2017-03-05,9545.027,5.792513318451276
46,MEATS,2017-04-16,6079.97,-6.406392813289323
46,PERSONAL CARE,2014-10-05,6863.0,5.5681986074539696
46,PERSONAL CARE,2015-09-06,7551.0,5.274374737532527
46,PERSONAL CARE,2015-10-04,7346.0,6.061541956875191
46,PERSONAL CARE,2016-11-06,8009.0,9.821898625829535
46,PERSONAL CARE,2017-01-08,10268.0,8.560702881858257
46,PLAYERS AND ELECTRONICS,2014-11-09,220.0,7.531813480821979
46,PLAYERS AND ELECTRONICS,2014-12-28,418.0,10.74688610099375
46,PLAYERS AND ELECTRONICS,2015-01-11,0.0,-7.545865371644409
46,PLAYERS AND ELECTRONICS,2015-01-18,0.0,-7.292931336840685
46,PLAYERS AND ELECTRONICS,2016-12-25,236.0,5.106858607465649
46,PLAYERS AND ELECTRONICS,2017-01-08,278.0,5.182928993872784
46,PLAYERS AND ELECTRONICS,2017-04-16,397.0,8.014537259663072
46,PLAYERS AND ELECTRONICS,2017-04-23,372.0,6.903611302878092
46,PLAYERS AND ELECTRONICS,2017-04-30,346.0,5.872037200149181
46,POULTRY,2013-11-10,7790.811030000001,7.028757275031542
46,POULTRY,2015-02-15,5951.5190600000005,-5.7990841751907825
46,POULTRY,2017-01-08,10174.01196,5.687261417519432
46,PREPARED FOODS,2017-01-08,1962.599,12.654271636422633
46,PREPARED FOODS,2017-01-15,1540.374,5.511567392181317
46,PRODUCE,2014-01-05,17655.427,698.5116369493973
46,PRODUCE,2014-01-12,21823.504,772.5228084375244
46,PRODUCE,2014-01-19,20772.9905,735.2300900977657
46,PRODUCE,2014-01-26,19819.7552,701.2842020064326
46,PRODUCE,2014-02-02,10837.5163,315.67681628631254
46,PRODUCE,2014-03-02,7348.154,153.32342675030353
46,PRODUCE,2014-03-09,24679.4919,267.2668753236468
46,PRODUCE,2014-07-06,19519.1481,247.6545296508683
46,PRODUCE,2014-07-13,20357.222,258.3200598642365
46,PRODUCE,2014-07-20,19426.126,246.4707080116776
46,PRODUCE,2014-07-27,19208.7031,243.6401006391118
46,PRODUCE,2014-08-03,9514.117,120.13720160147014
46,PRODUCE,2014-09-07,24529.404,687.6546832141732
46,PRODUCE,2014-09-14,20865.922,264.0557765679365
46,PRODUCE,2014-12-28,29502.121,6.751257431598743
46,PRODUCE,2015-01-11,62.0,-8.767893837200672
46,PRODUCE,2015-01-18,44.0,-8.775238119394194
46,PRODUCE,2015-01-25,39.0,-8.012376259060455
46,PRODUCE,2015-02-01,44.0,-5.528076520072826
46,PRODUCE,2015-05-10,171.0,12.333545316143455
46,PRODUCE,2015-06-07,24394.657,2345.7494555896014
46,PRODUCE,2015-06-14,21013.968999999997,1571.1114858281996
46,PRODUCE,2015-06-21,21968.743000000002,1642.3657388671556
46,PRODUCE,2015-06-28,21384.845,1438.4085390530151
46,PRODUCE,2015-07-05,23911.394,1237.347798565929
46,PRODUCE,2015-07-12,22544.858,420.91704513092617
46,PRODUCE,2015-07-19,20253.534,111.94614553615327
46,PRODUCE,2015-12-27,32127.9539,7.744487510550761
46,PRODUCE,2016-01-03,32835.99,6.16083695356235
46,PRODUCE,2016-12-25,31497.903899999998,6.840327310994063
46,PRODUCE,2017-01-08,31302.331,6.292151723017695
46,SCHOOL AND OFFICE SUPPLIES,2014-09-21,235.0,15.176042088223392
46,SCHOOL AND OFFICE SUPPLIES,2015-08-09,135.0,5.444103987203947
46,SCHOOL AND OFFICE SUPPLIES,2015-08-16,291.0,11.29772022123297
46,SCHOOL AND OFFICE SUPPLIES,2015-08-23,407.0,12.237189493361084
46,SCHOOL AND OFFICE SUPPLIES,2015-08-30,531.0,15.206700759108692
46,SCHOOL AND OFFICE SUPPLIES,2015-09-06,935.0,26.393116675171118
46,SCHOOL AND OFFICE SUPPLIES,2015-09-13,371.0,9.853430225397219
46,SCHOOL AND OFFICE SUPPLIES,2016-08-21,277.0,5.895548860610239
46,SCHOOL AND OFFICE SUPPLIES,2016-08-28,451.0,9.876471835193001
46,SCHOOL AND OFFICE SUPPLIES,2016-09-04,606.0,12.293138035621816
46,SCHOOL AND OFFICE SUPPLIES,2016-09-11,1519.0,22.65675778423654
46,SCHOOL AND OFFICE SUPPLIES,2016-09-18,441.0,5.620756328971626
46,SCHOOL AND OFFICE SUPPLIES,2017-04-02,154.0,5.136506552937148
46,SCHOOL AND OFFICE SUPPLIES,2017-07-30,1300.0,47.214353163361665
46,SCHOOL AND OFFICE SUPPLIES,2017-08-06,2827.0,89.51455936482242
46,SCHOOL AND OFFICE SUPPLIES,2017-08-13,2202.0,66.28404645401814
47,BEAUTY,2015-11-08,139.0,6.182831961868789
47,BEAUTY,2016-03-13,72.0,-5.395926075812762
47,BEVERAGES,2014-01-05,52125.0,15.06870095179307
47,BEVERAGES,2014-01-12,52796.0,15.420905854212366
47,BEVERAGES,2014-01-19,50316.0,12.94460586062261
47,BEVERAGES,2014-01-26,48578.0,11.579921755348005
47,BEVERAGES,2014-03-09,62917.0,7.3666945108769495
47,BEVERAGES,2014-09-07,61786.0,5.416190415709216
47,BEVERAGES,2015-01-11,31288.0,-6.624998126414558
47,BEVERAGES,2015-01-18,28594.0,-5.6976857764671385
47,BEVERAGES,2015-05-31,55268.0,9.201410922918877
47,BEVERAGES,2015-06-07,60821.0,10.69772942730014
47,BEVERAGES,2015-06-14,52839.0,6.6630759952706295
47,BEVERAGES,2015-06-21,52839.0,6.484908363459332
47,BEVERAGES,2016-11-06,82506.0,6.130311972313787
47,BREAD/BAKERY,2013-12-29,4360.494,-6.53373044527723
47,BREAD/BAKERY,2016-03-06,10000.093,5.505707106528306
47,CELEBRATION,2015-01-11,0.0,-5.157870513644551
47,CELEBRATION,2015-10-25,311.0,5.947782151748158
47,CELEBRATION,2016-12-18,344.0,7.80482164537203
47,CELEBRATION,2016-12-25,474.0,14.067950126226128
47,CLEANING,2014-04-06,18423.0,6.002768794515894
47,CLEANING,2014-05-04,17707.0,5.3661016544753615
47,CLEANING,2014-07-06,19920.0,7.0595758779527324
47,CLEANING,2015-09-06,20572.0,5.223882056004239
47,CLEANING,2015-10-04,20226.0,7.797042920095328
47,CLEANING,2015-11-08,20017.0,7.378999168128064
47,CLEANING,2017-01-08,26708.0,6.053946712092836
47,DAIRY,2013-11-10,11103.0,7.984232640552702
47,DAIRY,2013-11-17,11116.0,7.913886978521401
47,DAIRY,2013-11-24,10947.0,7.26629308982148
47,DAIRY,2013-12-01,11743.0,8.743551992478809
47,DAIRY,2013-12-08,13531.0,6.57426719749666
47,DAIRY,2013-12-15,12446.0,5.32328860940759
47,DAIRY,2015-02-15,10669.0,-5.5254417578070205
47,DELI,2014-07-06,5167.852,5.130030738670629
47,DELI,2014-12-07,5232.862999999999,9.439149178027728
47,DELI,2014-12-21,5115.6849999999995,8.265434019651481
47,DELI,2015-09-06,6213.775,6.108031893517087
47,DELI,2015-11-01,3224.6,-5.790741598536846
47,DELI,2016-11-06,6048.275,6.742139965197811
47,DELI,2017-03-05,5845.392,7.599354498852313
47,EGGS,2017-03-05,3477.0,5.357225786334596
47,FROZEN FOODS,2013-12-08,3313.303,7.4631012141377795
47,FROZEN FOODS,2013-12-15,5456.07699,21.684111308615712
47,FROZEN FOODS,2013-12-22,20046.2441,116.96280414265455
47,FROZEN FOODS,2013-12-29,13287.86394,38.279436466316135
47,FROZEN FOODS,2014-01-05,5111.0789,6.913512985143569
47,FROZEN FOODS,2014-12-14,5963.421,10.925507665978401
47,FROZEN FOODS,2014-12-21,15181.694,35.61448997510073
47,FROZEN FOODS,2014-12-28,15550.563,31.5051385934444
47,FROZEN FOODS,2015-01-04,7943.3161,6.999429631322587
47,FROZEN FOODS,2015-11-08,2737.298,5.8341575795388305
47,FROZEN FOODS,2015-11-29,3039.858,5.513886070036961
47,FROZEN FOODS,2015-12-06,4105.84602,11.706157729129629
47,FROZEN FOODS,2015-12-13,11788.4588,60.75536271304652
47,FROZEN FOODS,2015-12-20,21702.4469,114.2415862920958
47,FROZEN FOODS,2015-12-27,24216.8664,38.0761158769412
47,FROZEN FOODS,2016-01-03,8505.89,6.763235277296675
47,FROZEN FOODS,2016-12-11,5119.326,6.581878943014216
47,FROZEN FOODS,2016-12-18,17316.138899999998,35.830378042144005
47,FROZEN FOODS,2016-12-25,26242.839,57.07056032419562
47,FROZEN FOODS,2017-01-01,10981.856,17.483646284132476
47,GROCERY I,2014-09-07,72134.0,5.173537506550062
47,GROCERY I,2014-11-09,73533.0,11.900467269620124
47,GROCERY I,2014-12-07,77521.0,12.45346043420595
47,GROCERY I,2014-12-14,81523.0,14.827525534843886
47,GROCERY I,2014-12-21,83234.0,14.065693002752228
47,GROCERY I,2014-12-28,77336.0,5.417284949862854
47,GROCERY I,2015-10-04,81325.0,5.639307948834671
47,GROCERY I,2016-04-24,96952.0,5.256006988019204
47,GROCERY I,2016-11-06,99162.0,5.292196566788925
47,GROCERY II,2013-12-22,596.0,6.83794080296962
47,GROCERY II,2013-12-29,770.0,9.284166924560193
47,GROCERY II,2014-01-05,832.0,10.514120662429278
47,GROCERY II,2014-12-28,953.0,5.301075812761366
47,GROCERY II,2015-12-27,1211.0,10.791852151625523
47,GROCERY II,2016-01-03,1241.0,9.520696489535018
47,GROCERY II,2016-12-25,1291.0,15.226628895184136
47,GROCERY II,2017-01-01,1637.0,20.514389684568638
47,GROCERY II,2017-05-07,636.0,14.409575316090898
47,HARDWARE,2015-08-16,21.0,8.768379873195737
47,HOME AND KITCHEN I,2015-12-27,1532.0,16.68240478438779
47,HOME AND KITCHEN I,2016-12-25,1005.0,10.409033071922591
47,HOME AND KITCHEN I,2017-01-01,1180.0,13.599192069447028
47,HOME AND KITCHEN I,2017-01-08,802.0,6.7084486347942445
47,HOME AND KITCHEN I,2017-01-15,786.0,6.416776955020582
47,HOME AND KITCHEN II,2015-05-24,1224.0,19.996667222129645
47,HOME AND KITCHEN II,2015-05-31,1077.0,17.080486585569073
47,HOME AND KITCHEN II,2015-06-14,501.0,5.195401795968369
47,HOME AND KITCHEN II,2015-06-21,789.0,8.223046918725299
47,HOME AND KITCHEN II,2015-06-28,1320.0,11.113996991972554
47,HOME AND KITCHEN II,2015-10-11,2896.0,8.590529075920815
47,HOME AND KITCHEN II,2015-10-25,1950.0,5.1593748141953775
47,HOME AND KITCHEN II,2016-05-01,821.0,5.448620666396871
47,HOME AND KITCHEN II,2016-05-22,1096.0,7.504897182908595
47,HOME APPLIANCES,2016-12-04,22.0,14.838796708485095
47,HOME APPLIANCES,2016-12-11,17.0,11.46634291110212
47,HOME CARE,2015-01-11,0.0,-6.228456511149982
47,HOME CARE,2015-01-18,0.0,-6.102871411582164
47,HOME CARE,2015-01-25,0.0,-5.93354318744578
47,HOME CARE,2015-02-01,0.0,-5.137692470756008
47,HOME CARE,2015-06-28,4673.0,6.744907594765952
47,LADIESWEAR,2014-03-16,206.0,8.588515670668647
47,LADIESWEAR,2015-01-11,0.0,-8.46860620231725
47,LADIESWEAR,2015-01-18,0.0,-8.243775949158387
47,LADIESWEAR,2015-01-25,0.0,-5.681287550975937
47,LADIESWEAR,2017-07-09,128.0,-6.351454651737938
47,LAWN AND GARDEN,2016-05-08,121.0,5.126129772022124
47,LAWN AND GARDEN,2016-06-19,179.0,9.346514809889962
47,LAWN AND GARDEN,2016-11-06,142.0,5.845586582130491
47,LAWN AND GARDEN,2016-12-11,238.0,7.130330885895435
47,LAWN AND GARDEN,2016-12-18,252.0,7.80482164537203
47,LAWN AND GARDEN,2017-05-14,810.0,22.02013950055943
47,LINGERIE,2014-09-21,85.0,5.142992041009038
47,LINGERIE,2015-08-23,88.0,7.958990961823823
47,LINGERIE,2015-08-30,80.0,6.879805746661272
47,LINGERIE,2015-09-06,93.0,8.363685417509782
47,"LIQUOR,WINE,BEER",2013-10-13,1125.0,5.8385606367192775
47,"LIQUOR,WINE,BEER",2013-12-08,1438.0,5.082430370703922
47,"LIQUOR,WINE,BEER",2013-12-22,2245.0,12.487446977531965
47,"LIQUOR,WINE,BEER",2013-12-29,2559.0,15.354032705307494
47,"LIQUOR,WINE,BEER",2014-06-15,1993.0,9.618423022125144
47,"LIQUOR,WINE,BEER",2014-12-21,2030.0,8.88079499977517
47,"LIQUOR,WINE,BEER",2014-12-28,2878.0,15.529346771758751
47,"LIQUOR,WINE,BEER",2015-01-04,2185.0,9.621184281729363
47,"LIQUOR,WINE,BEER",2015-12-27,3312.0,12.25613123630121
47,"LIQUOR,WINE,BEER",2016-01-03,2647.0,6.312541723306596
47,"LIQUOR,WINE,BEER",2016-11-06,1880.0,11.397164371668621
47,"LIQUOR,WINE,BEER",2016-12-11,1889.0,5.0822094434980665
47,"LIQUOR,WINE,BEER",2016-12-18,2193.0,6.022238923898172
47,"LIQUOR,WINE,BEER",2016-12-25,4438.0,19.94565531595074
47,"LIQUOR,WINE,BEER",2017-01-01,3286.0,11.761432618373128
47,MAGAZINES,2014-03-23,10.0,6.070416835289357
47,MAGAZINES,2015-04-26,26.0,5.845586582130491
47,MAGAZINES,2015-05-10,35.0,7.869058860560277
47,MAGAZINES,2015-10-04,73.0,7.689194658033186
47,MAGAZINES,2015-10-11,119.0,8.59975718332659
47,MAGAZINES,2015-10-18,200.0,13.040154683214174
47,MAGAZINES,2015-10-25,142.0,8.693436455476116
47,MAGAZINES,2015-11-01,97.0,5.32098265809314
47,MEATS,2014-09-07,7282.385,5.3416931826963845
47,MEATS,2016-03-06,7697.0509999999995,5.574513889431575
47,PERSONAL CARE,2013-11-10,4635.0,6.646936869925776
47,PERSONAL CARE,2016-04-24,8747.0,5.391263697291034
47,PLAYERS AND ELECTRONICS,2015-01-11,0.0,-5.31498718467557
47,PLAYERS AND ELECTRONICS,2016-04-24,334.0,6.070416835289357
47,PLAYERS AND ELECTRONICS,2016-11-06,295.0,7.475605917532263
47,POULTRY,2013-11-10,9009.656,15.382444530076626
47,POULTRY,2013-11-17,8526.872,7.572061692899954
47,POULTRY,2013-11-24,9113.50203,8.726752001092546
47,POULTRY,2013-12-01,8834.082,6.796042479877734
47,POULTRY,2014-07-06,10331.065,5.0355535617100085
47,POULTRY,2015-07-05,10353.082,6.446459368683699
47,PRODUCE,2013-12-08,135.0,9.577768784567652
47,PRODUCE,2013-12-29,127.0,5.684993544159874
47,PRODUCE,2014-01-05,37018.698000000004,3115.1944219614197
47,PRODUCE,2014-01-12,45918.709,1819.090032613612
47,PRODUCE,2014-01-19,43650.062,1729.0793597892414
47,PRODUCE,2014-01-26,42492.3299,1243.5360295368303
47,PRODUCE,2014-02-02,24385.74,442.6252638717229
47,PRODUCE,2014-03-02,13454.012999999999,134.16338984961877
47,PRODUCE,2014-03-09,49467.6598,482.2380170362681
47,PRODUCE,2014-07-06,41333.706999999995,403.0689036299333
47,PRODUCE,2014-07-13,40342.35,393.37816253076755
47,PRODUCE,2014-07-20,41348.732,403.07892323904156
47,PRODUCE,2014-07-27,39868.65,388.6107836409598
47,PRODUCE,2014-08-03,21854.311,212.17437247921302
47,PRODUCE,2014-09-07,48433.432,881.2938555714761
47,PRODUCE,2014-09-14,43477.0708,423.189879901544
47,PRODUCE,2014-11-09,51026.175,7.783702429881298
47,PRODUCE,2015-01-04,22018.302,-11.35347345025302
47,PRODUCE,2015-01-11,116.0,-23.844433533106
47,PRODUCE,2015-01-18,66.0,-10.784629374661721
47,PRODUCE,2015-01-25,78.0,-9.152326211375442
47,PRODUCE,2015-02-01,83.0,-7.332101876595696
47,PRODUCE,2015-02-08,102.0,-7.328653699003559
47,PRODUCE,2015-02-15,143.0,-7.293688143766017
47,PRODUCE,2015-05-10,275.0,7.292931336840685
47,PRODUCE,2015-06-07,46526.769,1957.446757385674
47,PRODUCE,2015-06-14,41768.771,1756.8701520976663
47,PRODUCE,2015-06-21,42761.248,1199.1110211790099
47,PRODUCE,2015-06-28,43133.263999999996,1209.0883133234406
47,PRODUCE,2015-07-05,48796.523,1262.8418630472456
47,PRODUCE,2015-07-12,41458.3603,403.5933768917511
47,PRODUCE,2015-07-19,40743.758,157.77920993349443
47,PRODUCE,2016-01-10,55998.185,6.330959795231832
47,PRODUCE,2017-01-08,60174.528,10.005210051468977
47,SCHOOL AND OFFICE SUPPLIES,2014-03-16,45.0,5.395926075812762
47,SCHOOL AND OFFICE SUPPLIES,2014-09-21,125.0,5.347748164421576
47,SCHOOL AND OFFICE SUPPLIES,2015-08-09,143.0,5.305993974549216
47,SCHOOL AND OFFICE SUPPLIES,2015-08-16,429.0,11.213408876298395
47,SCHOOL AND OFFICE SUPPLIES,2015-08-23,427.0,10.710913260488333
47,SCHOOL AND OFFICE SUPPLIES,2015-08-30,522.0,13.166059624983138
47,SCHOOL AND OFFICE SUPPLIES,2015-09-06,638.0,13.46733216421602
47,SCHOOL AND OFFICE SUPPLIES,2015-09-13,565.0,11.826071316156304
47,SCHOOL AND OFFICE SUPPLIES,2016-03-06,105.0,6.913530284635101
47,SCHOOL AND OFFICE SUPPLIES,2016-08-21,254.0,8.768379873195737
47,SCHOOL AND OFFICE SUPPLIES,2016-08-28,351.0,12.857480102522596
47,SCHOOL AND OFFICE SUPPLIES,2016-09-04,599.0,18.649669499527857
47,SCHOOL AND OFFICE SUPPLIES,2016-09-11,675.0,16.970187508431135
47,SCHOOL AND OFFICE SUPPLIES,2017-02-19,17.0,-6.969737847924817
47,SCHOOL AND OFFICE SUPPLIES,2017-08-06,4588.0,180.60481983161537
47,SCHOOL AND OFFICE SUPPLIES,2017-08-13,3171.0,124.38403123288975
47,SEAFOOD,2013-06-09,376.390002,-5.276496343764724
47,SEAFOOD,2014-07-06,700.12101,7.239603766282449
47,SEAFOOD,2014-08-10,506.698,-8.476785074967042
47,SEAFOOD,2014-08-17,521.209993,-7.301749153283002
47,SEAFOOD,2014-08-31,454.06500300000005,-5.167044099830677
48,AUTOMOTIVE,2013-09-08,58.0,-7.194568101083682
48,AUTOMOTIVE,2013-09-15,65.0,-5.395926075812762
48,AUTOMOTIVE,2015-08-16,146.0,5.395926075812762
48,AUTOMOTIVE,2017-01-22,103.0,5.73317145555106
48,AUTOMOTIVE,2017-02-05,134.0,6.857322721345384
48,BEAUTY,2015-06-07,105.0,9.78011601241063
48,BEAUTY,2015-07-05,87.0,8.318719366878007
48,BEAUTY,2016-11-06,267.0,10.362630759231326
48,BEAUTY,2017-01-08,193.0,5.395926075812762
48,BEAUTY,2017-03-05,185.0,5.57987810112456
48,BEAUTY,2017-05-21,157.0,5.328476999865102
48,BEVERAGES,2014-01-05,35643.0,11.04016467566987
48,BEVERAGES,2014-01-12,29946.0,8.193813670678638
48,BEVERAGES,2014-01-19,29850.0,6.744069718046106
48,BEVERAGES,2014-01-26,29901.0,5.876652695756485
48,BEVERAGES,2014-09-07,39291.0,6.0917819201199235
48,BEVERAGES,2015-01-11,17761.0,-5.303127011589472
48,BEVERAGES,2015-01-18,14730.0,-5.9757316112241305
48,BEVERAGES,2015-01-25,13532.0,-5.250181841352995
48,BEVERAGES,2015-05-31,35619.0,8.68252006150809
48,BEVERAGES,2015-06-07,39194.0,8.632007424558394
48,BEVERAGES,2015-06-14,31347.0,5.261099072731733
48,BEVERAGES,2016-10-02,38594.0,5.63792368040878
48,BEVERAGES,2016-11-06,48883.0,16.426641305081965
48,BEVERAGES,2016-11-13,36480.0,5.075611603876794
48,BEVERAGES,2017-01-08,58999.0,7.950878890481233
48,BREAD/BAKERY,2014-09-07,6355.378000000001,6.816987814800628
48,BREAD/BAKERY,2016-03-06,6275.334,6.215108094399813
48,CELEBRATION,2015-01-11,0.0,-5.363807468218638
48,CLEANING,2013-12-08,17725.0,5.915491786894172
48,CLEANING,2014-10-05,20352.0,6.709842325924662
48,CLEANING,2014-11-09,20335.0,5.930583385153965
48,CLEANING,2014-12-07,19546.0,5.20948147563224
48,CLEANING,2015-11-08,20583.0,5.342122766675323
48,DAIRY,2013-05-05,5254.0,5.551384912569449
48,DAIRY,2013-11-10,7355.0,8.237397785948206
48,DAIRY,2013-11-17,7004.0,5.82737407558969
48,DAIRY,2013-12-01,8559.0,6.152887321164224
48,DAIRY,2013-12-08,10762.0,7.0399269252882695
48,DAIRY,2015-07-05,10691.0,8.609392765604825
48,DAIRY,2015-08-09,7716.0,-6.297045730473493
48,DAIRY,2016-11-06,12407.0,5.306367136795122
48,DAIRY,2017-01-08,14386.0,7.2993876110023415
48,DAIRY,2017-03-05,13133.0,5.414447561198847
48,DELI,2014-11-09,5891.464,5.40237249028682
48,EGGS,2014-01-05,1318.0,9.467851771912207
48,EGGS,2014-03-09,1542.0,9.656733556408813
48,EGGS,2017-01-08,1369.0,9.096977935504848
48,EGGS,2017-05-07,1316.0,10.592003037706531
48,EGGS,2017-06-11,1120.0,5.495850632772257
48,FROZEN FOODS,2013-10-06,1596.337,5.0810807294870015
48,FROZEN FOODS,2013-12-01,2251.971,7.4442409147818465
48,FROZEN FOODS,2013-12-08,2930.728,12.61665252949703
48,FROZEN FOODS,2013-12-15,5379.88702,31.280266402108953
48,FROZEN FOODS,2013-12-22,22985.954,165.3524944520962
48,FROZEN FOODS,2013-12-29,18167.642200000002,72.39974729368052
48,FROZEN FOODS,2014-01-05,2962.8930299999997,6.510982587016928
48,FROZEN FOODS,2014-12-14,5723.985000000001,21.966369595516642
48,FROZEN FOODS,2014-12-21,16578.2297,72.15860107757278
48,FROZEN FOODS,2014-12-28,16265.82094,62.289313943623995
48,FROZEN FOODS,2015-01-04,5276.05798,12.054790222601483
48,FROZEN FOODS,2015-11-29,2561.714004,5.625221521834253
48,FROZEN FOODS,2015-12-06,3220.017,7.977657849306091
48,FROZEN FOODS,2015-12-13,6405.62702,16.5102036101756
48,FROZEN FOODS,2015-12-20,19482.9059,50.36766000064006
48,FROZEN FOODS,2015-12-27,25250.979,51.45294475961253
48,FROZEN FOODS,2016-01-03,5912.09098,9.077869662940914
48,FROZEN FOODS,2016-11-06,1923.097,8.516952689929898
48,FROZEN FOODS,2016-12-11,3399.188,7.236191551701832
48,FROZEN FOODS,2016-12-18,14319.7651,41.533877576845995
48,FROZEN FOODS,2016-12-25,26426.187299999998,78.16629822950839
48,FROZEN FOODS,2017-01-01,11372.925,24.711970059033856
48,GROCERY I,2013-05-05,55551.0,10.899371924315906
48,GROCERY I,2013-12-08,65007.0,7.233812702002547
48,GROCERY I,2013-12-22,67610.0,6.3637597178486685
48,GROCERY I,2014-11-09,65869.0,9.468728303113606
48,GROCERY I,2014-12-07,70562.0,10.746278451660888
48,GROCERY I,2014-12-14,58667.0,5.583429298524402
48,GROCERY I,2015-09-06,69531.0,6.177910108691056
48,GROCERY I,2015-10-04,74448.0,8.03722208805921
48,GROCERY I,2015-11-08,80513.0,9.623286190043684
48,GROCERY I,2015-12-06,72783.0,6.217656213037418
48,GROCERY I,2016-11-06,83861.0,5.272364681816591
48,GROCERY I,2016-12-04,73338.0,5.341626984003858
48,GROCERY I,2016-12-11,73547.0,5.418827733582504
48,GROCERY II,2013-12-22,391.0,30.183461486577635
48,GROCERY II,2013-12-29,727.0,86.84068528261163
48,GROCERY II,2014-01-05,552.0,45.730473492513156
48,GROCERY II,2014-01-12,163.0,-5.620756328971626
48,GROCERY II,2014-12-28,654.0,8.093889113719143
48,GROCERY II,2015-01-04,829.0,11.716154303500856
48,GROCERY II,2015-12-27,876.0,12.41484554161608
48,GROCERY II,2016-01-03,594.0,6.470895723728585
48,GROCERY II,2016-12-25,718.0,7.027252563849178
48,GROCERY II,2017-01-01,777.0,7.557362373226397
48,HARDWARE,2014-03-09,14.0,7.4193983542425475
48,HARDWARE,2014-03-16,11.0,5.395926075812762
48,HARDWARE,2014-11-09,14.0,6.070416835289357
48,HOME AND KITCHEN I,2014-12-28,829.0,6.899478393812672
48,HOME AND KITCHEN I,2015-01-04,844.0,7.1102567561491075
48,HOME AND KITCHEN I,2016-12-25,906.0,7.880300373218221
48,HOME AND KITCHEN I,2017-01-01,1259.0,11.466342911102117
48,HOME AND KITCHEN II,2015-02-01,160.0,5.395926075812762
48,HOME AND KITCHEN II,2015-05-24,318.0,6.285027531486455
48,HOME AND KITCHEN II,2015-09-27,1146.0,30.536036201758584
48,HOME AND KITCHEN II,2015-10-04,1166.0,31.14920961946458
48,HOME AND KITCHEN II,2015-10-11,1861.0,52.45698588474793
48,HOME AND KITCHEN II,2015-10-18,474.0,9.93340936683713
48,HOME AND KITCHEN II,2015-10-25,1401.0,23.703532404463203
48,HOME AND KITCHEN II,2015-12-06,963.0,7.398320518008903
48,HOME AND KITCHEN II,2016-12-25,506.0,6.497594316291201
48,HOME AND KITCHEN II,2017-07-23,633.0,5.252417403583699
48,HOME AND KITCHEN II,2017-07-30,713.0,5.4081895441668815
48,HOME APPLIANCES,2013-04-21,19.0,25.630648860110618
48,HOME APPLIANCES,2013-04-28,23.0,15.513287467961689
48,HOME APPLIANCES,2017-03-19,14.0,8.768379873195737
48,HOME APPLIANCES,2017-03-26,9.0,5.395926075812762
48,HOME APPLIANCES,2017-04-02,13.0,8.093889113719143
48,HOME CARE,2014-11-09,6192.0,11.424560297683215
48,HOME CARE,2015-01-04,2071.0,-5.109659648825602
48,HOME CARE,2015-01-11,0.0,-8.768379873195737
48,HOME CARE,2015-01-18,0.0,-8.435055951361374
48,HOME CARE,2015-01-25,0.0,-6.843535960538473
48,HOME CARE,2015-02-01,0.0,-5.213801010404742
48,HOME CARE,2015-06-28,4346.0,5.822442291364138
48,LADIESWEAR,2014-11-02,135.0,-11.241512657943252
48,LADIESWEAR,2014-11-09,239.0,12.140833670578713
48,LADIESWEAR,2015-01-11,0.0,-5.5132288165913
48,LADIESWEAR,2015-01-18,0.0,-5.454577446202031
48,LADIESWEAR,2016-08-07,99.0,-5.59827330365574
48,LADIESWEAR,2016-09-04,303.0,8.363685417509782
48,LAWN AND GARDEN,2013-05-12,40.0,11.46634291110212
48,LAWN AND GARDEN,2013-11-24,35.0,6.070416835289357
48,LAWN AND GARDEN,2014-08-03,10.0,-5.058680696074464
48,LAWN AND GARDEN,2016-11-06,78.0,6.4076622150276545
48,LAWN AND GARDEN,2016-12-04,84.0,5.508341202392194
48,LAWN AND GARDEN,2016-12-11,109.0,5.545812911252005
48,LAWN AND GARDEN,2017-05-14,480.0,13.377400062952471
48,LINGERIE,2014-06-15,161.0,9.592757468111577
48,LINGERIE,2014-09-21,98.0,7.419398354242547
48,LINGERIE,2014-10-05,108.0,5.470869493532383
48,LINGERIE,2015-08-30,68.0,8.093889113719142
48,LINGERIE,2015-09-06,87.0,8.937002563064887
48,LINGERIE,2016-09-11,53.0,6.4076622150276545
48,LINGERIE,2017-05-07,87.0,6.969737847924817
48,"LIQUOR,WINE,BEER",2013-12-22,2113.0,13.070314839125729
48,"LIQUOR,WINE,BEER",2013-12-29,2844.0,18.540466233707836
48,"LIQUOR,WINE,BEER",2014-01-05,1813.0,8.056067201972791
48,"LIQUOR,WINE,BEER",2014-06-15,1099.0,6.422325057624972
48,"LIQUOR,WINE,BEER",2014-12-21,1464.0,11.531197791821022
48,"LIQUOR,WINE,BEER",2014-12-28,2802.0,28.847450943768226
48,"LIQUOR,WINE,BEER",2015-01-04,2091.0,19.586173977108825
48,"LIQUOR,WINE,BEER",2015-05-03,924.0,7.704759829405723
48,"LIQUOR,WINE,BEER",2015-12-20,1444.0,8.155206455489742
48,"LIQUOR,WINE,BEER",2015-12-27,3358.0,23.72105164496909
48,"LIQUOR,WINE,BEER",2016-01-03,2296.0,13.94531544268493
48,"LIQUOR,WINE,BEER",2016-12-18,1361.0,6.389912458199323
48,"LIQUOR,WINE,BEER",2016-12-25,3488.0,25.115905912089005
48,"LIQUOR,WINE,BEER",2017-01-01,2754.0,18.27337465476723
48,MAGAZINES,2014-09-21,13.0,8.093889113719143
48,MAGAZINES,2015-10-04,43.0,7.869058860560277
48,MAGAZINES,2015-10-11,63.0,8.937002563064887
48,MAGAZINES,2015-10-18,86.0,12.64670174018616
48,MAGAZINES,2015-10-25,68.0,9.611493322541481
48,MAGAZINES,2016-05-01,92.0,6.205314987184676
48,MEATS,2014-03-09,9022.3204,7.0639695048082265
48,MEATS,2014-04-06,8948.632,7.545331731347617
48,MEATS,2014-05-04,8756.3116,6.877113840377735
48,MEATS,2017-01-08,9423.401,5.639169024298044
48,PERSONAL CARE,2014-09-07,6169.0,5.519471412944614
48,PERSONAL CARE,2016-11-06,7135.0,5.002169308118317
48,PERSONAL CARE,2017-01-08,11503.0,11.81333526713343
48,PET SUPPLIES,2015-07-19,92.0,9.667700885831197
48,PET SUPPLIES,2016-03-13,65.0,-5.56454876568191
48,PLAYERS AND ELECTRONICS,2014-11-02,110.0,-18.885741265344667
48,PLAYERS AND ELECTRONICS,2014-11-09,177.0,26.305139619587212
48,PLAYERS AND ELECTRONICS,2016-12-25,288.0,5.73317145555106
48,POULTRY,2014-09-07,8661.866,5.822838360486902
48,POULTRY,2014-10-05,8555.76,5.124649509265147
48,POULTRY,2016-03-06,8073.348,6.712571883108699
48,POULTRY,2016-03-20,5207.588,-6.315178579266446
48,POULTRY,2016-03-27,5036.145,-5.872752410764263
48,POULTRY,2016-11-06,8179.254,5.575117079617188
48,PRODUCE,2014-01-05,13950.043000000001,551.695471389689
48,PRODUCE,2014-01-12,16834.4968,666.1388498742274
48,PRODUCE,2014-01-19,15691.242,620.7791558549766
48,PRODUCE,2014-01-26,15543.5037,580.6804749913815
48,PRODUCE,2014-02-02,8038.0708,298.8395311539788
48,PRODUCE,2014-03-02,6417.035,97.20385256858346
48,PRODUCE,2014-03-09,19939.1983,291.0310075132406
48,PRODUCE,2014-07-06,15541.655,174.29577543954318
48,PRODUCE,2014-07-13,14896.996,167.0488331309861
48,PRODUCE,2014-07-20,15776.777999999998,176.9276721075588
48,PRODUCE,2014-07-27,14547.995,163.11429245919334
48,PRODUCE,2014-08-03,6838.620000000001,76.17945950807143
48,PRODUCE,2014-09-07,18831.127,436.7008331123795
48,PRODUCE,2014-09-14,16425.311999999998,183.4200278789514
48,PRODUCE,2015-01-11,45.0,-7.570577250249069
48,PRODUCE,2015-01-18,28.0,-5.194309671845385
48,PRODUCE,2015-01-25,23.0,-5.165346684079777
48,PRODUCE,2015-02-01,50.0,-5.052678255169443
48,PRODUCE,2015-05-10,167.0,21.415081613381897
48,PRODUCE,2015-06-07,18706.728,1798.6479350947177
48,PRODUCE,2015-06-14,14953.972,773.795100084052
48,PRODUCE,2015-06-21,15949.0,564.7617627638501
48,PRODUCE,2015-06-28,15082.966,483.1270033981487
48,PRODUCE,2015-07-05,18869.618000000002,488.3992258921439
48,PRODUCE,2015-07-12,17487.782,379.0590636327637
48,PRODUCE,2015-07-19,15494.318,82.04868538539118
48,PRODUCE,2015-12-27,24881.8202,6.040738363885909
48,PRODUCE,2017-08-06,16952.327,8.738474722797761
48,SCHOOL AND OFFICE SUPPLIES,2015-08-09,172.0,10.866795569345145
48,SCHOOL AND OFFICE SUPPLIES,2015-08-16,429.0,11.7889254482431
48,SCHOOL AND OFFICE SUPPLIES,2015-08-23,441.0,11.606861819326408
48,SCHOOL AND OFFICE SUPPLIES,2015-08-30,580.0,13.739626581930642
48,SCHOOL AND OFFICE SUPPLIES,2015-09-06,1413.0,33.266847815613495
48,SCHOOL AND OFFICE SUPPLIES,2015-09-13,546.0,12.381723227534641
48,SCHOOL AND OFFICE SUPPLIES,2016-08-07,151.0,9.29298379723309
48,SCHOOL AND OFFICE SUPPLIES,2016-08-14,504.0,18.9254171923727
48,SCHOOL AND OFFICE SUPPLIES,2016-08-21,889.0,34.20064909816618
48,SCHOOL AND OFFICE SUPPLIES,2016-08-28,1323.0,41.62571544198416
48,SCHOOL AND OFFICE SUPPLIES,2016-09-04,1981.0,54.91478933405279
48,SCHOOL AND OFFICE SUPPLIES,2016-09-11,3390.0,87.24278554306883
48,SCHOOL AND OFFICE SUPPLIES,2016-09-18,364.0,8.117978069414734
48,SCHOOL AND OFFICE SUPPLIES,2017-03-19,62.0,5.126129772022124
48,SCHOOL AND OFFICE SUPPLIES,2017-04-02,76.0,6.205314987184676
48,SCHOOL AND OFFICE SUPPLIES,2017-08-06,2362.0,112.15817771867954
48,SCHOOL AND OFFICE SUPPLIES,2017-08-13,3426.0,142.9920410090382
48,SEAFOOD,2014-10-12,250.389999,5.561342894548766
48,SEAFOOD,2014-11-09,314.048,5.706066805614639
48,SEAFOOD,2017-03-05,334.852,5.479914565209695
49,AUTOMOTIVE,2016-11-27,142.0,36.42250101173614
49,AUTOMOTIVE,2016-12-04,114.0,17.536759746391475
49,AUTOMOTIVE,2017-01-01,116.0,5.620756328971626
49,BEAUTY,2013-07-07,55.0,15.513287467961689
49,BEAUTY,2013-07-14,64.0,21.583704303251046
49,BEAUTY,2013-07-21,75.0,14.164305949008499
49,BEAUTY,2016-11-06,132.0,17.19951436665318
49,BEAUTY,2016-11-13,99.0,6.070416835289357
49,BEVERAGES,2014-01-05,36314.0,10.42158776818063
49,BEVERAGES,2014-01-12,39167.0,12.031899179717641
49,BEVERAGES,2014-01-19,39493.0,10.33358112497405
49,BEVERAGES,2014-07-06,39163.0,5.551625411295427
49,BEVERAGES,2014-07-13,38598.0,5.376734507622055
49,BEVERAGES,2014-07-20,38295.0,5.265918678391849
49,BEVERAGES,2014-09-07,50180.0,7.814321515223813
49,BEVERAGES,2015-05-31,50832.0,5.225231854127038
49,BEVERAGES,2015-06-07,54207.0,6.0036543241723335
49,BREAD/BAKERY,2013-05-05,4264.6810000000005,5.261987923184531
49,BREAD/BAKERY,2015-08-09,7096.58,-5.51289907778894
49,CELEBRATION,2015-01-04,80.0,-5.002473132784748
49,CELEBRATION,2015-01-11,0.0,-9.386663069382616
49,CELEBRATION,2015-01-18,0.0,-9.386663069382616
49,CELEBRATION,2016-12-25,480.0,6.99017696184835
49,CLEANING,2014-07-06,12146.0,5.08130081300813
49,CLEANING,2014-09-07,12943.0,6.000500110221661
49,CLEANING,2015-09-06,17001.0,5.120881573029078
49,CLEANING,2016-11-06,16251.0,5.384684563154818
49,CLEANING,2016-11-13,16104.0,5.14861279733801
49,CLEANING,2017-01-08,21356.0,9.388001344699038
49,DELI,2013-09-08,2137.421,5.753271138289209
49,DELI,2014-09-07,2773.041,6.928731730237236
49,EGGS,2015-12-20,3689.0,5.455439966354814
49,EGGS,2016-01-10,3672.0,6.652330431700537
49,FROZEN FOODS,2013-12-15,4991.0510300000005,13.931539208674826
49,FROZEN FOODS,2013-12-22,23991.358999999997,98.67927413485279
49,FROZEN FOODS,2013-12-29,9001.277,25.577146856142054
49,FROZEN FOODS,2014-12-07,3476.86,5.703048375415404
49,FROZEN FOODS,2014-12-14,6518.23896,21.042201908921705
49,FROZEN FOODS,2014-12-21,10693.683,38.54092809180497
49,FROZEN FOODS,2014-12-28,8435.2879,20.462776331007543
49,FROZEN FOODS,2015-12-06,7024.86614,10.993678632461489
49,FROZEN FOODS,2015-12-13,6645.665999999999,10.034913153889432
49,FROZEN FOODS,2015-12-20,17027.557,34.23256992315857
49,FROZEN FOODS,2015-12-27,16376.49086,26.130725232083027
49,FROZEN FOODS,2016-01-03,11126.6717,8.923501930650866
49,FROZEN FOODS,2016-12-11,5421.509,7.776108435516971
49,FROZEN FOODS,2016-12-18,17220.042,40.18929927334554
49,FROZEN FOODS,2016-12-25,18792.402000000002,29.90480599410723
49,FROZEN FOODS,2017-01-01,6168.719,5.432069450657416
49,GROCERY I,2013-12-22,56794.0,6.002713234526801
49,GROCERY I,2014-09-07,44898.0,6.364408298588274
49,GROCERY I,2014-12-14,68303.0,6.823359346768451
49,GROCERY I,2014-12-21,84927.0,8.58498942628596
49,GROCERY I,2015-09-06,73666.0,7.788997355776877
49,GROCERY I,2015-12-20,75297.0,5.495940581227785
49,GROCERY I,2016-04-24,88956.0,7.600742651066577
49,GROCERY II,2015-12-13,733.0,5.0137146454426915
49,GROCERY II,2016-07-24,233.0,-8.206304240298575
49,GROCERY II,2017-04-30,593.0,5.530824227708081
49,GROCERY II,2017-05-07,682.0,8.858311974459284
49,GROCERY II,2017-05-14,660.0,7.4643644048743205
49,HARDWARE,2014-09-07,32.0,8.093889113719143
49,HARDWARE,2014-09-28,22.0,9.442870632672333
49,HARDWARE,2016-11-20,21.0,6.070416835289357
49,HARDWARE,2016-11-27,24.0,8.093889113719143
49,HOME AND KITCHEN I,2014-03-16,823.0,8.896300534475781
49,HOME AND KITCHEN I,2016-06-12,727.0,6.255901794145421
49,HOME AND KITCHEN I,2016-07-03,4337.0,37.096991771212736
49,HOME AND KITCHEN I,2016-12-25,945.0,5.545812911252005
49,HOME AND KITCHEN I,2017-06-18,689.0,5.234634807242272
49,HOME AND KITCHEN II,2015-05-31,610.0,12.329691083232161
49,HOME AND KITCHEN II,2015-06-07,367.0,5.773640901119655
49,HOME AND KITCHEN II,2015-08-23,665.0,10.916757847824892
49,HOME AND KITCHEN II,2015-09-06,430.0,5.046190126454527
49,HOME AND KITCHEN II,2015-10-25,441.0,5.595775189731753
49,HOME AND KITCHEN II,2015-11-01,1083.0,19.470299923557718
49,HOME AND KITCHEN II,2016-12-11,539.0,5.395926075812762
49,HOME AND KITCHEN II,2016-12-18,536.0,5.334608734042162
49,HOME APPLIANCES,2017-01-29,14.0,8.768379873195737
49,HOME APPLIANCES,2017-02-05,17.0,5.058680696074464
49,HOME CARE,2015-01-04,972.0,-8.522137214974125
49,HOME CARE,2015-01-11,0.0,-13.20610082245048
49,HOME CARE,2015-01-18,0.0,-12.531610062973884
49,HOME CARE,2015-01-25,0.0,-12.531610062973884
49,HOME CARE,2015-02-01,0.0,-9.288134517262996
49,HOME CARE,2015-07-05,3297.0,7.531813480821979
49,HOME CARE,2016-04-24,5487.0,7.107409236422977
49,HOME CARE,2017-01-08,5465.0,5.0196605694931735
49,LADIESWEAR,2015-01-04,40.0,-6.070416835289357
49,LADIESWEAR,2015-01-11,0.0,-9.358559287737759
49,LADIESWEAR,2015-01-18,0.0,-9.18993659786861
49,LADIESWEAR,2015-01-25,0.0,-6.1266243985790725
49,LADIESWEAR,2016-06-05,162.0,7.0821529745042495
49,LADIESWEAR,2016-07-10,156.0,5.73317145555106
49,LAWN AND GARDEN,2013-10-20,64.0,5.058680696074464
49,LAWN AND GARDEN,2013-11-10,31.0,-6.4076622150276545
49,LAWN AND GARDEN,2013-12-08,64.0,5.058680696074464
49,LAWN AND GARDEN,2014-01-12,111.0,5.058680696074464
49,LAWN AND GARDEN,2015-08-23,63.0,-7.588021044111696
49,LAWN AND GARDEN,2015-08-30,71.0,-6.239039525158506
49,LAWN AND GARDEN,2016-02-14,182.0,8.43113449345744
49,LAWN AND GARDEN,2016-05-08,175.0,5.246039240373518
49,LAWN AND GARDEN,2016-06-12,174.0,5.974061012506986
49,LAWN AND GARDEN,2016-12-11,274.0,6.212414889916008
49,LAWN AND GARDEN,2016-12-18,287.0,6.6384090537959635
49,LAWN AND GARDEN,2016-12-25,248.0,5.111929966559458
49,LAWN AND GARDEN,2017-01-01,298.0,6.815906622079278
49,LAWN AND GARDEN,2017-05-14,606.0,13.596313730501892
49,LAWN AND GARDEN,2017-06-18,354.0,7.363190790952831
49,LINGERIE,2013-08-11,77.0,5.058680696074464
49,LINGERIE,2013-08-25,198.0,24.956158100634024
49,LINGERIE,2013-09-01,80.0,5.058680696074464
49,LINGERIE,2014-03-23,30.0,-5.126129772022124
49,LINGERIE,2015-04-05,112.0,6.070416835289357
49,LINGERIE,2015-08-30,123.0,5.32098265809314
49,LINGERIE,2017-01-01,108.0,5.283510949233329
49,LINGERIE,2017-01-22,136.0,5.395926075812762
49,LINGERIE,2017-04-23,117.0,6.239039525158506
49,LINGERIE,2017-04-30,113.0,5.56454876568191
49,"LIQUOR,WINE,BEER",2013-10-13,1408.0,11.790098475650884
49,"LIQUOR,WINE,BEER",2013-12-08,1860.0,10.40642886049604
49,"LIQUOR,WINE,BEER",2013-12-15,1655.0,7.93731090169779
49,"LIQUOR,WINE,BEER",2013-12-22,2854.0,14.919093227470404
49,"LIQUOR,WINE,BEER",2013-12-29,2701.0,10.135925358006082
49,"LIQUOR,WINE,BEER",2014-06-15,2552.0,6.04808270418086
49,"LIQUOR,WINE,BEER",2014-12-21,2846.0,6.469786363926814
49,"LIQUOR,WINE,BEER",2014-12-28,3023.0,7.255213103580481
49,"LIQUOR,WINE,BEER",2015-10-11,2384.0,9.141758686477424
49,"LIQUOR,WINE,BEER",2015-12-13,2167.0,6.460911485512648
49,"LIQUOR,WINE,BEER",2015-12-20,2981.0,8.829084041548631
49,"LIQUOR,WINE,BEER",2015-12-27,3911.0,13.483792950608006
49,"LIQUOR,WINE,BEER",2016-06-19,2834.0,6.634884279390337
49,"LIQUOR,WINE,BEER",2016-12-25,4262.0,9.414766851027474
49,MAGAZINES,2014-03-16,34.0,10.791852151625523
49,MAGAZINES,2014-03-23,21.0,6.4076622150276545
49,MAGAZINES,2015-04-12,33.0,5.56454876568191
49,MAGAZINES,2015-04-19,34.0,5.73317145555106
49,MAGAZINES,2015-04-26,53.0,8.937002563064887
49,MAGAZINES,2015-05-03,44.0,7.4193983542425475
49,MAGAZINES,2015-05-10,57.0,9.611493322541481
49,MAGAZINES,2015-05-17,51.0,8.59975718332659
49,MAGAZINES,2015-10-04,101.0,12.140833670578713
49,MAGAZINES,2015-10-11,127.0,17.76158999955034
49,MAGAZINES,2015-10-18,146.0,9.346514809889962
49,MAGAZINES,2015-10-25,147.0,9.442870632672333
49,MAGAZINES,2015-11-01,128.0,7.515754177024918
49,MAGAZINES,2015-11-08,110.0,5.684993544159874
49,MEATS,2013-05-05,3830.85,5.66412671354936
49,MEATS,2016-05-08,6761.39703,6.36888417263892
49,MEATS,2017-04-16,4961.888,-5.9785106471041
49,PERSONAL CARE,2014-10-05,3106.0,9.64762675608487
49,PERSONAL CARE,2014-11-09,3252.0,9.042086268345662
49,PERSONAL CARE,2014-12-07,3291.0,5.903607292623102
49,PERSONAL CARE,2016-04-24,5828.0,10.429930280686863
49,PERSONAL CARE,2016-11-06,4590.0,5.6607784682773925
49,PERSONAL CARE,2017-01-08,6054.0,5.000077400578957
49,PET SUPPLIES,2016-12-18,223.0,6.913530284635101
49,PLAYERS AND ELECTRONICS,2014-12-07,434.0,5.256376263507259
49,PLAYERS AND ELECTRONICS,2016-09-11,295.0,7.149602050451909
49,PLAYERS AND ELECTRONICS,2016-12-11,398.0,6.932266139065006
49,PLAYERS AND ELECTRONICS,2016-12-25,434.0,5.530824227708081
49,POULTRY,2013-04-21,1855.40203,6.638619833958431
49,POULTRY,2013-05-05,2157.24499,6.796685622918972
49,POULTRY,2013-11-10,5237.049,33.47738029823199
49,POULTRY,2013-11-17,5332.67697,13.917453609163713
49,POULTRY,2013-11-24,5461.07303,12.758194362905336
49,POULTRY,2013-12-01,5461.317,8.197996989970285
49,POULTRY,2013-12-08,5975.27303,8.26962457923066
49,POULTRY,2013-12-15,6056.053,8.371596805763343
49,POULTRY,2013-12-22,7216.16496,6.28277355958719
49,PREPARED FOODS,2013-09-08,2138.14601,6.879882315712836
49,PREPARED FOODS,2016-09-04,2514.314,5.898032015012248
49,PRODUCE,2014-01-05,30004.974,1833.6321940571233
49,PRODUCE,2014-01-12,44496.149000000005,2138.865554720472
49,PRODUCE,2014-01-19,42121.3327,2024.3073317145556
49,PRODUCE,2014-01-26,38576.435,1853.5215644331386
49,PRODUCE,2014-02-02,24082.855300000003,577.5533160856412
49,PRODUCE,2014-03-02,12052.938,163.8453406453638
49,PRODUCE,2014-03-09,46420.4234,636.8765213896162
49,PRODUCE,2014-07-06,38939.396,327.35899770673143
49,PRODUCE,2014-07-13,41736.872,350.94489410495083
49,PRODUCE,2014-07-20,42887.362,360.52679414542024
49,PRODUCE,2014-07-27,39551.893,332.4050064076622
49,PRODUCE,2014-08-03,21463.383,179.6791363145825
49,PRODUCE,2014-09-07,49694.002,857.2604952491639
49,PRODUCE,2014-09-14,44813.577999999994,376.05033387292593
49,PRODUCE,2015-01-04,21948.508,-8.690736522937119
49,PRODUCE,2015-01-11,150.0,-16.34128921794345
49,PRODUCE,2015-01-18,126.0,-15.783895528162327
49,PRODUCE,2015-01-25,124.0,-15.350523462927079
49,PRODUCE,2015-02-01,125.0,-6.2766970276287255
49,PRODUCE,2015-02-08,104.0,-5.1078162528610624
49,PRODUCE,2015-02-15,199.0,-5.025136565902698
49,PRODUCE,2015-06-07,53543.619999999995,3275.058558061391
49,PRODUCE,2015-06-14,52922.46,2966.998291290076
49,PRODUCE,2015-06-21,54516.393000000004,2821.415237265096
49,PRODUCE,2015-06-28,51668.905,2673.5726737851387
49,PRODUCE,2015-07-05,54096.1122,1136.898695703494
49,PRODUCE,2015-07-12,53803.979,334.55353083422017
49,PRODUCE,2015-07-19,49826.459,222.78186519178024
49,PRODUCE,2015-07-26,47740.865000000005,-9.378092540132188
49,PRODUCE,2017-07-16,56654.013999999996,-5.558307295727198
49,PRODUCE,2017-07-23,53691.632,-9.470212140217722
49,SCHOOL AND OFFICE SUPPLIES,2014-12-14,41.0,5.171095822653896
49,SCHOOL AND OFFICE SUPPLIES,2015-08-09,96.0,9.442870632672333
49,SCHOOL AND OFFICE SUPPLIES,2015-08-16,306.0,16.468816043886864
49,SCHOOL AND OFFICE SUPPLIES,2015-08-23,363.0,17.95183098299246
49,SCHOOL AND OFFICE SUPPLIES,2015-08-30,454.0,17.3383801112513
49,SCHOOL AND OFFICE SUPPLIES,2015-09-06,572.0,15.400872341382257
49,SCHOOL AND OFFICE SUPPLIES,2015-09-13,450.0,10.165539303540113
49,SCHOOL AND OFFICE SUPPLIES,2016-08-21,348.0,10.245835822525422
49,SCHOOL AND OFFICE SUPPLIES,2016-08-28,437.0,12.508737721202312
49,SCHOOL AND OFFICE SUPPLIES,2016-09-04,465.0,12.253248797158145
49,SCHOOL AND OFFICE SUPPLIES,2016-09-11,449.0,10.89561996077577
49,SCHOOL AND OFFICE SUPPLIES,2017-07-30,908.0,26.948971708178508
49,SCHOOL AND OFFICE SUPPLIES,2017-08-06,2443.0,70.79220405984788
49,SCHOOL AND OFFICE SUPPLIES,2017-08-13,1842.0,53.16746725787249
49,SEAFOOD,2015-02-01,776.768,5.449562416902115
49,SEAFOOD,2015-07-26,587.809004,-6.710198138916804
50,AUTOMOTIVE,2015-03-15,160.0,9.105625252934034
50,BEAUTY,2013-07-14,76.0,6.7449075947659525
50,BEAUTY,2013-12-29,56.0,5.395926075812762
50,BEAUTY,2016-11-06,188.0,5.395926075812762
50,BEAUTY,2017-02-19,59.0,-7.7566437339808445
50,BEAUTY,2017-03-05,107.0,9.105625252934034
50,BEVERAGES,2014-01-05,24605.0,17.904545651847886
50,BEVERAGES,2014-01-12,26831.0,20.797448215614555
50,BEVERAGES,2014-01-19,26377.0,20.207431250677416
50,BEVERAGES,2014-01-26,26043.0,18.49589798234443
50,BEVERAGES,2014-02-02,19840.0,8.479892861612376
50,BEVERAGES,2014-03-09,32982.0,6.779846681961335
50,BEVERAGES,2014-07-06,27675.0,5.843407290500519
50,BEVERAGES,2014-07-27,25661.0,5.090825247616563
50,BEVERAGES,2014-09-07,31624.0,11.027537547940177
50,BEVERAGES,2014-09-14,25623.0,5.745296670300943
50,BEVERAGES,2015-05-17,17091.0,5.894033268480624
50,BEVERAGES,2015-05-31,27391.0,13.09187476851459
50,BEVERAGES,2015-06-07,28287.0,13.625612662439858
50,BEVERAGES,2015-06-14,28693.0,10.264717863931303
50,BEVERAGES,2015-06-21,26797.0,6.2058002323353785
50,BEVERAGES,2016-11-06,44814.0,7.111800919975749
50,BREAD/BAKERY,2014-09-07,4592.474,5.355641724852868
50,BREAD/BAKERY,2015-09-06,5782.678,5.48223802574907
50,CELEBRATION,2015-12-27,539.0,5.092405234048294
50,CELEBRATION,2016-12-18,522.0,5.355047847965696
50,CELEBRATION,2016-12-25,752.0,10.056044050378329
50,CLEANING,2016-10-02,12458.0,6.854016394093048
50,CLEANING,2016-11-06,14440.0,6.254368860601156
50,DAIRY,2013-11-10,5687.0,8.589433345171335
50,DAIRY,2013-11-17,5947.0,5.7918821896755395
50,DAIRY,2013-11-24,6023.0,5.993956344336544
50,DAIRY,2013-12-01,6583.0,7.359322254208194
50,DAIRY,2013-12-08,7837.0,6.659312320720698
50,DAIRY,2013-12-15,7330.0,5.791376241901831
50,DAIRY,2013-12-22,8618.0,6.68805985421781
50,DAIRY,2014-09-07,8749.0,5.7410143713589274
50,DAIRY,2016-04-03,8475.0,9.221120245995095
50,DAIRY,2016-04-10,8295.0,7.55799234591582
50,DAIRY,2016-05-01,8218.0,6.3568444180807875
50,DAIRY,2017-01-08,11667.0,5.131454699070623
50,DELI,2013-05-05,3420.875,9.134186194404577
50,DELI,2016-08-07,3396.619,5.721032223758473
50,DELI,2016-11-06,4274.776,5.801322869827697
50,DELI,2016-11-13,4201.534,5.449057113326107
50,EGGS,2014-03-09,1076.0,5.395926075812762
50,EGGS,2017-01-08,1032.0,6.7449075947659525
50,EGGS,2017-03-05,1026.0,9.797865769238962
50,FROZEN FOODS,2013-12-01,2435.957,12.925138627292514
50,FROZEN FOODS,2013-12-08,3167.862,19.542515327304933
50,FROZEN FOODS,2013-12-15,5773.04097,36.55739125013925
50,FROZEN FOODS,2013-12-22,21371.4732,151.25886023868736
50,FROZEN FOODS,2013-12-29,9829.37305,60.37157041783728
50,FROZEN FOODS,2014-11-09,1216.212,8.322760120864682
50,FROZEN FOODS,2014-11-30,1522.131,6.48172896298578
50,FROZEN FOODS,2014-12-07,2489.38703,17.92418890193801
50,FROZEN FOODS,2014-12-14,8244.734,66.12655111198947
50,FROZEN FOODS,2014-12-21,19866.73,125.93061342277389
50,FROZEN FOODS,2014-12-28,11620.557,58.515930898648755
50,FROZEN FOODS,2015-01-04,3664.975,8.632588369804102
50,FROZEN FOODS,2015-12-06,2790.697,15.235997115112522
50,FROZEN FOODS,2015-12-13,5572.8961,35.869524415609284
50,FROZEN FOODS,2015-12-20,18875.961000000003,129.95478726698343
50,FROZEN FOODS,2015-12-27,23895.41497,105.64704643234596
50,FROZEN FOODS,2016-01-03,5341.5829699999995,12.624621119378617
50,FROZEN FOODS,2016-12-11,4733.359,17.496067475082786
50,FROZEN FOODS,2016-12-18,14791.843,53.31951258152462
50,FROZEN FOODS,2016-12-25,26202.9778,96.31381460795637
50,FROZEN FOODS,2017-01-01,8534.830899999999,17.600020434406527
50,GROCERY I,2013-05-05,43739.0,7.720663558067493
50,GROCERY I,2013-12-22,59941.0,8.385950828214867
50,GROCERY I,2014-12-14,51412.0,5.244461484211
50,GROCERY I,2014-12-21,60572.0,6.60200701013108
50,GROCERY II,2014-12-21,629.0,6.860064553700981
50,GROCERY II,2014-12-28,918.0,9.555285759251765
50,GROCERY II,2015-04-26,475.0,10.213717214931298
50,GROCERY II,2015-05-03,534.0,11.29772022123297
50,GROCERY II,2015-05-10,601.0,12.40313563259739
50,GROCERY II,2015-12-20,531.0,5.79640496425199
50,GROCERY II,2015-12-27,829.0,8.987981515816024
50,GROCERY II,2016-01-03,923.0,7.625175196116762
50,GROCERY II,2016-11-20,807.0,10.421970122235132
50,GROCERY II,2016-12-18,628.0,5.511553063151607
50,GROCERY II,2016-12-25,1054.0,9.91644925102824
50,GROCERY II,2017-05-07,535.0,5.792685346093111
50,GROCERY II,2017-05-14,634.0,9.680926194840543
50,GROCERY II,2017-07-23,1240.0,6.131734177059957
50,GROCERY II,2017-07-30,1435.0,6.223394120943842
50,HARDWARE,2014-11-09,33.0,7.0821529745042495
50,HOME AND KITCHEN I,2014-10-19,363.0,-5.150656708730364
50,HOME AND KITCHEN I,2014-12-21,2383.0,19.054363955213816
50,HOME AND KITCHEN I,2014-12-28,1050.0,5.005986105490355
50,HOME AND KITCHEN I,2015-12-20,1469.0,10.584316533325032
50,HOME AND KITCHEN I,2016-06-12,720.0,6.118594746680542
50,HOME AND KITCHEN I,2016-06-19,693.0,5.684993544159874
50,HOME AND KITCHEN I,2016-12-18,1917.0,18.41600662928061
50,HOME AND KITCHEN I,2017-05-28,813.0,5.877705189724615
50,HOME AND KITCHEN II,2015-06-14,661.0,5.008718417594716
50,HOME AND KITCHEN II,2015-06-21,2989.0,34.08676449280793
50,HOME AND KITCHEN II,2015-06-28,1836.0,16.60933495211116
50,HOME AND KITCHEN II,2015-07-05,1079.0,7.986361601338816
50,HOME AND KITCHEN II,2015-07-12,1426.0,8.002551823373354
50,HOME AND KITCHEN II,2016-02-14,1673.0,5.551902063941724
50,HOME AND KITCHEN II,2017-06-25,974.0,5.537924130439413
50,HOME APPLIANCES,2013-12-29,15.0,6.070416835289357
50,HOME APPLIANCES,2017-03-19,12.0,7.4193983542425475
50,HOME APPLIANCES,2017-04-02,13.0,8.093889113719143
50,HOME APPLIANCES,2017-04-16,18.0,5.395926075812762
50,HOME CARE,2015-01-04,1191.0,-5.961039955374233
50,HOME CARE,2015-01-11,0.0,-9.854856880352632
50,HOME CARE,2015-01-18,0.0,-9.738188208443166
50,HOME CARE,2015-01-25,0.0,-8.323972410176113
50,HOME CARE,2015-02-01,0.0,-7.911594313860602
50,HOME CARE,2015-02-08,0.0,-7.911594313860602
50,HOME CARE,2015-02-15,0.0,-7.7566437339808445
50,LADIESWEAR,2014-11-09,222.0,17.03089167678403
50,LAWN AND GARDEN,2013-08-04,35.0,7.0821529745042495
50,LAWN AND GARDEN,2015-06-21,68.0,5.126129772022124
50,LAWN AND GARDEN,2016-11-06,46.0,6.520077341607086
50,LAWN AND GARDEN,2016-12-04,69.0,7.01470389855659
50,LAWN AND GARDEN,2016-12-11,94.0,10.252259544044248
50,LAWN AND GARDEN,2016-12-18,78.0,5.058680696074464
50,LAWN AND GARDEN,2016-12-25,90.0,5.480237420747336
50,LAWN AND GARDEN,2017-01-08,109.0,5.0280220251891645
50,LAWN AND GARDEN,2017-02-19,329.0,8.55538279125576
50,LAWN AND GARDEN,2017-05-14,405.0,15.153559062907506
50,LINGERIE,2013-08-18,107.0,7.0821529745042495
50,LINGERIE,2013-08-25,111.0,7.531813480821979
50,LINGERIE,2013-09-08,109.0,5.395926075812762
50,LINGERIE,2014-09-07,83.0,5.058680696074464
50,LINGERIE,2014-10-05,128.0,8.093889113719142
50,LINGERIE,2015-08-23,75.0,5.058680696074464
50,LINGERIE,2016-08-14,59.0,5.227303385943613
50,LINGERIE,2016-09-04,63.0,5.56454876568191
50,LINGERIE,2016-09-11,82.0,6.879805746661272
50,LINGERIE,2017-04-30,106.0,6.359484303636469
50,LINGERIE,2017-05-07,110.0,6.648551771983581
50,"LIQUOR,WINE,BEER",2013-10-13,907.0,18.947058607115267
50,"LIQUOR,WINE,BEER",2013-12-15,1226.0,6.616986933485908
50,"LIQUOR,WINE,BEER",2013-12-22,1777.0,13.013019997488104
50,"LIQUOR,WINE,BEER",2013-12-29,2108.0,16.021919843960433
50,"LIQUOR,WINE,BEER",2014-01-05,1442.0,7.801945352154646
50,"LIQUOR,WINE,BEER",2014-06-15,923.0,6.340213139079996
50,"LIQUOR,WINE,BEER",2014-12-14,979.0,5.599841886817313
50,"LIQUOR,WINE,BEER",2014-12-21,1409.0,12.140833670578713
50,"LIQUOR,WINE,BEER",2014-12-28,2289.0,19.181570545816854
50,"LIQUOR,WINE,BEER",2015-12-27,2381.0,6.9158401844963215
50,"LIQUOR,WINE,BEER",2016-12-25,2917.0,9.785003626609736
50,MAGAZINES,2014-03-16,12.0,7.4193983542425475
50,MAGAZINES,2015-04-26,28.0,9.442870632672333
50,MAGAZINES,2015-05-03,21.0,7.0821529745042495
50,MAGAZINES,2015-05-10,18.0,6.070416835289357
50,MAGAZINES,2015-05-17,26.0,8.768379873195737
50,MAGAZINES,2015-10-04,65.0,5.058680696074464
50,MAGAZINES,2015-10-11,76.0,5.2995702530303905
50,MAGAZINES,2015-10-18,84.0,5.311614730878187
50,MAGAZINES,2015-10-25,98.0,6.491973559962229
50,MEATS,2014-01-12,3876.33652,-5.366026006684252
50,PERSONAL CARE,2014-07-06,3888.0,6.79941189856204
50,PET SUPPLIES,2016-12-04,93.0,6.0704168352893575
50,PLAYERS AND ELECTRONICS,2015-01-11,0.0,-6.365506542560367
50,PLAYERS AND ELECTRONICS,2015-01-18,0.0,-6.365506542560367
50,PLAYERS AND ELECTRONICS,2015-08-02,170.0,5.142992041009038
50,POULTRY,2013-11-10,3763.6090000000004,5.798095737251903
50,POULTRY,2013-11-17,3623.845,5.220471805455066
50,POULTRY,2013-11-24,3680.25005,5.312585052568938
50,POULTRY,2013-12-01,3732.467,5.203161656816225
50,POULTRY,2013-12-08,3834.099,5.044500295696637
50,POULTRY,2015-08-30,2654.80602,-5.848900783546375
50,POULTRY,2016-10-02,3252.738,5.0308931255044005
50,POULTRY,2017-03-05,3948.351,5.073698709451116
50,PREPARED FOODS,2014-10-05,989.122994,7.334322928717454
50,PREPARED FOODS,2014-10-12,1164.642,19.366636743861545
50,PREPARED FOODS,2014-10-19,960.922996,5.4011349893872
50,PREPARED FOODS,2014-10-26,999.33,5.640339411510336
50,PREPARED FOODS,2014-11-02,767.330004,-6.548627966688155
50,PREPARED FOODS,2016-11-06,885.915,7.50459644060842
50,PRODUCE,2014-01-05,12660.0909,850.8087751247808
50,PRODUCE,2014-01-12,16146.6989,1085.7074666127075
50,PRODUCE,2014-01-19,15255.190999999999,1025.5086334817213
50,PRODUCE,2014-01-26,15584.556700000001,1047.3868002158372
50,PRODUCE,2014-02-02,9641.992999999999,587.787608991575
50,PRODUCE,2014-03-02,4622.88,219.4927829488736
50,PRODUCE,2014-03-09,17923.7442,388.30529192395227
50,PRODUCE,2014-07-06,14952.442000000001,162.15456282119905
50,PRODUCE,2014-07-13,15581.043,168.99303969051752
50,PRODUCE,2014-07-20,15068.936,163.38925079307057
50,PRODUCE,2014-07-27,15388.365,166.8642815803101
50,PRODUCE,2014-08-03,8222.02,88.75014686492344
50,PRODUCE,2014-09-07,18721.556,1049.201627771033
50,PRODUCE,2014-09-14,16785.278,175.68669482665587
50,PRODUCE,2015-01-11,56.0,-9.638960541618681
50,PRODUCE,2015-01-18,55.0,-9.57299593612745
50,PRODUCE,2015-01-25,62.0,-8.280681039029725
50,PRODUCE,2015-06-07,15993.046,977.5852004463903
50,PRODUCE,2015-06-14,16446.2801,582.0599693284202
50,PRODUCE,2015-06-21,16215.526,474.0651264816803
50,PRODUCE,2015-06-28,15769.664,460.96059214423553
50,PRODUCE,2015-07-05,16471.815000000002,461.2059613741626
50,PRODUCE,2015-07-12,16932.103900000002,420.88482945376245
50,PRODUCE,2015-07-19,16591.152000000002,149.99354676408504
50,PRODUCE,2015-12-27,23693.172,7.456183528446037
50,SCHOOL AND OFFICE SUPPLIES,2014-03-23,58.0,5.845586582130491
50,SCHOOL AND OFFICE SUPPLIES,2015-08-09,135.0,6.9135302846351
50,SCHOOL AND OFFICE SUPPLIES,2015-08-16,399.0,21.52749673996133
50,SCHOOL AND OFFICE SUPPLIES,2015-08-23,591.0,24.197355996222853
50,SCHOOL AND OFFICE SUPPLIES,2015-08-30,692.0,26.503519254727387
50,SCHOOL AND OFFICE SUPPLIES,2015-09-06,1041.0,22.73033859436126
50,SCHOOL AND OFFICE SUPPLIES,2015-09-13,467.0,9.825082063042403
50,SCHOOL AND OFFICE SUPPLIES,2016-08-14,114.0,5.002473132784748
50,SCHOOL AND OFFICE SUPPLIES,2016-08-21,539.0,28.89068753091416
50,SCHOOL AND OFFICE SUPPLIES,2016-08-28,559.0,22.511129097531366
50,SCHOOL AND OFFICE SUPPLIES,2016-09-04,1050.0,42.87231889923108
50,SCHOOL AND OFFICE SUPPLIES,2016-09-11,1472.0,60.66201268042628
50,SCHOOL AND OFFICE SUPPLIES,2016-09-18,279.0,10.117361392148927
50,SCHOOL AND OFFICE SUPPLIES,2017-04-23,97.0,6.45584012641884
50,SCHOOL AND OFFICE SUPPLIES,2017-08-06,3042.0,63.67614326183732
50,SCHOOL AND OFFICE SUPPLIES,2017-08-13,2665.0,55.729799001753676
50,SEAFOOD,2013-06-16,94.328,-5.3234733321218615
51,BEVERAGES,2013-05-05,20623.0,6.099448970081643
51,BEVERAGES,2014-01-05,32640.0,8.601807786664567
51,BEVERAGES,2014-01-12,37080.0,10.905424028805866
51,BEVERAGES,2014-01-19,36281.0,10.323052680819995
51,BEVERAGES,2014-01-26,35707.0,9.14290280786193
51,BEVERAGES,2014-07-06,40481.0,12.613811491448601
51,BEVERAGES,2014-07-13,39209.0,11.77310464566902
51,BEVERAGES,2014-07-20,40583.0,12.548993635399945
51,BEVERAGES,2014-07-27,34804.0,8.836406533999277
51,BEVERAGES,2016-04-24,59155.0,5.296380543034837
51,BREAD/BAKERY,2013-05-05,6360.4111,8.968769706331404
51,BREAD/BAKERY,2013-05-19,5862.751,5.595591056995067
51,CELEBRATION,2015-01-11,0.0,-5.395926075812762
51,CELEBRATION,2016-12-25,316.0,11.10315557907626
51,CLEANING,2013-12-22,11976.0,5.256376263507259
51,CLEANING,2014-12-21,12751.0,5.293625420776466
51,CLEANING,2017-04-09,8959.0,-5.420389471234192
51,CLEANING,2017-04-16,8592.0,-6.661033096178189
51,CLEANING,2017-05-07,12144.0,16.386157862578457
51,CLEANING,2017-05-14,9941.0,-5.465358948111823
51,CLEANING,2017-05-21,11342.0,8.43113449345744
51,DAIRY,2013-11-10,9198.0,8.081162872974302
51,DAIRY,2013-11-17,9533.0,6.1954023434351795
51,DAIRY,2013-11-24,9311.0,5.43897867748148
51,DAIRY,2013-12-01,9573.0,5.492012748252164
51,DAIRY,2013-12-08,11107.0,8.088435010542781
51,DAIRY,2013-12-15,11041.0,5.663396549398308
51,DAIRY,2013-12-22,13248.0,6.9235110669015
51,DELI,2015-10-11,1575.761,-5.909129640864145
51,DELI,2015-11-01,1500.442,-6.7527900934029494
51,EGGS,2014-05-04,2718.0,5.841344501882212
51,EGGS,2017-05-07,2642.0,5.253245338231174
51,FROZEN FOODS,2013-12-08,3152.16,7.273191326206872
51,FROZEN FOODS,2013-12-15,6556.27798,23.366202531936676
51,FROZEN FOODS,2013-12-22,8250.889,23.707923113443787
51,FROZEN FOODS,2013-12-29,7522.9799,16.52803519114092
51,FROZEN FOODS,2014-01-05,4158.85098,6.476692894441835
51,FROZEN FOODS,2014-12-07,3044.323,5.188616232312687
51,FROZEN FOODS,2014-12-14,6200.9721,14.733993120775951
51,FROZEN FOODS,2014-12-21,10691.0412,29.5287058466451
51,FROZEN FOODS,2014-12-28,7797.713099999999,19.665186495397318
51,FROZEN FOODS,2015-01-04,4888.4949,9.158207843447274
51,FROZEN FOODS,2015-11-29,2725.61002,5.086068624437703
51,FROZEN FOODS,2015-12-06,3398.65202,7.1883291017942215
51,FROZEN FOODS,2015-12-13,5621.043,16.72639439475309
51,FROZEN FOODS,2015-12-20,12188.01503,34.31249055757048
51,FROZEN FOODS,2015-12-27,11345.42,26.75195088784118
51,FROZEN FOODS,2016-01-03,6071.134,9.867574599873551
51,FROZEN FOODS,2016-12-04,2400.202,5.036167349753432
51,FROZEN FOODS,2016-12-11,3384.19,9.923742900235636
51,FROZEN FOODS,2016-12-18,8194.696,42.58120429078978
51,FROZEN FOODS,2016-12-25,14856.911,84.99272590085398
51,FROZEN FOODS,2017-01-01,5953.961,22.32867462638647
51,FROZEN FOODS,2017-05-14,2403.84798,5.461751667189463
51,GROCERY I,2013-04-21,29285.0,8.854753510020798
51,GROCERY I,2013-04-28,28530.0,5.563637291682618
51,GROCERY I,2013-05-05,35050.0,12.904714771672689
51,GROCERY I,2013-12-22,54184.0,9.617395116686902
51,GROCERY I,2014-12-21,51470.0,5.871680371683405
51,GROCERY I,2015-12-13,41536.0,6.432046942348432
51,GROCERY I,2015-12-20,47351.0,9.352490364791196
51,GROCERY I,2015-12-27,47260.0,9.284518427789678
51,GROCERY I,2016-04-24,61422.0,6.979643364446811
51,GROCERY I,2016-12-18,50434.0,6.00769151781794
51,GROCERY I,2016-12-25,49432.0,5.545855736062131
51,GROCERY II,2016-12-25,318.0,6.491973559962229
51,GROCERY II,2017-01-01,321.0,5.573423644096076
51,HARDWARE,2014-12-07,27.0,5.058680696074464
51,HARDWARE,2017-04-09,40.0,6.969737847924817
51,HOME AND KITCHEN I,2014-11-09,422.0,15.513287467961689
51,HOME AND KITCHEN I,2014-12-07,356.0,7.296763670701348
51,HOME AND KITCHEN I,2014-12-14,299.0,5.549219430239261
51,HOME AND KITCHEN I,2014-12-21,491.0,10.945145506052024
51,HOME AND KITCHEN I,2015-11-08,818.0,8.783042715793055
51,HOME AND KITCHEN I,2015-11-29,559.0,5.5425545017859355
51,HOME AND KITCHEN I,2016-07-03,439.0,5.866025696054026
51,HOME AND KITCHEN II,2015-04-12,438.0,13.939475695849636
51,HOME AND KITCHEN II,2015-04-26,254.0,5.6657223796034
51,HOME AND KITCHEN II,2015-07-19,437.0,13.040154683214174
51,HOME AND KITCHEN II,2015-10-11,282.0,6.070416835289357
51,HOME AND KITCHEN II,2015-10-18,494.0,14.014419113569256
51,HOME AND KITCHEN II,2015-10-25,941.0,30.764272973904703
51,HOME AND KITCHEN II,2016-12-04,284.0,7.007209556784628
51,HOME AND KITCHEN II,2016-12-11,427.0,12.365663923737579
51,HOME AND KITCHEN II,2016-12-18,1568.0,55.00846860620232
51,HOME AND KITCHEN II,2016-12-25,1009.0,33.874424809269
51,HOME AND KITCHEN II,2017-02-05,753.0,8.438628835229402
51,HOME APPLIANCES,2014-09-21,16.0,6.070416835289357
51,HOME APPLIANCES,2014-10-19,15.0,5.395926075812762
51,HOME APPLIANCES,2015-10-18,10.0,6.7449075947659525
51,HOME APPLIANCES,2015-10-25,15.0,10.117361392148927
51,HOME APPLIANCES,2015-11-15,13.0,5.395926075812762
51,HOME APPLIANCES,2015-11-29,14.0,6.070416835289357
51,HOME CARE,2015-01-04,989.0,-8.973288458353183
51,HOME CARE,2015-01-11,0.0,-17.11840471836169
51,HOME CARE,2015-01-18,0.0,-14.861032667588718
51,HOME CARE,2015-01-25,0.0,-14.764676844806349
51,HOME CARE,2015-02-01,0.0,-6.163236664575127
51,HOME CARE,2015-02-08,0.0,-5.417683842247491
51,HOME CARE,2015-02-15,0.0,-5.1538709242264025
51,HOME CARE,2016-04-24,3944.0,8.201807635235397
51,LADIESWEAR,2016-06-26,56.0,6.969737847924817
51,LADIESWEAR,2016-08-14,6.0,-7.0821529745042495
51,LAWN AND GARDEN,2016-12-04,280.0,15.091730743288817
51,LAWN AND GARDEN,2016-12-11,329.0,15.378389316066372
51,LAWN AND GARDEN,2016-12-18,419.0,19.49891468305066
51,LAWN AND GARDEN,2016-12-25,378.0,7.531813480821979
51,LAWN AND GARDEN,2017-01-01,506.0,9.883883821560877
51,LAWN AND GARDEN,2017-01-08,382.0,5.73317145555106
51,LINGERIE,2013-05-05,126.0,8.707062531425139
51,LINGERIE,2015-02-15,135.0,5.273291392271563
51,LINGERIE,2017-05-07,207.0,15.802354936308802
51,LINGERIE,2017-05-14,119.0,7.323042531460176
51,"LIQUOR,WINE,BEER",2013-12-22,2253.0,7.892725202998052
51,"LIQUOR,WINE,BEER",2013-12-29,2501.0,6.240025622760079
51,"LIQUOR,WINE,BEER",2014-06-15,2145.0,9.329101106977486
51,"LIQUOR,WINE,BEER",2014-12-14,1588.0,5.36302408754561
51,"LIQUOR,WINE,BEER",2014-12-21,2185.0,10.273645836417895
51,"LIQUOR,WINE,BEER",2014-12-28,2094.0,7.036579274539615
51,"LIQUOR,WINE,BEER",2015-01-04,2053.0,5.730515980120049
51,"LIQUOR,WINE,BEER",2015-06-07,1766.0,9.737960339943342
51,"LIQUOR,WINE,BEER",2015-06-21,1549.0,6.632492468186519
51,"LIQUOR,WINE,BEER",2015-12-27,3935.0,17.500626312848087
51,"LIQUOR,WINE,BEER",2016-06-19,2026.0,11.086348117030798
51,"LIQUOR,WINE,BEER",2016-07-03,1718.0,7.67589484024069
51,"LIQUOR,WINE,BEER",2016-12-25,2313.0,5.568037510989548
51,"LIQUOR,WINE,BEER",2017-01-01,2369.0,5.577340831809916
51,MAGAZINES,2014-03-16,32.0,6.520077341607086
51,MAGAZINES,2015-10-18,140.0,6.677458518818293
51,MEATS,2013-12-29,3439.185,-8.644373026135248
51,MEATS,2014-01-05,3254.5003,-10.107676798885782
51,MEATS,2014-01-12,3053.91222,-8.073815250441381
51,PERSONAL CARE,2013-10-06,3118.0,13.430797248077702
51,PERSONAL CARE,2016-04-24,3728.0,7.452706539895712
51,PET SUPPLIES,2014-11-02,103.0,8.768379873195737
51,PET SUPPLIES,2014-11-09,121.0,20.234722784297855
51,PET SUPPLIES,2015-01-04,38.0,-9.038176176986376
51,PET SUPPLIES,2015-01-11,0.0,-13.894509645217862
51,PET SUPPLIES,2015-01-18,0.0,-6.947254822608931
51,PET SUPPLIES,2015-01-25,0.0,-5.789379018840775
51,PET SUPPLIES,2016-11-27,93.0,-5.901794145420208
51,PET SUPPLIES,2017-01-08,181.0,5.20321443024802
51,PLAYERS AND ELECTRONICS,2014-11-09,112.0,7.284500202347228
51,PLAYERS AND ELECTRONICS,2014-11-16,106.0,5.283510949233329
51,PLAYERS AND ELECTRONICS,2016-04-17,142.0,6.520077341607087
51,PLAYERS AND ELECTRONICS,2016-04-24,231.0,13.115098100933796
51,PLAYERS AND ELECTRONICS,2016-12-11,167.0,6.894794430205196
51,PLAYERS AND ELECTRONICS,2016-12-18,148.0,5.395926075812762
51,PLAYERS AND ELECTRONICS,2016-12-25,167.0,6.819851012485574
51,POULTRY,2013-11-10,5276.4990099999995,17.52802804234406
51,POULTRY,2013-11-17,5619.88906,17.819621103066424
51,POULTRY,2013-11-24,5577.192,14.690103291708166
51,POULTRY,2013-12-01,5775.082,11.120775760727717
51,POULTRY,2013-12-08,5573.094,10.029587113409667
51,POULTRY,2013-12-15,7321.2880000000005,15.084031832168693
51,POULTRY,2013-12-22,7544.14797,7.8223650935042945
51,POULTRY,2015-12-13,9140.262,16.05307561464539
51,POULTRY,2016-02-07,8219.328,5.805019957911031
51,POULTRY,2016-09-18,9433.856,6.1664516127676245
51,POULTRY,2016-11-06,4434.07696,-8.80340465957503
51,POULTRY,2016-11-13,10628.693,7.554345109754315
51,POULTRY,2017-08-13,4860.371,-8.38978347370904
51,PREPARED FOODS,2013-09-22,1083.012986,-6.863935422561908
51,PREPARED FOODS,2015-02-15,901.312,-6.827581123219798
51,PRODUCE,2014-01-05,24389.688000000002,818.7200863348173
51,PRODUCE,2014-01-12,38974.9503,1008.1029765796055
51,PRODUCE,2014-01-19,39192.2215,1013.6356478743165
51,PRODUCE,2014-01-26,38072.4835,825.7830293773363
51,PRODUCE,2014-02-02,25982.3569,562.6200898160598
51,PRODUCE,2014-03-02,9670.720000000001,160.94563604478623
51,PRODUCE,2014-03-09,37385.293,558.2579102777403
51,PRODUCE,2014-07-06,37672.195999999996,791.6665823553217
51,PRODUCE,2014-07-13,42862.368,901.0641777957643
51,PRODUCE,2014-07-20,42443.832,892.1791110211791
51,PRODUCE,2014-07-27,37197.438,781.4910882908405
51,PRODUCE,2014-08-03,23090.1075,484.13908631795493
51,PRODUCE,2014-09-07,38262.9417,886.8609595445096
51,PRODUCE,2014-09-14,38163.887,712.2413890013041
51,PRODUCE,2014-11-09,41339.183,5.708173730704212
51,PRODUCE,2015-01-04,19700.19,-11.70275199979732
51,PRODUCE,2015-01-11,107.0,-22.727537115863818
51,PRODUCE,2015-01-18,82.0,-14.246170199860297
51,PRODUCE,2015-01-25,83.0,-14.136250982484228
51,PRODUCE,2015-02-01,65.0,-14.009493238232311
51,PRODUCE,2015-02-08,118.0,-7.043381886462849
51,PRODUCE,2015-02-15,139.0,-6.487300414596413
51,PRODUCE,2015-06-07,41639.154,2335.3767030891677
51,PRODUCE,2015-06-14,39625.7769,2221.816229371824
51,PRODUCE,2015-06-21,42467.197,2381.4131143486666
51,PRODUCE,2015-06-28,42231.1618,2368.146150906066
51,PRODUCE,2015-07-05,44900.624,2518.077701335492
51,PRODUCE,2015-07-12,38515.2442,588.3589670480605
51,PRODUCE,2015-07-19,40554.862,495.56506383135286
51,SCHOOL AND OFFICE SUPPLIES,2015-07-26,16.0,10.117361392148927
51,SCHOOL AND OFFICE SUPPLIES,2016-04-03,83.0,9.038176176986376
51,SCHOOL AND OFFICE SUPPLIES,2016-04-10,167.0,20.369620936193176
51,SCHOOL AND OFFICE SUPPLIES,2016-04-17,113.0,8.178200458653716
51,SCHOOL AND OFFICE SUPPLIES,2016-04-24,578.0,47.38297585323081
51,SCHOOL AND OFFICE SUPPLIES,2016-05-01,644.0,38.50729063193653
51,SCHOOL AND OFFICE SUPPLIES,2016-05-08,431.0,23.269931201942534
51,SCHOOL AND OFFICE SUPPLIES,2016-05-15,273.0,14.27672107558793
51,SCHOOL AND OFFICE SUPPLIES,2017-03-26,182.0,29.34034803723189
51,SCHOOL AND OFFICE SUPPLIES,2017-04-02,527.0,87.34655335221908
51,SCHOOL AND OFFICE SUPPLIES,2017-04-09,690.0,114.66342911102119
51,SCHOOL AND OFFICE SUPPLIES,2017-04-16,720.0,119.72210980709565
51,SCHOOL AND OFFICE SUPPLIES,2017-04-23,952.0,158.67395116686902
51,SCHOOL AND OFFICE SUPPLIES,2017-04-30,597.0,79.05031701065695
51,SCHOOL AND OFFICE SUPPLIES,2017-05-07,485.0,53.05993974549215
51,SEAFOOD,2014-07-27,407.649994,-5.9160243058150215
53,AUTOMOTIVE,2015-01-11,10.0,-6.7449075947659525
53,AUTOMOTIVE,2016-05-08,117.0,5.328476999865102
53,BEAUTY,2015-06-07,33.0,5.73317145555106
53,BEAUTY,2015-09-06,40.0,6.070416835289357
53,BEAUTY,2016-05-01,85.0,5.2995702530303905
53,BEVERAGES,2015-05-31,11691.0,5.714790783195654
53,BEVERAGES,2016-01-03,16043.0,7.078169761357734
53,BEVERAGES,2016-04-24,24090.0,9.397428521831754
53,BEVERAGES,2016-05-01,23196.0,8.817067849096357
53,BEVERAGES,2016-05-08,24734.0,9.727208411931956
53,BEVERAGES,2016-05-15,24727.0,6.377429359015761
53,BEVERAGES,2016-05-22,23541.0,5.001022615022432
53,BEVERAGES,2016-06-05,28858.0,6.7942251986846705
53,BREAD/BAKERY,2014-07-20,2611.151,11.860141841164547
53,BREAD/BAKERY,2016-04-24,4817.0419999999995,17.952982998794347
53,BREAD/BAKERY,2016-05-01,4681.748970000001,16.810291653687695
53,BREAD/BAKERY,2016-05-08,5678.844999999999,12.605284707974452
53,BREAD/BAKERY,2016-05-15,5706.076,9.510516573324347
53,BREAD/BAKERY,2016-05-22,5756.2119999999995,8.01950697825595
53,BREAD/BAKERY,2016-05-29,5720.259,7.424314334943289
53,BREAD/BAKERY,2016-06-05,6721.327,6.4312219668870085
53,CELEBRATION,2015-01-11,0.0,-5.126129772022124
53,CELEBRATION,2016-05-01,121.0,6.841263417548323
53,CELEBRATION,2016-05-08,139.0,8.575668227630995
53,CELEBRATION,2016-05-15,163.0,9.527181977606908
53,CELEBRATION,2016-05-22,115.0,5.395926075812762
53,CELEBRATION,2016-05-29,127.0,5.021208987214654
53,CELEBRATION,2016-06-05,146.0,5.73317145555106
53,CLEANING,2016-04-24,9693.0,8.399843685028113
53,CLEANING,2016-05-01,11730.0,11.601936414295867
53,CLEANING,2016-05-08,13153.0,8.31255963391475
53,CLEANING,2016-05-15,15148.0,10.360670844197562
53,CLEANING,2016-05-22,15365.0,10.097257345666765
53,CLEANING,2016-05-29,12234.0,6.5806085636113965
53,CLEANING,2016-06-05,16941.0,7.116375291636365
53,DAIRY,2015-12-27,3371.0,5.100434885946824
53,DAIRY,2016-01-03,3813.0,6.67910361823165
53,DAIRY,2016-04-24,4245.0,7.358506827345355
53,DAIRY,2016-05-01,5721.0,14.26735314837298
53,DAIRY,2016-05-08,6373.0,16.421601690723506
53,DAIRY,2016-05-15,6403.0,13.341575462174411
53,DAIRY,2016-05-22,6672.0,14.282897730894495
53,DAIRY,2016-05-29,6249.0,12.693026654985378
53,DAIRY,2016-06-05,7766.0,7.458895560878563
53,DELI,2015-11-01,893.923,-9.4248337465205
53,DELI,2016-05-01,2489.581,8.862139268325988
53,DELI,2016-05-08,2870.33102,10.761947069318786
53,DELI,2016-05-15,2652.906,8.57540043790333
53,DELI,2016-05-22,2660.785,6.040094873819119
53,DELI,2016-05-29,2696.5519999999997,5.779288023740519
53,EGGS,2015-01-04,694.0,5.395926075812762
53,EGGS,2015-05-03,632.0,7.11962468336406
53,EGGS,2015-05-31,668.0,7.17412898716015
53,EGGS,2016-04-24,1181.0,10.698172879475996
53,EGGS,2016-05-01,1139.0,9.570476992573312
53,EGGS,2016-05-08,1092.0,8.713691433238177
53,EGGS,2016-05-15,1086.0,8.203265993634266
53,EGGS,2016-05-22,1142.0,9.187657912870378
53,EGGS,2016-05-29,1040.0,5.110564600649587
53,EGGS,2017-06-18,796.0,5.4521336391024775
53,FROZEN FOODS,2014-12-14,1119.156,5.907759276042325
53,FROZEN FOODS,2014-12-21,2372.173,18.607137276596106
53,FROZEN FOODS,2014-12-28,3104.184,25.85364630414573
53,FROZEN FOODS,2015-01-04,2629.93403,21.014245033880066
53,FROZEN FOODS,2015-12-13,1384.838,5.066189118338249
53,FROZEN FOODS,2015-12-20,6215.25599,43.23594268114799
53,FROZEN FOODS,2015-12-27,7506.152,53.43654626008657
53,FROZEN FOODS,2016-01-03,3436.51806,21.202454341664396
53,FROZEN FOODS,2016-12-18,5481.898,17.050660021906356
53,FROZEN FOODS,2016-12-25,6964.4381,22.63891058851007
53,FROZEN FOODS,2017-01-01,5135.764,15.7030650924051
53,GROCERY I,2014-07-27,10880.0,-25.397642961382342
53,GROCERY I,2014-12-21,16764.0,5.075859415149606
53,GROCERY I,2014-12-28,17787.0,5.577658840765571
53,GROCERY I,2015-01-04,17869.0,5.438420801946006
53,GROCERY I,2015-04-05,15119.0,9.37630904456609
53,GROCERY I,2015-05-03,14950.0,5.131771900048164
53,GROCERY I,2015-12-20,23098.0,10.72749706998739
53,GROCERY I,2015-12-27,21969.0,9.048195786094542
53,GROCERY I,2016-01-03,24882.0,12.528177095857846
53,GROCERY I,2016-04-24,32747.0,10.472688864588088
53,GROCERY I,2016-05-01,30431.0,9.087543160233174
53,GROCERY I,2016-05-08,34723.0,10.759372660800006
53,GROCERY I,2016-05-15,32189.0,9.387655498268952
53,GROCERY I,2016-05-22,32675.0,9.011872621918299
53,GROCERY I,2016-05-29,33606.0,8.266159607765502
53,GROCERY I,2016-06-05,42315.0,8.133546672262442
53,GROCERY I,2016-12-25,41934.0,5.150555315854347
53,GROCERY II,2015-01-04,176.0,5.188390457512271
53,GROCERY II,2015-05-10,122.0,7.7566437339808445
53,GROCERY II,2015-12-20,380.0,23.682119999400456
53,GROCERY II,2015-12-27,181.0,8.768379873195737
53,GROCERY II,2016-01-03,220.0,8.768379873195737
53,GROCERY II,2016-05-08,217.0,5.775327128018347
53,GROCERY II,2016-12-25,686.0,20.696216461834474
53,GROCERY II,2017-01-01,339.0,8.235887168345794
53,HARDWARE,2015-04-19,13.0,5.395926075812762
53,HOME AND KITCHEN I,2014-12-28,250.0,6.35441294454266
53,HOME AND KITCHEN I,2015-02-01,360.0,9.868864796552288
53,HOME AND KITCHEN I,2016-05-15,418.0,7.675239676802636
53,HOME AND KITCHEN I,2016-05-22,365.0,5.691015783083772
53,HOME AND KITCHEN I,2016-12-25,428.0,7.306983227663115
53,HOME AND KITCHEN I,2017-01-01,454.0,7.953370205494852
53,HOME AND KITCHEN I,2017-01-08,362.0,5.142992041009038
53,HOME AND KITCHEN II,2015-01-11,76.0,6.239039525158506
53,HOME AND KITCHEN II,2015-04-19,222.0,7.374432303610774
53,HOME AND KITCHEN II,2015-08-23,160.0,12.815324430055309
53,HOME AND KITCHEN II,2015-09-06,328.0,22.173883717793068
53,HOME AND KITCHEN II,2015-09-27,324.0,12.60778881175482
53,HOME AND KITCHEN II,2015-10-04,349.0,13.904886426132887
53,HOME AND KITCHEN II,2015-10-11,215.0,6.952443213066443
53,HOME CARE,2015-01-11,0.0,-10.35402481652668
53,HOME CARE,2015-01-18,0.0,-9.939863823865613
53,HOME CARE,2015-01-25,0.0,-9.596701858517871
53,HOME CARE,2015-02-01,0.0,-6.439780822621778
53,HOME CARE,2016-04-24,2177.0,10.099842151643044
53,HOME CARE,2016-05-01,1945.0,8.032571771948543
53,HOME CARE,2016-05-08,2053.0,7.681700316261223
53,HOME CARE,2016-05-15,1976.0,6.802311063657577
53,HOME CARE,2016-05-22,2822.0,7.423536334362036
53,HOME CARE,2016-06-05,4445.0,9.159022438059266
53,LAWN AND GARDEN,2015-05-31,24.0,6.070416835289357
53,LAWN AND GARDEN,2015-11-08,57.0,34.39902873330636
53,LAWN AND GARDEN,2015-11-29,15.0,6.070416835289357
53,LAWN AND GARDEN,2015-12-13,21.0,10.117361392148927
53,LAWN AND GARDEN,2015-12-20,28.0,7.4193983542425475
53,LAWN AND GARDEN,2015-12-27,37.0,6.744907594765952
53,LAWN AND GARDEN,2016-12-18,129.0,6.137865911237016
53,LAWN AND GARDEN,2017-02-19,456.0,13.418816162218578
53,LAWN AND GARDEN,2017-05-14,577.0,20.43310241943803
53,LINGERIE,2016-05-01,57.0,6.4076622150276545
53,LINGERIE,2016-05-08,52.0,5.56454876568191
53,LINGERIE,2016-05-15,1435.0,238.0952380952381
53,LINGERIE,2016-05-22,821.0,107.51382706056928
53,LINGERIE,2016-09-04,36.0,-5.73317145555106
53,LINGERIE,2016-09-11,21.0,-10.791852151625523
53,LINGERIE,2016-09-25,27.0,-5.845586582130491
53,LINGERIE,2017-05-07,63.0,5.56454876568191
53,"LIQUOR,WINE,BEER",2014-10-26,714.0,7.001856455518941
53,"LIQUOR,WINE,BEER",2014-11-30,694.0,6.6806703795777045
53,"LIQUOR,WINE,BEER",2014-12-14,1983.0,21.66153016011373
53,"LIQUOR,WINE,BEER",2014-12-28,1253.0,5.772847382579094
53,"LIQUOR,WINE,BEER",2015-01-04,2008.0,8.93423825667359
53,"LIQUOR,WINE,BEER",2015-02-15,2756.0,10.855655331576013
53,"LIQUOR,WINE,BEER",2015-06-21,7800.0,76.17594869719515
53,"LIQUOR,WINE,BEER",2015-10-11,925.0,8.274850049188473
53,"LIQUOR,WINE,BEER",2015-11-15,861.0,5.287525775182594
53,"LIQUOR,WINE,BEER",2015-11-29,1440.0,11.39889383515446
53,"LIQUOR,WINE,BEER",2015-12-06,1393.0,10.78061063896758
53,"LIQUOR,WINE,BEER",2015-12-20,1944.0,15.28174586396226
53,"LIQUOR,WINE,BEER",2015-12-27,1315.0,8.369385339420852
53,"LIQUOR,WINE,BEER",2016-01-03,1785.0,11.974520880570786
53,"LIQUOR,WINE,BEER",2016-02-07,1826.0,8.081736127061905
53,"LIQUOR,WINE,BEER",2016-05-08,1708.0,14.701612147235616
53,"LIQUOR,WINE,BEER",2016-05-15,1029.0,6.939252389869377
53,"LIQUOR,WINE,BEER",2016-05-22,1104.0,7.75092771059545
53,"LIQUOR,WINE,BEER",2016-12-25,2021.0,5.040150730154777
53,MAGAZINES,2014-12-28,12.0,5.395926075812762
53,MAGAZINES,2015-04-26,12.0,8.093889113719143
53,MAGAZINES,2015-05-10,13.0,8.768379873195737
53,MAGAZINES,2015-05-17,14.0,9.442870632672333
53,MAGAZINES,2015-05-24,10.0,6.070416835289357
53,MAGAZINES,2015-10-25,40.0,5.56454876568191
53,MAGAZINES,2016-04-24,63.0,9.218040379513468
53,MAGAZINES,2016-05-08,73.0,6.340213139079995
53,MEATS,2014-08-10,1124.865,-21.08222895250873
53,MEATS,2016-03-27,1093.377,-5.723710885562338
53,MEATS,2016-04-17,1157.874,-7.73930733418044
53,MEATS,2016-04-24,1966.3069999,5.453968075568143
53,MEATS,2016-05-01,2361.7870000000003,6.831206757521045
53,MEATS,2016-05-08,2746.28798,9.341636678861821
53,MEATS,2016-05-15,2717.20098,9.138028053338804
53,MEATS,2017-04-23,2388.7920200000003,5.399160116144269
53,PERSONAL CARE,2016-04-24,2741.0,7.241900785959232
53,PERSONAL CARE,2016-05-01,3043.0,7.647206491549213
53,PERSONAL CARE,2016-05-08,3087.0,7.553431774394948
53,PERSONAL CARE,2016-05-15,9352.0,34.641153621323596
53,PERSONAL CARE,2016-05-22,10933.0,22.839405185255348
53,PERSONAL CARE,2016-06-05,9006.0,15.60904850171454
53,PET SUPPLIES,2014-10-19,16.0,7.4193983542425475
53,PET SUPPLIES,2014-11-16,16.0,6.7449075947659525
53,PET SUPPLIES,2014-11-23,19.0,8.093889113719143
53,PLAYERS AND ELECTRONICS,2014-09-21,17.0,6.7449075947659525
53,PLAYERS AND ELECTRONICS,2015-01-11,0.0,-5.395926075812762
53,PLAYERS AND ELECTRONICS,2015-01-18,0.0,-5.171095822653896
53,PLAYERS AND ELECTRONICS,2015-01-25,0.0,-5.171095822653896
53,PLAYERS AND ELECTRONICS,2016-01-03,46.0,6.7449075947659525
53,PLAYERS AND ELECTRONICS,2016-04-24,80.0,5.171095822653896
53,PLAYERS AND ELECTRONICS,2016-05-08,105.0,6.841263417548323
53,PLAYERS AND ELECTRONICS,2016-05-22,107.0,5.73317145555106
53,PLAYERS AND ELECTRONICS,2016-06-05,114.0,6.32335087009308
53,POULTRY,2014-12-14,1289.413,7.465731450930445
53,POULTRY,2014-12-21,1759.252,18.724381007648677
53,POULTRY,2015-12-20,3236.6960799999997,22.59592607040193
53,POULTRY,2015-12-27,3098.66502,9.399855964447548
53,POULTRY,2016-04-24,2114.324,6.52148770889283
53,POULTRY,2016-05-01,2334.071,7.848518481230249
53,POULTRY,2016-05-08,2638.53098,9.614774691751231
53,POULTRY,2016-05-15,2185.24001,5.8737659244835125
53,POULTRY,2016-05-22,2181.44302,5.838594503922512
53,POULTRY,2016-05-29,2083.52,5.227068756259967
53,POULTRY,2016-12-25,3703.512,14.66891299677286
53,PREPARED FOODS,2016-05-08,1029.743,6.321967061471188
53,PRODUCE,2014-07-20,9929.512999999999,514.5074142099638
53,PRODUCE,2014-07-27,8305.5101,214.78665597858233
53,PRODUCE,2014-08-03,4875.79103,121.12832386548156
53,PRODUCE,2014-09-07,9423.001,218.46525442256615
53,PRODUCE,2014-09-14,8373.152,194.024290970662
53,PRODUCE,2014-12-21,11559.957,6.448638642585051
53,PRODUCE,2014-12-28,12359.051,8.177878293110075
53,PRODUCE,2015-01-11,37.0,-14.963918758513909
53,PRODUCE,2015-01-18,33.0,-14.835585723316257
53,PRODUCE,2015-01-25,26.0,-14.748240457082165
53,PRODUCE,2015-02-01,32.0,-10.277905072197608
53,PRODUCE,2015-02-08,31.0,-9.078061313597846
53,PRODUCE,2015-06-07,11569.672,1297.5709339448717
53,PRODUCE,2015-06-14,10810.516,1211.5558253518593
53,PRODUCE,2015-06-21,11375.157,1275.0300148387967
53,PRODUCE,2015-06-28,10485.399,881.0871947929313
53,PRODUCE,2015-07-05,11680.5629,981.5158252394443
53,PRODUCE,2015-07-12,11418.439999999999,697.5730596127197
53,PRODUCE,2015-07-19,11036.3711,617.9106018705877
53,PRODUCE,2015-12-27,15230.967,5.3887276287785655
53,PRODUCE,2016-01-03,17004.304900000003,7.3509851669461055
53,PRODUCE,2016-04-17,8518.062,-7.937993086069671
53,PRODUCE,2016-05-01,18131.011,7.896565538106631
53,PRODUCE,2016-05-08,21192.324,10.72528168679931
53,PRODUCE,2016-05-15,20970.752,10.48129363907285
53,PRODUCE,2016-05-22,21654.297,5.5693548586575625
53,PRODUCE,2016-05-29,22403.045000000002,5.610256306773144
53,PRODUCE,2016-06-05,25472.198,5.416965382949343
53,SCHOOL AND OFFICE SUPPLIES,2016-05-01,13.0,7.4193983542425475
53,SCHOOL AND OFFICE SUPPLIES,2016-05-08,13.0,7.4193983542425475
53,SCHOOL AND OFFICE SUPPLIES,2016-07-31,32.0,7.0821529745042495
53,SCHOOL AND OFFICE SUPPLIES,2017-04-09,134.0,18.07635235397275
53,SCHOOL AND OFFICE SUPPLIES,2017-04-16,262.0,35.34331579657359
53,SCHOOL AND OFFICE SUPPLIES,2017-04-30,45.0,5.058680696074464
53,SEAFOOD,2017-04-23,26.0,-5.395926075812762
54,BEAUTY,2015-03-22,10.0,5.395926075812762
54,BEAUTY,2015-03-29,10.0,5.395926075812762
54,BEVERAGES,2014-01-05,6937.0,6.936049927256062
54,BEVERAGES,2014-01-12,8059.0,8.709633903821969
54,BEVERAGES,2014-01-19,7430.0,7.211698025133882
54,BEVERAGES,2014-01-26,7825.0,8.003957012455597
54,BEVERAGES,2014-07-06,9771.0,8.526915400829415
54,BEVERAGES,2014-07-13,9234.0,7.662472589757979
54,BEVERAGES,2014-07-20,9069.0,7.137689803148504
54,BEVERAGES,2014-07-27,8720.0,6.228173623902022
54,BEVERAGES,2015-01-11,4496.0,-6.694122408170067
54,BEVERAGES,2015-01-18,4292.0,-6.809584790880146
54,BEVERAGES,2015-01-25,4659.0,-6.244429291501355
54,BEVERAGES,2015-05-31,11502.0,7.448443410870726
54,BEVERAGES,2015-06-07,11418.0,6.948067462078179
54,BEVERAGES,2015-06-14,10929.0,6.428994001095439
54,BEVERAGES,2015-06-21,10404.0,5.285203948127598
54,BEVERAGES,2016-04-24,16671.0,10.320169547617972
54,BEVERAGES,2016-12-04,18667.0,6.294665380160618
54,BEVERAGES,2017-06-11,35520.0,12.983210776300574
54,BEVERAGES,2017-06-18,30054.0,7.040813218278265
54,BEVERAGES,2017-06-25,29960.0,6.999908617380975
54,BREAD/BAKERY,2016-04-24,2198.0,8.394815760254854
54,CELEBRATION,2016-07-31,57.0,5.171095822653896
54,CLEANING,2014-07-06,8020.0,7.487990634867287
54,CLEANING,2015-11-08,8941.0,7.937604669450175
54,CLEANING,2017-01-08,9396.0,5.115658225984587
54,CLEANING,2017-05-14,13676.0,5.591150259129325
54,DAIRY,2013-11-10,982.0,15.034616606397654
54,DAIRY,2013-11-17,1038.0,16.25305152674247
54,DAIRY,2013-11-24,978.0,14.947585540658737
54,DAIRY,2013-12-01,1255.0,16.65473336861439
54,DAIRY,2013-12-08,1361.0,16.6897248391418
54,DAIRY,2013-12-15,1235.0,13.939475695849634
54,DAIRY,2013-12-22,1033.0,6.839906293283783
54,DELI,2014-01-12,1090.0,5.951389054205252
54,EGGS,2013-05-19,409.0,7.499422681638075
54,EGGS,2013-05-26,426.0,7.789280383632938
54,EGGS,2014-02-02,362.0,5.890552632762265
54,FROZEN FOODS,2013-12-22,590.0740000000001,35.02077894559139
54,FROZEN FOODS,2013-12-29,746.10799,46.13488505161876
54,FROZEN FOODS,2014-01-05,452.630996,17.569929507514264
54,FROZEN FOODS,2014-12-21,727.003,23.58825530351066
54,FROZEN FOODS,2014-12-28,1314.405,32.94782768745555
54,FROZEN FOODS,2015-01-04,614.815998,8.156120882789327
54,FROZEN FOODS,2015-12-20,668.596002,16.698705052685224
54,FROZEN FOODS,2015-12-27,1585.28499,50.995697835634104
54,FROZEN FOODS,2016-01-03,729.9350000000001,18.91474436800216
54,FROZEN FOODS,2016-05-22,474.483,5.018185846783922
54,FROZEN FOODS,2016-12-18,639.980995,5.469316094428392
54,FROZEN FOODS,2016-12-25,2215.957005,28.001727117222277
54,FROZEN FOODS,2017-01-01,1510.556,17.22189368888028
54,GROCERY I,2016-04-24,36420.0,8.885612790914289
54,GROCERY I,2017-05-21,40393.0,9.808487057523948
54,GROCERY II,2013-11-24,9.0,-11.803588290840416
54,GROCERY II,2013-12-01,27.0,-5.73317145555106
54,GROCERY II,2013-12-29,117.0,8.655964746616304
54,GROCERY II,2014-01-05,120.0,5.395926075812762
54,GROCERY II,2014-12-21,129.0,18.436080759026936
54,GROCERY II,2014-12-28,132.0,11.19654660731148
54,GROCERY II,2015-01-04,147.0,13.220018885741267
54,GROCERY II,2015-12-20,101.0,5.2610279239174425
54,GROCERY II,2015-12-27,133.0,9.307972480777014
54,GROCERY II,2016-01-03,157.0,12.410629974369352
54,GROCERY II,2016-07-24,19.0,-6.576284904896803
54,GROCERY II,2017-08-13,119.0,7.515754177024918
54,HARDWARE,2015-01-04,18.0,9.442870632672333
54,HARDWARE,2016-04-24,19.0,9.442870632672333
54,HOME AND KITCHEN I,2014-11-09,211.0,5.6368156327686885
54,HOME AND KITCHEN I,2015-10-04,196.0,5.058680696074464
54,HOME AND KITCHEN I,2015-10-18,218.0,5.676963892261343
54,HOME AND KITCHEN II,2014-10-26,52.0,7.4193983542425475
54,HOME AND KITCHEN II,2014-11-30,99.0,7.824092809928505
54,HOME AND KITCHEN II,2014-12-21,110.0,7.644228607401412
54,HOME AND KITCHEN II,2014-12-28,127.0,9.105625252934034
54,HOME AND KITCHEN II,2015-08-23,385.0,23.8320068348397
54,HOME AND KITCHEN II,2015-08-30,251.0,13.639702024971148
54,HOME AND KITCHEN II,2015-09-27,196.0,5.251392341639206
54,HOME AND KITCHEN II,2015-10-04,201.0,5.395926075812762
54,HOME AND KITCHEN II,2016-04-03,234.0,7.644228607401413
54,HOME AND KITCHEN II,2016-04-10,249.0,8.228787265614462
54,HOME CARE,2014-11-09,1623.0,5.673657565009006
54,HOME CARE,2015-01-04,724.0,-8.15104934757309
54,HOME CARE,2015-01-11,0.0,-16.096321853271967
54,HOME CARE,2015-01-18,0.0,-15.707632263065115
54,HOME CARE,2015-01-25,0.0,-11.432191480242544
54,HOME CARE,2015-02-01,0.0,-8.684068528261164
54,HOME CARE,2015-02-08,0.0,-7.992417052558947
54,HOME CARE,2015-02-15,0.0,-7.920789715269397
54,HOME CARE,2015-07-05,1682.0,240.11871037366788
54,HOME CARE,2016-04-24,2453.0,7.576779531453752
54,LINGERIE,2014-04-13,59.0,7.4193983542425475
54,LINGERIE,2014-05-04,66.0,8.43113449345744
54,LINGERIE,2014-05-11,75.0,11.46634291110212
54,"LIQUOR,WINE,BEER",2013-12-29,518.0,16.10346688250371
54,"LIQUOR,WINE,BEER",2014-01-05,451.0,13.279036827195467
54,"LIQUOR,WINE,BEER",2014-12-28,314.0,7.681700316261224
54,"LIQUOR,WINE,BEER",2015-01-04,429.0,11.99094683513947
54,"LIQUOR,WINE,BEER",2015-02-08,196.0,6.070416835289357
54,"LIQUOR,WINE,BEER",2015-02-15,323.0,8.94824407572283
54,"LIQUOR,WINE,BEER",2015-12-27,382.0,9.879305829980717
54,"LIQUOR,WINE,BEER",2016-01-03,395.0,6.093675137340274
54,"LIQUOR,WINE,BEER",2016-12-25,513.0,8.698604967042987
54,"LIQUOR,WINE,BEER",2017-01-01,489.0,8.093889113719143
54,"LIQUOR,WINE,BEER",2017-07-16,512.0,16.322676379333604
54,MAGAZINES,2015-10-25,12.0,7.4193983542425475
54,MAGAZINES,2016-05-01,17.0,8.093889113719143
54,MEATS,2015-12-27,263.029,-10.681509770949424
54,MEATS,2016-01-03,230.644002,-14.283649397003003
54,PERSONAL CARE,2013-05-05,1271.0,7.749468300369392
54,PERSONAL CARE,2013-06-09,1211.0,6.373937677053825
54,PERSONAL CARE,2014-03-30,1305.0,5.697671941894396
54,PERSONAL CARE,2014-09-21,810.0,-5.089339366959764
54,PERSONAL CARE,2014-09-28,784.0,-5.620756328971627
54,PERSONAL CARE,2016-04-24,2600.0,5.854167889502968
54,PERSONAL CARE,2016-10-30,1127.0,-5.713333492037042
54,PERSONAL CARE,2016-11-20,1142.0,-5.197546440672586
54,PLAYERS AND ELECTRONICS,2015-12-27,58.0,6.4076622150276545
54,PLAYERS AND ELECTRONICS,2016-04-24,50.0,6.969737847924817
54,POULTRY,2013-11-10,455.74699999999996,11.7438514230672
54,POULTRY,2013-11-17,396.549002,5.594124023573073
54,POULTRY,2013-11-24,416.970998,6.157478292922113
54,POULTRY,2013-12-01,471.37100499999997,7.609071369699397
54,POULTRY,2013-12-08,444.658,5.06180928952109
54,POULTRY,2013-12-22,663.037997,8.604141483394612
54,POULTRY,2014-12-28,716.250002,5.331584106621595
54,POULTRY,2016-02-21,269.372002,-5.0031862267521205
54,PREPARED FOODS,2013-05-12,361.0,5.492281898595133
54,PREPARED FOODS,2013-06-09,429.0,5.800620531498719
54,PRODUCE,2015-01-04,1980.8429999999998,-5.694413551156298
54,PRODUCE,2015-01-11,0.0,-10.204235822214812
54,PRODUCE,2015-01-18,0.0,-9.916401504410826
54,PRODUCE,2015-01-25,0.0,-7.3664530035508236
54,PRODUCE,2015-02-01,0.0,-5.284834689270631
54,PRODUCE,2015-02-08,0.0,-5.089578481020534
54,PRODUCE,2015-12-27,5027.443,5.571436116048149
54,PRODUCE,2016-04-03,4383.41,11.04871125589358
54,PRODUCE,2016-04-10,4348.091,10.031097452649103
54,PRODUCE,2016-04-17,3814.513,-5.342393810059066
54,PRODUCE,2016-04-24,4854.76,7.927123373350778
54,SEAFOOD,2013-07-21,1.0,-5.058680696074464
54,SEAFOOD,2013-07-28,0.0,-5.395926075812762
54,SEAFOOD,2014-02-02,41.0,5.56454876568191
54,SEAFOOD,2014-02-09,45.0,6.239039525158506
54,SEAFOOD,2016-04-24,35.0,6.070416835289357
54,SEAFOOD,2017-02-26,28.0,6.070416835289357
54,SEAFOOD,2017-03-05,42.0,10.791852151625523
